0704.0001 0705.0396
0704.0001 0704.2256
0704.0001 0704.0143
0704.0002 0704.1145
0704.0003 0704.3459
0704.0003 0705.0899
0704.0003 0704.0560
0704.0003 0705.0837
0704.0006 0705.0099
0704.0006 0704.0219
0704.0007 0704.3760
0704.0007 0705.0464
0704.0008 0704.3681
0704.0009 0704.2280
0704.0009 0704.3097
0704.0009 0704.1496
0704.0009 0704.1276
0704.0009 0704.3910
0704.0009 0704.0156
0704.0010 0704.2759
0704.0011 0704.0794
0704.0011 0704.1273
0704.0012 0704.1747
0704.0012 0705.0945
0704.0013 0704.0357
0704.0014 0704.2967
0704.0014 0704.0808
0704.0014 0705.0468
0704.0014 0704.1943
0704.0014 0704.2406
0704.0014 0705.0525
0704.0014 0704.1418
0704.0015 0704.2375
0704.0015 0704.0409
0704.0015 0704.1219
0704.0015 0704.0657
0704.0015 0704.3623
0704.0015 0704.3981
0704.0015 0704.0264
0704.0015 0704.1912
0704.0016 0704.2280
0704.0016 0704.2277
0704.0017 0704.3301
0704.0017 0704.1334
0704.0018 0704.1149
0704.0018 0705.0992
0704.0018 0704.1460
0704.0018 0704.3679
0704.0018 0704.0586
0704.0019 0705.0808
0704.0019 0704.3698
0704.0019 0704.1340
0704.0020 0704.1800
0704.0020 0705.0562
0704.0021 0704.2700
0704.0021 0704.1166
0704.0021 0704.1879
0704.0021 0704.0264
0704.0022 0704.1980
0704.0022 0704.1595
0704.0022 0704.0544
0704.0023 0704.2896
0704.0023 0705.0090
0704.0023 0704.3245
0704.0023 0704.1920
0704.0024 0705.0795
0704.0024 0704.0610
0704.0024 0704.3837
0704.0024 0704.1601
0704.0024 0705.0804
0704.0024 0704.3515
0704.0024 0704.2970
0704.0024 0705.0787
0704.0024 0704.1166
0704.0024 0704.3788
0704.0024 0704.3277
0704.0024 0704.3870
0704.0024 0705.0364
0704.0024 0704.3103
0704.0025 0704.1135
0704.0026 0705.0518
0704.0026 0704.1256
0704.0026 0704.0649
0704.0026 0704.0846
0704.0026 0704.0902
0704.0027 0704.3460
0704.0028 0704.2694
0704.0028 0704.0096
0704.0028 0705.0536
0704.0028 0704.3122
0704.0028 0704.1778
0704.0028 0704.2063
0704.0028 0705.0168
0704.0028 0704.1789
0704.0029 0704.0668
0704.0029 0705.0398
0704.0030 0705.0529
0704.0030 0704.2788
0704.0030 0704.0915
0704.0030 0704.3673
0704.0031 0704.3719
0704.0031 0704.1049
0704.0033 0704.2159
0704.0034 0705.0931
0704.0034 0704.2529
0704.0034 0705.0350
0704.0034 0704.0005
0704.0034 0704.0771
0704.0034 0704.0461
0704.0034 0704.3719
0704.0034 0705.0424
0704.0034 0704.1329
0704.0034 0704.1180
0704.0034 0704.1037
0704.0034 0705.0914
0704.0034 0705.0620
0704.0034 0705.0784
0704.0034 0704.1939
0704.0035 0704.2977
0704.0035 0704.0593
0704.0035 0704.2523
0704.0035 0704.0038
0704.0036 0705.0912
0704.0036 0705.0646
0704.0037 0704.0703
0704.0038 0704.3899
0704.0038 0704.3376
0704.0038 0704.3365
0704.0038 0704.0206
0704.0038 0705.0725
0704.0038 0704.1055
0704.0038 0704.0681
0704.0038 0705.0428
0704.0038 0705.0507
0704.0039 0704.3469
0704.0039 0704.1542
0704.0039 0705.0822
0704.0040 0705.0416
0704.0041 0704.1649
0704.0042 0704.3062
0704.0042 0704.3591
0704.0042 0704.2019
0704.0042 0705.0316
0704.0043 0704.2774
0704.0043 0704.2401
0704.0043 0704.1179
0704.0043 0704.2202
0704.0043 0704.0526
0704.0043 0705.0786
0704.0045 0705.0819
0704.0046 0704.1043
0704.0046 0704.0484
0704.0046 0704.3035
0704.0046 0704.0516
0704.0046 0704.1879
0704.0049 0704.3980
0704.0049 0704.2284
0704.0049 0704.1313
0704.0049 0704.3283
0704.0050 0704.1085
0704.0051 0705.0676
0704.0052 0704.1992
0704.0053 0704.0929
0704.0053 0705.0221
0704.0053 0704.1871
0704.0053 0704.2907
0704.0053 0704.3536
0704.0053 0704.3474
0704.0053 0704.0943
0704.0054 0705.0488
0704.0054 0704.0656
0704.0054 0704.0498
0704.0054 0704.3302
0704.0054 0704.2984
0704.0054 0704.0809
0704.0054 0704.3332
0704.0055 0704.2441
0704.0055 0704.1572
0704.0055 0704.1018
0704.0056 0704.1150
0704.0056 0705.0749
0704.0057 0704.0383
0704.0057 0704.2523
0704.0057 0704.0805
0704.0057 0704.3636
0704.0057 0704.1187
0704.0057 0704.1402
0704.0057 0705.0511
0704.0059 0704.1940
0704.0059 0704.1366
0704.0059 0704.0223
0704.0059 0704.0944
0704.0060 0704.3945
0704.0061 0704.3108
0704.0061 0704.1351
0704.0061 0705.0908
0704.0061 0704.2834
0704.0061 0704.0099
0704.0063 0704.3729
0704.0063 0705.0624
0704.0064 0704.3913
0704.0064 0705.0552
0704.0065 0704.3988
0704.0066 0704.1653
0704.0066 0704.1786
0704.0067 0704.2621
0704.0067 0704.0413
0704.0067 0704.0471
0704.0067 0704.2572
0704.0067 0704.2761
0704.0067 0704.0183
0704.0067 0704.3970
0704.0067 0704.3928
0704.0068 0705.0118
0704.0069 0705.0670
0704.0069 0704.0563
0704.0069 0704.1975
0704.0069 0704.0942
0704.0069 0704.1284
0704.0069 0705.0880
0704.0069 0704.1006
0704.0069 0704.2879
0704.0069 0704.0558
0704.0069 0705.0188
0704.0070 0704.3310
0704.0070 0704.1479
0704.0071 0705.0665
0704.0072 0704.0041
0704.0072 0704.1332
0704.0072 0705.0785
0704.0072 0705.0286
0704.0072 0704.0669
0704.0072 0705.0634
0704.0072 0704.2498
0704.0072 0704.2730
0704.0073 0704.2214
0704.0073 0704.1958
0704.0073 0704.1739
0704.0073 0704.2577
0704.0074 0704.1074
0704.0075 0704.3625
0704.0075 0704.3748
0704.0076 0704.0596
0704.0078 0704.2889
0704.0078 0704.0431
0704.0078 0704.0603
0704.0079 0705.0143
0704.0080 0704.3168
0704.0080 0704.2217
0704.0080 0704.2338
0704.0080 0704.3031
0704.0080 0704.0735
0704.0081 0704.3107
0704.0081 0705.0450
0704.0082 0704.3046
0704.0082 0704.0065
0704.0082 0705.0334
0704.0082 0704.3868
0704.0083 0704.1725
0704.0083 0704.0595
0704.0083 0704.2170
0704.0083 0704.1103
0704.0083 0704.3626
0704.0083 0704.0948
0704.0083 0704.3129
0704.0084 0705.0531
0704.0085 0704.2310
0704.0086 0705.0053
0704.0086 0704.1976
0704.0086 0704.1223
0704.0086 0704.3758
0704.0086 0705.0143
0704.0086 0704.2166
0704.0087 0705.0712
0704.0087 0704.0433
0704.0087 0704.0759
0704.0088 0704.0363
0704.0088 0704.1897
0704.0090 0704.2147
0704.0091 0704.3621
0704.0092 0705.0594
0704.0092 0704.2568
0704.0095 0704.2062
0704.0095 0704.2967
0704.0095 0704.0297
0704.0095 0704.3028
0704.0096 0705.0346
0704.0096 0704.0400
0704.0096 0704.2435
0704.0096 0704.2048
0704.0096 0704.2679
0704.0096 0704.1401
0704.0096 0705.0593
0704.0096 0704.2904
0704.0096 0704.0845
0704.0096 0704.3032
0704.0096 0705.0863
0704.0096 0704.2062
0704.0096 0705.0120
0704.0097 0704.1268
0704.0097 0704.3580
0704.0098 0704.1941
0704.0099 0704.1452
0704.0100 0704.2725
0704.0100 0704.0144
0704.0100 0704.0849
0704.0101 0704.2034
0704.0101 0705.0489
0704.0101 0704.2334
0704.0102 0704.3137
0704.0102 0704.2410
0704.0102 0704.1013
0704.0103 0704.0986
0704.0103 0704.2505
0704.0103 0704.1035
0704.0103 0705.0228
0704.0103 0705.0696
0704.0103 0705.0319
0704.0103 0704.3775
0704.0103 0704.2869
0704.0103 0704.2468
0704.0104 0704.2285
0704.0104 0704.3819
0704.0104 0704.2833
0704.0104 0704.2555
0704.0104 0705.0585
0704.0104 0704.2289
0704.0104 0704.3725
0704.0104 0704.0433
0704.0104 0704.0571
0704.0104 0704.2810
0704.0105 0704.2639
0704.0105 0704.3277
0704.0106 0705.0391
0704.0107 0704.0090
0704.0107 0704.0947
0704.0108 0705.0757
0704.0108 0704.0468
0704.0108 0704.1678
0704.0109 0704.0244
0704.0109 0704.0891
0704.0109 0704.2523
0704.0109 0705.0888
0704.0110 0705.0640
0704.0110 0704.1128
0704.0110 0704.1560
0704.0110 0704.3387
0704.0110 0704.2802
0704.0110 0704.2090
0704.0110 0704.2050
0704.0110 0704.0365
0704.0110 0704.2797
0704.0110 0704.3687
0704.0110 0705.0729
0704.0111 0704.0014
0704.0112 0705.0409
0704.0112 0705.0933
0704.0113 0704.3947
0704.0113 0704.1616
0704.0113 0704.2985
0704.0113 0704.3928
0704.0113 0704.3449
0704.0114 0704.2706
0704.0115 0704.2675
0704.0115 0704.3301
0704.0115 0704.2425
0704.0115 0704.3093
0704.0115 0704.3145
0704.0115 0704.3995
0704.0115 0704.1891
0704.0116 0704.1573
0704.0117 0704.3107
0704.0118 0704.1427
0704.0119 0704.3329
0704.0119 0704.1469
0704.0120 0704.3659
0704.0120 0705.0972
0704.0120 0704.3518
0704.0120 0705.0754
0704.0120 0704.0001
0704.0120 0704.3526
0704.0120 0704.2537
0704.0121 0704.3811
0704.0122 0705.0773
0704.0122 0704.3879
0704.0122 0704.2211
0704.0123 0704.1392
0704.0124 0704.3448
0704.0124 0704.0767
0704.0124 0704.2789
0704.0124 0704.1689
0704.0124 0704.2748
0704.0125 0704.1349
0704.0125 0705.0134
0704.0125 0704.1843
0704.0125 0705.0719
0704.0125 0704.2545
0704.0126 0704.1295
0704.0126 0704.0380
0704.0126 0704.0406
0704.0127 0704.0598
0704.0127 0704.2306
0704.0128 0705.0714
0704.0129 0704.3487
0704.0129 0704.1797
0704.0129 0704.0687
0704.0129 0704.0877
0704.0129 0704.1102
0704.0129 0705.0510
0704.0129 0704.3525
0704.0129 0704.0248
0704.0129 0705.0143
0704.0130 0705.0377
0704.0130 0704.0413
0704.0131 0704.0903
0704.0131 0704.3742
0704.0132 0704.3808
0704.0133 0704.2918
0704.0133 0704.3628
0704.0134 0705.0502
0704.0134 0704.3707
0704.0134 0705.0488
0704.0135 0704.3845
0704.0135 0704.3689
0704.0135 0704.2126
0704.0135 0704.1277
0704.0136 0704.2273
0704.0137 0705.0269
0704.0138 0704.1125
0704.0138 0704.2252
0704.0139 0704.3069
0704.0139 0704.0662
0704.0139 0704.2605
0704.0139 0705.0427
0704.0139 0704.2455
0704.0139 0704.2624
0704.0139 0704.2160
0704.0140 0704.2229
0704.0140 0704.1755
0704.0140 0704.1254
0704.0140 0704.1234
0704.0142 0705.0444
0704.0143 0704.0512
0704.0144 0704.3443
0704.0145 0704.0162
0704.0145 0704.3618
0704.0145 0705.0774
0704.0145 0705.0718
0704.0145 0705.0032
0704.0145 0704.2991
0704.0146 0704.2884
0704.0146 0704.0109
0704.0147 0704.1934
0704.0147 0704.3435
0704.0148 0704.1808
0704.0148 0705.0237
0704.0148 0705.0001
0704.0148 0704.2662
0704.0148 0704.2855
0704.0148 0704.3928
0704.0149 0704.3981
0704.0149 0704.2284
0704.0151 0705.0628
0704.0151 0705.0853
0704.0151 0705.0158
0704.0151 0704.1029
0704.0151 0704.2517
0704.0151 0704.3234
0704.0151 0704.2171
0704.0151 0704.0038
0704.0151 0704.3155
0704.0152 0704.3707
0704.0152 0704.1492
0704.0152 0704.1072
0704.0152 0704.0612
0704.0152 0704.3787
0704.0154 0704.0807
0704.0154 0704.2768
0704.0154 0704.2558
0704.0154 0704.2681
0704.0155 0704.3107
0704.0156 0704.0160
0704.0156 0705.0421
0704.0156 0704.2284
0704.0156 0705.0404
0704.0156 0704.3900
0704.0156 0704.0835
0704.0158 0704.0357
0704.0158 0704.0565
0704.0159 0704.0331
0704.0160 0704.2239
0704.0160 0704.1770
0704.0160 0704.0168
0704.0161 0704.0532
0704.0161 0704.1179
0704.0161 0704.3883
0704.0162 0705.0436
0704.0162 0704.3812
0704.0162 0704.2101
0704.0162 0704.3759
0704.0163 0704.0636
0704.0163 0705.0975
0704.0163 0704.2864
0704.0164 0704.2216
0704.0164 0705.0743
0704.0164 0704.1670
0704.0164 0704.1432
0704.0164 0704.0212
0704.0164 0704.3145
0704.0165 0704.2743
0704.0165 0704.1627
0704.0165 0704.1575
0704.0165 0705.0207
0704.0165 0705.0528
0704.0165 0704.3253
0704.0167 0704.2474
0704.0167 0704.3790
0704.0167 0704.1429
0704.0167 0704.0619
0704.0167 0705.0920
0704.0168 0704.2847
0704.0168 0704.0458
0704.0169 0704.3037
0704.0171 0704.0104
0704.0172 0705.0014
0704.0173 0704.3572
0704.0173 0704.2987
0704.0173 0705.0731
0704.0173 0705.0406
0704.0173 0704.2245
0704.0173 0704.1794
0704.0173 0704.1255
0704.0173 0704.1444
0704.0174 0704.2214
0704.0175 0704.3572
0704.0175 0704.2835
0704.0175 0704.3813
0704.0175 0704.3247
0704.0175 0704.3803
0704.0176 0705.0852
0704.0177 0704.1580
0704.0177 0704.0422
0704.0177 0704.2288
0704.0178 0704.2217
0704.0178 0704.3482
0704.0178 0704.3107
0704.0178 0705.0669
0704.0179 0704.1435
0704.0179 0704.1740
0704.0179 0704.2529
0704.0179 0705.0026
0704.0179 0704.2910
0704.0179 0704.3959
0704.0180 0705.0884
0704.0180 0704.2056
0704.0180 0704.2764
0704.0181 0704.1568
0704.0181 0705.0233
0704.0181 0705.0864
0704.0181 0704.1897
0704.0181 0704.0035
0704.0183 0705.0001
0704.0184 0705.0020
0704.0184 0704.2189
0704.0184 0705.0448
0704.0185 0704.1819
0704.0185 0704.2414
0704.0185 0704.0321
0704.0185 0704.0067
0704.0186 0704.1429
0704.0186 0705.0765
0704.0186 0704.1753
0704.0187 0704.3135
0704.0187 0704.3488
0704.0188 0704.3397
0704.0188 0704.2884
0704.0189 0704.2600
0704.0189 0704.2513
0704.0190 0704.1579
0704.0190 0704.3029
0704.0190 0705.0793
0704.0191 0704.1518
0704.0191 0704.1547
0704.0192 0704.3968
0704.0193 0704.3435
0704.0193 0705.0298
0704.0193 0704.1175
0704.0194 0704.0825
0704.0195 0704.2503
0704.0195 0704.3007
0704.0195 0704.2959
0704.0196 0704.0075
0704.0196 0705.0375
0704.0197 0704.0448
0704.0197 0704.0374
0704.0197 0705.0532
0704.0198 0704.0842
0704.0198 0705.0097
0704.0198 0705.0021
0704.0198 0704.1205
0704.0199 0704.2331
0704.0199 0705.0426
0704.0200 0704.1985
0704.0200 0704.1512
0704.0200 0704.2673
0704.0201 0704.3916
0704.0201 0704.2701
0704.0201 0705.0946
0704.0202 0704.0537
0704.0203 0704.0792
0704.0203 0705.0726
0704.0204 0704.0441
0704.0205 0704.0873
0704.0205 0704.2036
0704.0205 0704.2756
0704.0206 0705.0361
0704.0206 0704.3853
0704.0206 0704.3837
0704.0206 0704.1705
0704.0206 0704.3701
0704.0206 0704.3815
0704.0206 0704.2154
0704.0206 0704.0814
0704.0206 0704.2173
0704.0206 0704.0495
0704.0206 0704.1731
0704.0206 0704.3816
0704.0206 0704.1506
0704.0206 0705.0666
0704.0207 0704.1288
0704.0207 0704.3368
0704.0208 0705.0520
0704.0211 0704.3650
0704.0211 0704.2387
0704.0211 0704.3058
0704.0213 0705.0834
0704.0213 0704.0282
0704.0213 0704.2172
0704.0213 0704.1269
0704.0213 0704.1624
0704.0213 0704.3683
0704.0213 0704.1694
0704.0214 0704.2553
0704.0214 0704.1468
0704.0214 0704.1657
0704.0214 0704.3179
0704.0214 0704.1167
0704.0214 0704.2180
0704.0216 0704.1428
0704.0216 0705.0874
0704.0217 0704.3644
0704.0217 0704.3302
0704.0217 0704.2353
0704.0217 0704.2495
0704.0217 0704.2659
0704.0217 0704.3845
0704.0217 0704.0831
0704.0218 0705.0422
0704.0218 0704.2057
0704.0218 0704.1571
0704.0218 0704.1358
0704.0218 0704.2646
0704.0218 0704.1707
0704.0218 0705.0086
0704.0218 0705.0951
0704.0218 0705.0552
0704.0218 0704.1783
0704.0220 0705.0811
0704.0220 0705.0714
0704.0220 0705.0686
0704.0220 0705.0526
0704.0220 0704.3320
0704.0221 0705.0720
0704.0221 0704.1773
0704.0223 0704.3624
0704.0223 0705.0404
0704.0223 0705.0963
0704.0224 0704.1776
0704.0224 0704.2724
0704.0224 0704.0750
0704.0224 0704.0670
0704.0224 0704.3016
0704.0224 0705.0031
0704.0225 0704.3062
0704.0225 0704.3721
0704.0225 0704.2632
0704.0226 0704.2620
0704.0226 0704.1507
0704.0226 0704.0421
0704.0226 0704.3772
0704.0226 0704.3618
0704.0226 0704.2580
0704.0226 0705.0642
0704.0226 0704.3034
0704.0226 0704.3732
0704.0226 0704.0724
0704.0226 0704.2071
0704.0227 0704.3313
0704.0228 0704.3077
0704.0228 0704.3390
0704.0228 0704.3841
0704.0228 0704.0448
0704.0228 0704.0353
0704.0228 0704.1540
0704.0228 0704.0053
0704.0229 0705.0082
0704.0230 0705.0501
0704.0230 0704.1076
0704.0230 0704.1813
0704.0230 0704.0574
0704.0230 0704.2418
0704.0231 0704.3973
0704.0231 0704.2638
0704.0231 0705.0071
0704.0232 0704.3403
0704.0232 0705.0473
0704.0232 0704.1962
0704.0232 0704.1299
0704.0232 0704.3532
0704.0233 0704.0113
0704.0234 0704.0765
0704.0235 0704.1345
0704.0235 0704.1800
0704.0235 0704.0964
0704.0236 0705.0082
0704.0236 0704.1021
0704.0237 0704.2655
0704.0237 0704.2241
0704.0237 0705.0825
0704.0238 0704.1998
0704.0238 0705.0429
0704.0238 0705.0525
0704.0239 0705.0911
0704.0239 0704.2150
0704.0239 0704.1564
0704.0239 0704.0707
0704.0240 0705.0756
0704.0240 0704.0409
0704.0240 0704.0777
0704.0240 0705.0866
0704.0240 0704.2789
0704.0240 0705.0161
0704.0240 0704.1526
0704.0240 0704.3404
0704.0241 0705.0810
0704.0241 0705.0752
0704.0241 0704.0093
0704.0241 0704.2739
0704.0241 0704.2957
0704.0242 0705.0010
0704.0243 0704.2439
0704.0243 0705.0412
0704.0244 0705.0052
0704.0244 0704.2682
0704.0244 0704.1593
0704.0244 0704.3095
0704.0244 0704.2662
0704.0244 0704.3735
0704.0245 0704.1958
0704.0245 0704.2276
0704.0245 0705.0684
0704.0245 0705.0881
0704.0246 0704.1249
0704.0246 0705.0957
0704.0246 0704.3167
0704.0246 0704.3436
0704.0246 0704.2215
0704.0246 0704.2910
0704.0246 0704.0319
0704.0246 0704.3128
0704.0247 0704.0719
0704.0247 0705.0115
0704.0247 0704.2612
0704.0248 0704.2721
0704.0249 0704.0818
0704.0249 0704.2343
0704.0250 0704.1007
0704.0250 0704.0159
0704.0250 0704.1184
0704.0251 0704.1260
0704.0251 0704.3850
0704.0251 0704.0523
0704.0252 0704.3260
0704.0252 0704.1591
0704.0252 0704.1961
0704.0252 0704.0659
0704.0253 0705.0370
0704.0254 0704.2596
0704.0255 0704.3999
0704.0256 0704.0296
0704.0257 0704.2034
0704.0257 0704.2391
0704.0257 0705.0821
0704.0257 0704.1401
0704.0257 0704.1866
0704.0257 0704.0742
0704.0258 0704.1117
0704.0258 0705.0889
0704.0258 0704.1366
0704.0258 0704.1104
0704.0258 0705.0054
0704.0258 0704.2457
0704.0259 0704.2660
0704.0259 0704.0490
0704.0260 0704.2405
0704.0261 0704.1194
0704.0261 0705.0002
0704.0262 0704.1977
0704.0262 0704.2334
0704.0262 0704.1026
0704.0262 0704.3184
0704.0262 0705.0081
0704.0262 0704.0648
0704.0262 0704.3139
0704.0262 0704.1040
0704.0262 0705.0420
0704.0262 0704.3740
0704.0262 0704.0996
0704.0263 0704.3770
0704.0263 0704.0077
0704.0263 0704.1504
0704.0263 0704.2094
0704.0263 0704.2831
0704.0263 0704.3700
0704.0263 0704.3482
0704.0263 0705.0212
0704.0264 0704.1530
0704.0264 0704.2835
0704.0264 0704.1653
0704.0264 0704.3623
0704.0264 0704.1720
0704.0264 0704.3838
0704.0265 0704.2271
0704.0265 0704.3920
0704.0265 0704.2477
0704.0265 0704.3746
0704.0265 0704.2718
0704.0266 0704.3961
0704.0266 0704.3493
0704.0267 0704.3477
0704.0267 0705.0685
0704.0268 0704.2425
0704.0269 0704.0180
0704.0269 0704.2689
0704.0270 0704.2486
0704.0270 0704.3589
0704.0270 0704.0067
0704.0271 0704.0684
0704.0271 0705.0201
0704.0271 0704.2347
0704.0272 0704.2134
0704.0272 0704.1796
0704.0272 0704.3200
0704.0273 0704.2055
0704.0274 0704.2535
0704.0274 0704.0181
0704.0274 0704.0037
0704.0274 0704.0556
0704.0274 0704.3616
0704.0276 0704.0911
0704.0276 0704.2680
0704.0276 0704.2421
0704.0276 0704.1245
0704.0277 0705.0984
0704.0277 0704.3002
0704.0277 0704.0685
0704.0277 0704.1036
0704.0277 0705.0420
0704.0277 0704.0895
0704.0277 0705.0350
0704.0278 0704.1173
0704.0278 0704.1350
0704.0279 0704.3949
0704.0280 0704.0945
0704.0280 0704.3840
0704.0280 0704.3081
0704.0280 0704.2689
0704.0281 0704.1851
0704.0281 0704.1306
0704.0282 0705.0130
0704.0282 0704.3257
0704.0283 0704.2999
0704.0283 0704.2838
0704.0283 0705.0665
0704.0283 0704.0741
0704.0284 0704.0212
0704.0284 0705.0396
0704.0284 0704.1016
0704.0284 0704.0228
0704.0285 0704.3993
0704.0285 0704.2830
0704.0285 0704.2149
0704.0286 0704.3045
0704.0287 0704.2157
0704.0287 0705.0600
0704.0287 0704.0206
0704.0287 0705.0414
0704.0288 0704.0496
0704.0288 0704.3807
0704.0288 0704.1615
0704.0289 0704.3347
0704.0289 0705.0366
0704.0289 0704.1973
0704.0290 0704.1131
0704.0290 0704.0800
0704.0290 0704.2758
0704.0290 0704.0423
0704.0290 0705.0406
0704.0290 0704.1928
0704.0290 0705.0615
0704.0290 0704.0478
0704.0291 0704.3814
0704.0291 0704.3435
0704.0291 0705.0208
0704.0291 0705.0427
0704.0291 0704.3955
0704.0291 0705.0801
0704.0292 0704.1267
0704.0293 0704.3048
0704.0293 0704.3707
0704.0293 0704.2294
0704.0293 0704.3347
0704.0293 0704.0605
0704.0293 0704.3981
0704.0293 0705.0903
0704.0293 0704.0269
0704.0294 0704.3635
0704.0294 0704.1290
0704.0295 0705.0451
0704.0295 0704.1559
0704.0295 0704.2265
0704.0295 0704.1036
0704.0295 0704.1004
0704.0295 0705.0606
0704.0295 0704.3093
0704.0295 0704.3058
0704.0295 0704.3732
0704.0295 0705.0504
0704.0295 0704.0115
0704.0295 0704.0644
0704.0297 0705.0628
0704.0297 0704.2209
0704.0297 0704.0552
0704.0297 0704.1035
0704.0297 0704.0259
0704.0297 0704.3064
0704.0298 0704.2976
0704.0298 0704.2275
0704.0298 0705.0250
0704.0298 0704.3022
0704.0298 0704.0005
0704.0298 0704.1859
0704.0298 0704.1188
0704.0298 0704.3749
0704.0298 0704.1067
0704.0298 0704.2844
0704.0299 0704.1431
0704.0299 0704.3308
0704.0300 0704.0212
0704.0301 0704.2779
0704.0301 0705.0824
0704.0301 0704.1269
0704.0301 0704.2655
0704.0303 0704.1040
0704.0304 0705.0308
0704.0305 0704.0522
0704.0306 0705.0650
0704.0306 0704.2340
0704.0306 0705.0864
0704.0307 0704.1816
0704.0307 0705.0748
0704.0308 0704.0357
0704.0309 0704.0256
0704.0309 0705.0965
0704.0309 0704.3754
0704.0309 0705.0086
0704.0311 0704.3292
0704.0312 0704.1090
0704.0312 0705.0016
0704.0313 0704.3635
0704.0316 0704.3126
0704.0316 0705.0896
0704.0316 0704.2494
0704.0316 0704.0689
0704.0316 0704.2997
0704.0316 0704.1214
0704.0317 0704.2967
0704.0317 0704.3528
0704.0317 0704.2833
0704.0317 0705.0960
0704.0319 0705.0515
0704.0320 0704.1763
0704.0321 0704.3487
0704.0321 0704.3269
0704.0321 0704.2225
0704.0321 0704.3719
0704.0321 0705.0392
0704.0322 0704.0780
0704.0323 0704.1965
0704.0323 0704.2352
0704.0323 0704.3070
0704.0324 0705.0712
0704.0324 0704.2709
0704.0324 0704.0595
0704.0324 0705.0710
0704.0324 0704.0565
0704.0324 0704.0665
0704.0324 0705.0814
0704.0324 0705.0609
0704.0324 0705.0565
0704.0324 0704.2527
0704.0324 0704.0801
0704.0324 0705.0608
0704.0324 0704.0497
0704.0324 0704.2304
0704.0324 0705.0168
0704.0324 0704.2730
0704.0324 0704.0493
0704.0325 0704.3466
0704.0325 0704.3983
0704.0325 0705.0560
0704.0326 0704.2562
0704.0326 0705.0919
0704.0326 0704.0688
0704.0326 0704.3318
0704.0327 0705.0733
0704.0328 0704.3953
0704.0328 0704.1027
0704.0329 0704.0888
0704.0330 0704.3414
0704.0330 0704.3013
0704.0331 0704.3808
0704.0331 0705.0703
0704.0332 0705.0595
0704.0332 0704.2099
0704.0333 0705.0559
0704.0335 0704.2192
0704.0337 0705.0766
0704.0337 0704.2878
0704.0337 0704.2786
0704.0337 0704.1954
0704.0339 0704.3724
0704.0339 0704.3365
0704.0339 0704.2477
0704.0339 0704.1563
0704.0339 0704.3447
0704.0339 0704.2799
0704.0339 0704.0556
0704.0339 0704.0038
0704.0339 0704.3759
0704.0339 0704.2565
0704.0340 0704.2554
0704.0341 0705.0648
0704.0342 0704.1335
0704.0342 0704.0502
0704.0342 0704.1292
0704.0343 0704.0671
0704.0343 0704.0544
0704.0344 0704.2239
0704.0344 0704.3920
0704.0344 0704.3394
0704.0344 0705.0127
0704.0344 0705.0540
0704.0345 0704.2711
0704.0345 0704.0934
0704.0346 0704.0910
0704.0347 0704.3791
0704.0347 0704.3110
0704.0347 0704.2528
0704.0347 0705.0546
0704.0347 0704.0374
0704.0348 0704.0617
0704.0348 0704.1678
0704.0348 0704.0160
0704.0349 0704.1732
0704.0350 0704.3024
0704.0350 0704.0064
0704.0350 0704.2301
0704.0350 0705.0077
0704.0350 0704.1152
0704.0350 0704.2637
0704.0351 0704.1224
0704.0351 0704.1606
0704.0351 0704.1889
0704.0351 0704.3472
0704.0351 0705.0364
0704.0352 0704.2904
0704.0352 0704.0592
0704.0352 0704.3804
0704.0352 0704.2082
0704.0353 0704.2101
0704.0353 0704.0347
0704.0354 0704.3768
0704.0355 0704.3979
0704.0355 0705.0698
0704.0355 0704.2882
0704.0356 0704.3423
0704.0357 0704.0034
0704.0357 0704.2896
0704.0357 0704.2663
0704.0357 0704.1410
0704.0358 0704.2967
0704.0358 0704.2816
0704.0358 0704.3726
0704.0358 0704.0723
0704.0358 0705.0900
0704.0359 0704.0869
0704.0360 0705.0823
0704.0361 0704.1358
0704.0361 0704.3245
0704.0362 0704.2783
0704.0363 0705.0182
0704.0363 0704.1190
0704.0363 0704.0484
0704.0364 0704.0844
0704.0364 0704.1049
0704.0364 0704.1938
0704.0364 0705.0689
0704.0364 0704.3329
0704.0364 0704.1212
0704.0364 0704.2232
0704.0364 0704.3458
0704.0365 0704.1618
0704.0366 0705.0550
0704.0366 0704.3140
0704.0366 0704.0619
0704.0367 0705.0046
0704.0368 0704.3275
0704.0368 0705.0498
0704.0368 0705.0748
0704.0369 0704.3464
0704.0369 0704.2649
0704.0370 0704.2591
0704.0371 0704.0284
0704.0371 0704.3844
0704.0372 0704.2482
0704.0373 0704.2097
0704.0373 0704.0462
0704.0374 0704.0609
0704.0375 0704.3704
0704.0377 0704.2353
0704.0379 0704.0741
0704.0380 0705.0756
0704.0380 0704.2733
0704.0380 0705.0542
0704.0380 0704.2586
0704.0380 0704.2183
0704.0381 0704.0337
0704.0382 0705.0682
0704.0383 0704.3512
0704.0383 0704.1552
0704.0383 0704.3900
0704.0384 0704.0850
0704.0384 0704.1781
0704.0384 0704.0220
0704.0385 0704.2815
0704.0386 0704.0692
0704.0387 0705.0066
0704.0387 0705.0296
0704.0387 0704.3604
0704.0387 0704.2240
0704.0387 0704.0448
0704.0387 0704.1587
0704.0388 0704.3058
0704.0388 0704.2165
0704.0388 0704.2321
0704.0388 0704.1056
0704.0389 0704.3119
0704.0389 0705.0122
0704.0389 0704.1685
0704.0389 0705.0039
0704.0389 0704.2745
0704.0389 0704.0542
0704.0389 0704.2704
0704.0389 0704.0221
0704.0389 0704.3485
0704.0391 0704.1233
0704.0391 0705.0407
0704.0391 0704.1628
0704.0391 0705.0829
0704.0391 0704.1875
0704.0391 0705.0940
0704.0392 0705.0772
0704.0393 0704.2867
0704.0394 0704.1058
0704.0394 0704.3902
0704.0394 0704.3358
0704.0394 0704.3212
0704.0394 0704.3519
0704.0395 0705.0683
0704.0395 0704.1049
0704.0395 0704.1788
0704.0395 0704.0438
0704.0395 0704.3475
0704.0395 0704.3446
0704.0395 0704.2273
0704.0395 0705.0317
0704.0395 0704.1848
0704.0395 0704.0768
0704.0395 0704.3930
0704.0396 0704.0114
0704.0396 0704.2534
0704.0396 0704.1834
0704.0396 0704.1479
0704.0397 0705.0164
0704.0397 0704.1080
0704.0397 0704.2683
0704.0397 0704.1260
0704.0397 0704.0573
0704.0397 0704.1844
0704.0397 0704.0831
0704.0397 0704.2430
0704.0397 0704.1484
0704.0397 0704.3942
0704.0398 0705.0312
0704.0398 0705.0808
0704.0400 0704.1331
0704.0400 0704.3406
0704.0400 0704.3794
0704.0400 0705.0240
0704.0400 0704.1447
0704.0400 0704.1265
0704.0401 0704.3588
0704.0401 0704.1523
0704.0403 0704.1890
0704.0403 0704.3792
0704.0403 0704.3628
0704.0403 0704.2316
0704.0403 0704.2315
0704.0403 0704.3021
0704.0403 0704.2117
0704.0403 0704.3661
0704.0403 0705.0348
0704.0403 0705.0681
0704.0403 0704.1901
0704.0403 0704.3617
0704.0403 0704.3818
0704.0403 0704.1898
0704.0403 0704.1506
0704.0404 0704.3594
0704.0404 0705.0320
0704.0405 0704.0876
0704.0405 0704.1638
0704.0405 0705.0570
0704.0406 0704.3940
0704.0406 0704.2772
0704.0406 0704.0429
0704.0406 0704.1389
0704.0407 0704.0731
0704.0407 0705.0226
0704.0408 0704.2337
0704.0410 0704.3682
0704.0411 0704.3586
0704.0411 0704.1909
0704.0411 0705.0857
0704.0413 0705.0803
0704.0413 0704.2045
0704.0413 0704.0219
0704.0413 0704.2785
0704.0413 0704.3402
0704.0415 0704.1933
0704.0416 0704.2866
0704.0416 0704.0839
0704.0416 0704.2614
0704.0416 0704.2007
0704.0416 0704.0231
0704.0417 0704.3525
0704.0417 0704.2748
0704.0418 0704.1080
0704.0418 0704.0373
0704.0418 0704.1140
0704.0418 0704.2122
0704.0418 0704.3875
0704.0419 0705.0577
0704.0419 0704.0044
0704.0419 0705.0813
0704.0420 0704.1769
0704.0420 0704.1967
0704.0420 0704.0194
0704.0421 0704.3915
0704.0421 0704.2363
0704.0421 0704.1112
0704.0422 0704.0147
0704.0422 0704.0610
0704.0422 0704.1957
0704.0422 0704.3443
0704.0423 0704.3746
0704.0425 0704.3308
0704.0425 0704.2812
0704.0425 0705.0392
0704.0427 0704.2389
0704.0427 0704.2632
0704.0427 0704.1469
0704.0428 0704.1972
0704.0428 0704.3202
0704.0429 0704.2132
0704.0429 0704.1390
0704.0429 0705.0289
0704.0430 0704.0556
0704.0431 0705.0456
0704.0432 0705.0157
0704.0433 0704.3853
0704.0433 0705.0338
0704.0435 0704.0557
0704.0435 0704.0278
0704.0435 0704.1355
0704.0435 0704.2930
0704.0435 0704.0066
0704.0436 0704.0598
0704.0436 0704.0364
0704.0436 0704.1095
0704.0436 0704.2791
0704.0437 0704.2775
0704.0438 0704.1436
0704.0439 0704.3808
0704.0439 0705.0532
0704.0440 0704.2935
0704.0440 0704.0457
0704.0440 0704.1496
0704.0441 0704.0518
0704.0442 0704.0303
0704.0442 0704.1370
0704.0443 0704.0353
0704.0443 0704.1637
0704.0444 0704.1761
0704.0444 0705.0223
0704.0444 0704.3266
0704.0444 0704.1746
0704.0445 0704.0232
0704.0445 0704.2347
0704.0445 0704.1569
0704.0445 0704.3084
0704.0445 0704.2666
0704.0445 0704.1405
0704.0446 0704.0392
0704.0447 0704.2721
0704.0448 0704.3016
0704.0449 0705.0143
0704.0449 0704.2284
0704.0449 0704.3605
0704.0450 0704.1532
0704.0450 0704.1642
0704.0450 0705.0065
0704.0450 0704.1970
0704.0451 0704.2186
0704.0451 0704.2487
0704.0451 0704.0678
0704.0451 0704.3624
0704.0452 0704.0816
0704.0452 0704.1638
0704.0452 0704.2946
0704.0452 0704.2426
0704.0452 0705.0001
0704.0452 0704.0657
0704.0452 0704.1025
0704.0452 0704.2692
0704.0452 0704.2678
0704.0453 0704.3666
0704.0453 0704.3492
0704.0454 0704.3638
0704.0455 0704.0462
0704.0455 0704.2891
0704.0456 0704.1224
0704.0456 0704.2284
0704.0456 0704.0471
0704.0458 0705.0203
0704.0458 0704.3288
0704.0459 0704.0839
0704.0459 0704.0256
0704.0459 0705.0167
0704.0460 0704.0286
0704.0460 0705.0068
0704.0461 0704.1935
0704.0462 0704.3644
0704.0462 0704.0346
0704.0462 0704.1437
0704.0462 0704.0632
0704.0462 0705.0189
0704.0462 0704.3361
0704.0462 0704.3271
0704.0462 0704.3051
0704.0462 0704.3328
0704.0462 0704.3490
0704.0463 0705.0336
0704.0464 0704.2409
0704.0464 0704.2285
0704.0464 0704.3223
0704.0465 0704.1528
0704.0465 0704.1155
0704.0465 0704.0400
0704.0465 0705.0089
0704.0466 0704.1007
0704.0466 0704.1292
0704.0466 0704.2979
0704.0466 0704.2256
0704.0466 0704.2945
0704.0466 0704.0529
0704.0466 0704.0609
0704.0466 0704.2739
0704.0466 0704.1082
0704.0466 0704.1115
0704.0466 0704.1644
0704.0466 0704.3305
0704.0466 0704.3830
0704.0467 0705.0153
0704.0467 0704.2621
0704.0467 0704.0894
0704.0468 0704.0533
0704.0469 0704.1292
0704.0469 0704.1739
0704.0469 0704.1588
0704.0470 0704.3269
0704.0470 0705.0810
0704.0470 0704.1598
0704.0470 0704.2074
0704.0470 0704.1649
0704.0470 0704.0996
0704.0471 0704.1781
0704.0471 0705.0331
0704.0471 0704.0216
0704.0472 0705.0687
0704.0473 0704.0540
0704.0473 0704.0708
0704.0473 0705.0435
0704.0473 0704.0949
0704.0474 0704.2893
0704.0474 0704.2857
0704.0474 0704.3925
0704.0475 0704.3356
0704.0476 0704.0520
0704.0476 0704.2827
0704.0476 0704.3822
0704.0476 0705.0241
0704.0476 0704.0969
0704.0476 0704.2425
0704.0476 0704.3663
0704.0477 0704.1059
0704.0477 0704.1651
0704.0478 0705.0245
0704.0478 0704.0620
0704.0478 0704.1197
0704.0479 0704.1350
0704.0480 0704.1849
0704.0481 0705.0855
0704.0481 0705.0771
0704.0481 0704.1967
0704.0481 0704.2340
0704.0481 0704.0602
0704.0481 0704.2101
0704.0481 0704.1385
0704.0481 0704.1527
0704.0481 0704.2039
0704.0481 0705.0954
0704.0481 0705.0123
0704.0481 0704.1062
0704.0481 0704.0768
0704.0482 0704.1265
0704.0483 0704.3436
0704.0483 0705.0617
0704.0485 0704.2244
0704.0485 0704.0656
0704.0485 0704.0708
0704.0485 0704.1730
0704.0485 0705.0688
0704.0486 0704.2640
0704.0486 0704.3960
0704.0486 0704.2477
0704.0486 0705.0685
0704.0486 0704.0312
0704.0487 0704.2438
0704.0487 0704.3555
0704.0488 0704.0492
0704.0489 0704.3415
0704.0489 0704.3938
0704.0489 0704.3807
0704.0489 0704.1673
0704.0490 0705.0973
0704.0490 0704.2751
0704.0490 0704.1075
0704.0490 0704.3271
0704.0490 0704.1055
0704.0490 0704.2834
0704.0490 0705.0763
0704.0490 0704.0970
0704.0490 0704.3532
0704.0491 0704.1386
0704.0491 0704.3827
0704.0491 0704.1391
0704.0491 0704.1006
0704.0491 0704.1985
0704.0491 0704.0901
0704.0491 0704.3753
0704.0492 0704.2295
0704.0492 0704.2382
0704.0492 0704.0858
0704.0492 0704.3151
0704.0492 0704.3646
0704.0492 0704.0861
0704.0493 0704.3427
0704.0494 0704.1494
0704.0494 0704.2685
0704.0495 0704.1308
0704.0495 0704.3056
0704.0495 0704.0511
0704.0496 0705.0215
0704.0497 0704.1977
0704.0497 0704.0595
0704.0497 0704.0260
0704.0497 0704.2361
0704.0497 0704.2833
0704.0497 0704.1766
0704.0497 0704.2984
0704.0497 0704.1954
0704.0497 0704.2674
0704.0497 0705.0784
0704.0498 0704.1937
0704.0498 0705.0055
0704.0498 0704.0235
0704.0499 0704.3408
0704.0499 0704.2343
0704.0499 0704.3591
0704.0499 0704.1358
0704.0499 0705.0398
0704.0501 0704.2999
0704.0501 0704.1613
0704.0501 0704.3307
0704.0501 0704.3243
0704.0502 0704.3283
0704.0504 0704.2892
0704.0504 0705.0532
0704.0505 0704.2880
0704.0505 0704.3693
0704.0505 0705.0505
0704.0505 0704.1514
0704.0506 0704.0975
0704.0506 0704.3610
0704.0507 0704.3060
0704.0507 0705.0400
0704.0507 0704.1096
0704.0508 0704.1976
0704.0508 0704.2018
0704.0508 0705.0372
0704.0508 0704.1183
0704.0508 0704.2913
0704.0508 0704.1632
0704.0509 0705.0053
0704.0509 0705.0506
0704.0509 0704.3888
0704.0509 0704.2733
0704.0509 0704.0329
0704.0509 0704.3751
0704.0509 0704.1225
0704.0509 0704.1824
0704.0509 0705.0260
0704.0509 0704.2242
0704.0509 0704.0315
0704.0509 0704.0704
0704.0510 0705.0222
0704.0511 0704.2611
0704.0512 0705.0864
0704.0512 0705.0092
0704.0512 0704.3639
0704.0512 0704.2453
0704.0513 0704.3893
0704.0513 0704.0137
0704.0513 0705.0592
0704.0513 0705.0831
0704.0513 0704.2719
0704.0514 0705.0783
0704.0514 0704.2708
0704.0514 0704.2523
0704.0514 0705.0167
0704.0514 0704.0640
0704.0515 0705.0890
0704.0515 0705.0556
0704.0515 0704.0219
0704.0515 0705.0829
0704.0516 0705.0788
0704.0516 0704.0421
0704.0516 0704.1866
0704.0516 0705.0784
0704.0517 0704.2492
0704.0517 0705.0294
0704.0518 0704.3116
0704.0519 0704.1986
0704.0521 0704.1565
0704.0521 0704.0545
0704.0523 0704.3362
0704.0523 0704.3357
0704.0523 0704.1605
0704.0523 0705.0113
0704.0523 0704.1181
0704.0523 0704.3869
0704.0524 0705.0168
0704.0524 0705.0140
0704.0524 0704.0511
0704.0525 0705.0307
0704.0525 0704.3924
0704.0525 0704.2881
0704.0525 0704.1637
0704.0525 0704.2667
0704.0525 0704.0993
0704.0526 0704.1420
0704.0527 0704.1990
0704.0527 0705.0476
0704.0527 0704.3013
0704.0527 0704.2905
0704.0528 0704.2167
0704.0529 0704.2022
0704.0529 0704.1889
0704.0530 0704.1657
0704.0530 0704.2442
0704.0530 0704.1185
0704.0531 0704.1700
0704.0532 0704.2691
0704.0532 0704.2363
0704.0532 0704.2244
0704.0532 0704.1000
0704.0532 0704.1494
0704.0532 0704.3754
0704.0532 0704.2322
0704.0532 0704.1688
0704.0532 0704.2348
0704.0532 0705.0230
0704.0533 0704.3541
0704.0533 0704.2761
0704.0533 0704.2739
0704.0533 0705.0425
0704.0533 0705.0037
0704.0533 0704.2752
0704.0533 0704.2106
0704.0533 0704.1661
0704.0533 0704.3869
0704.0533 0704.0607
0704.0533 0705.0137
0704.0533 0704.1380
0704.0533 0704.3937
0704.0533 0704.1758
0704.0533 0704.3578
0704.0533 0704.2227
0704.0533 0704.0692
0704.0533 0705.0216
0704.0533 0704.0285
0704.0533 0704.3566
0704.0533 0704.3635
0704.0534 0704.1305
0704.0534 0705.0810
0704.0534 0704.1990
0704.0534 0704.1018
0704.0534 0704.2662
0704.0534 0705.0553
0704.0534 0704.1964
0704.0536 0704.1909
0704.0536 0704.2085
0704.0538 0704.3871
0704.0539 0704.0043
0704.0539 0704.1696
0704.0540 0704.3900
0704.0540 0704.3915
0704.0540 0704.0304
0704.0540 0704.2511
0704.0541 0705.0451
0704.0541 0704.3448
0704.0541 0704.1331
0704.0541 0704.1907
0704.0541 0705.0293
0704.0541 0705.0821
0704.0541 0704.1397
0704.0541 0704.0068
0704.0541 0705.0708
0704.0541 0704.0735
0704.0542 0704.1437
0704.0542 0704.0836
0704.0543 0704.1609
0704.0543 0704.3256
0704.0543 0704.0387
0704.0544 0704.2448
0704.0544 0704.3400
0704.0544 0704.1949
0704.0544 0704.0512
0704.0544 0704.0076
0704.0545 0704.1698
0704.0545 0705.0811
0704.0545 0704.1103
0704.0545 0704.2703
0704.0545 0704.0692
0704.0545 0705.0299
0704.0545 0705.0050
0704.0545 0704.3449
0704.0545 0704.0990
0704.0546 0704.1528
0704.0546 0704.3765
0704.0546 0704.2111
0704.0546 0704.1427
0704.0546 0704.2611
0704.0546 0704.2227
0704.0546 0705.0409
0704.0546 0704.1887
0704.0546 0704.3799
0704.0548 0704.0966
0704.0548 0704.2628
0704.0548 0704.1585
0704.0549 0704.3323
0704.0550 0704.2688
0704.0550 0705.0913
0704.0552 0704.1515
0704.0553 0704.3913
0704.0554 0704.2034
0704.0556 0704.2189
0704.0556 0704.3759
0704.0557 0704.2387
0704.0557 0704.1938
0704.0557 0704.2950
0704.0557 0704.0203
0704.0557 0704.2740
0704.0559 0704.1777
0704.0559 0704.1310
0704.0560 0705.0595
0704.0560 0704.2549
0704.0561 0704.3622
0704.0561 0704.2418
0704.0562 0704.0701
0704.0562 0704.1506
0704.0562 0704.1257
0704.0562 0704.3921
0704.0563 0705.0500
0704.0563 0704.3779
0704.0563 0704.3277
0704.0564 0705.0402
0704.0565 0704.2030
0704.0565 0704.1230
0704.0566 0704.2871
0704.0566 0705.0304
0704.0566 0705.0659
0704.0566 0704.0672
0704.0567 0704.2965
0704.0569 0704.0506
0704.0570 0705.0692
0704.0570 0704.2770
0704.0570 0704.1283
0704.0571 0704.1349
0704.0572 0705.0718
0704.0572 0704.0955
0704.0572 0704.0938
0704.0573 0704.0663
0704.0573 0705.0173
0704.0573 0705.0807
0704.0573 0704.0456
0704.0573 0704.3961
0704.0573 0704.3652
0704.0574 0704.3813
0704.0574 0704.3744
0704.0574 0705.0619
0704.0574 0705.0894
0704.0576 0704.2526
0704.0577 0704.3245
0704.0578 0704.0080
0704.0578 0704.1788
0704.0579 0704.0477
0704.0579 0704.3473
0704.0580 0704.0523
0704.0581 0705.0759
0704.0581 0704.0566
0704.0581 0704.0649
0704.0582 0704.3869
0704.0584 0704.1111
0704.0585 0704.3745
0704.0585 0704.3445
0704.0586 0704.3677
0704.0586 0704.3488
0704.0587 0705.0148
0704.0587 0704.0659
0704.0587 0705.0139
0704.0588 0704.1989
0704.0588 0705.0501
0704.0588 0704.3221
0704.0588 0704.1696
0704.0588 0705.0339
0704.0588 0704.1830
0704.0588 0704.3902
0704.0588 0704.1045
0704.0588 0704.0029
0704.0588 0704.1475
0704.0588 0704.3054
0704.0588 0704.1466
0704.0588 0704.1379
0704.0589 0704.2446
0704.0590 0705.0459
0704.0591 0704.2840
0704.0591 0704.1929
0704.0591 0704.1187
0704.0591 0704.1065
0704.0591 0704.3778
0704.0591 0705.0939
0704.0592 0704.1921
0704.0592 0704.0926
0704.0594 0704.0553
0704.0594 0704.3600
0704.0594 0704.1354
0704.0594 0704.1692
0704.0594 0704.0076
0704.0595 0704.3468
0704.0595 0704.2008
0704.0595 0705.0557
0704.0595 0704.1154
0704.0595 0704.0363
0704.0595 0704.1964
0704.0596 0705.0421
0704.0596 0704.1807
0704.0597 0704.1961
0704.0597 0704.1307
0704.0597 0704.3562
0704.0597 0704.2618
0704.0597 0705.0736
0704.0597 0704.2632
0704.0597 0704.0306
0704.0597 0704.0629
0704.0597 0704.3320
0704.0597 0705.0689
0704.0597 0705.0904
0704.0598 0704.1175
0704.0599 0704.1812
0704.0599 0704.1970
0704.0600 0705.0561
0704.0600 0704.0644
0704.0600 0704.3424
0704.0601 0704.2093
0704.0601 0704.0385
0704.0601 0705.0996
0704.0601 0704.3498
0704.0601 0704.2824
0704.0602 0704.3124
0704.0603 0705.0617
0704.0603 0704.2722
0704.0603 0704.1658
0704.0603 0704.1184
0704.0603 0704.3832
0704.0603 0704.3389
0704.0603 0704.2079
0704.0603 0705.0438
0704.0603 0704.2930
0704.0603 0704.3437
0704.0603 0704.2729
0704.0603 0704.3721
0704.0603 0704.3804
0704.0603 0704.1387
0704.0603 0704.2192
0704.0603 0704.0473
0704.0604 0704.2985
0704.0604 0704.3212
0704.0604 0704.1100
0704.0605 0704.1667
0704.0605 0704.3189
0704.0606 0704.0760
0704.0606 0704.3663
0704.0606 0704.0573
0704.0606 0704.3042
0704.0607 0704.0546
0704.0607 0705.0944
0704.0607 0704.3729
0704.0607 0704.2590
0704.0607 0705.0960
0704.0607 0705.0847
0704.0607 0704.2830
0704.0607 0704.0055
0704.0607 0704.0325
0704.0608 0704.1689
0704.0608 0705.0813
0704.0609 0705.0577
0704.0610 0704.1279
0704.0610 0704.1321
0704.0610 0704.2731
0704.0611 0704.1890
0704.0611 0704.3365
0704.0611 0704.3929
0704.0611 0704.3759
0704.0611 0704.1991
0704.0611 0704.0035
0704.0612 0704.1677
0704.0613 0705.0148
0704.0613 0704.2529
0704.0613 0704.3673
0704.0613 0704.3835
0704.0613 0704.2145
0704.0613 0704.1235
0704.0613 0704.3275
0704.0613 0705.0498
0704.0613 0705.0187
0704.0613 0704.2950
0704.0613 0705.0206
0704.0613 0704.2622
0704.0614 0704.3819
0704.0616 0704.1666
0704.0616 0705.0400
0704.0616 0704.2942
0704.0617 0704.3392
0704.0619 0705.0396
0704.0619 0704.0076
0704.0619 0705.0534
0704.0619 0704.0959
0704.0619 0704.2140
0704.0620 0704.3839
0704.0620 0704.1250
0704.0620 0704.2689
0704.0621 0704.2712
0704.0621 0704.3114
0704.0622 0704.3912
0704.0622 0704.2113
0704.0622 0704.2768
0704.0622 0705.0511
0704.0623 0705.0001
0704.0624 0704.3139
0704.0624 0705.0018
0704.0625 0704.2887
0704.0625 0705.0329
0704.0626 0705.0993
0704.0626 0704.0609
0704.0626 0704.1658
0704.0626 0704.0278
0704.0626 0704.0398
0704.0626 0704.0646
0704.0626 0705.0579
0704.0627 0704.1128
0704.0627 0705.0865
0704.0628 0704.1086
0704.0628 0704.0075
0704.0628 0704.1241
0704.0628 0704.0284
0704.0629 0704.3060
0704.0629 0704.1266
0704.0631 0704.3961
0704.0631 0704.2575
0704.0632 0704.0055
0704.0632 0704.0225
0704.0633 0704.0138
0704.0633 0704.0150
0704.0633 0705.0939
0704.0634 0704.3223
0704.0634 0704.3453
0704.0634 0704.2350
0704.0636 0704.2855
0704.0636 0704.1471
0704.0636 0704.0411
0704.0637 0704.1383
0704.0637 0705.0993
0704.0637 0704.0953
0704.0637 0704.1729
0704.0637 0704.2072
0704.0637 0705.0315
0704.0637 0704.2909
0704.0637 0704.2192
0704.0638 0704.2652
0704.0638 0704.0649
0704.0639 0704.1921
0704.0639 0704.0662
0704.0639 0704.3723
0704.0639 0704.2460
0704.0639 0704.1852
0704.0639 0704.3322
0704.0639 0705.0679
0704.0640 0704.0260
0704.0642 0704.3901
0704.0642 0705.0384
0704.0645 0705.0093
0704.0646 0705.0635
0704.0646 0705.0973
0704.0646 0704.2715
0704.0646 0704.3080
0704.0647 0704.0783
0704.0648 0704.1885
0704.0648 0704.0392
0704.0649 0705.0642
0704.0650 0704.0382
0704.0651 0704.3859
0704.0651 0704.2580
0704.0651 0704.0270
0704.0651 0704.1878
0704.0651 0704.1471
0704.0651 0704.1680
0704.0651 0704.2966
0704.0653 0704.3265
0704.0653 0704.1501
0704.0654 0704.2718
0704.0654 0704.1332
0704.0655 0705.0641
0704.0656 0705.0427
0704.0656 0705.0557
0704.0657 0704.1302
0704.0657 0705.0103
0704.0657 0704.0812
0704.0658 0705.0619
0704.0658 0704.0570
0704.0658 0704.0625
0704.0658 0704.0599
0704.0658 0704.1168
0704.0658 0704.1906
0704.0659 0704.3009
0704.0659 0704.3597
0704.0659 0704.0243
0704.0660 0705.0019
0704.0660 0705.0770
0704.0660 0704.3660
0704.0661 0705.0529
0704.0662 0704.3539
0704.0663 0704.3056
0704.0663 0705.0854
0704.0663 0704.0704
0704.0664 0704.3170
0704.0664 0704.2020
0704.0665 0704.0674
0704.0666 0704.2960
0704.0666 0704.3198
0704.0666 0704.2070
0704.0666 0704.2301
0704.0666 0705.0831
0704.0666 0704.3046
0704.0666 0704.1355
0704.0666 0704.0307
0704.0666 0704.2600
0704.0667 0704.0043
0704.0668 0704.2684
0704.0668 0704.2212
0704.0668 0704.2158
0704.0668 0704.0839
0704.0669 0704.2617
0704.0669 0704.3533
0704.0670 0704.0227
0704.0670 0704.2546
0704.0670 0705.0546
0704.0670 0705.0896
0704.0670 0704.0767
0704.0670 0704.2072
0704.0670 0704.0306
0704.0670 0704.1396
0704.0670 0704.1699
0704.0670 0704.0154
0704.0671 0704.3157
0704.0671 0705.0124
0704.0673 0705.0323
0704.0673 0704.0695
0704.0674 0705.0582
0704.0675 0705.0685
0704.0675 0704.2204
0704.0676 0704.2422
0704.0676 0704.2426
0704.0676 0705.0044
0704.0676 0704.1570
0704.0676 0704.3473
0704.0676 0704.1197
0704.0676 0704.2737
0704.0676 0704.0519
0704.0676 0704.1300
0704.0677 0704.2525
0704.0677 0704.3452
0704.0678 0704.2935
0704.0678 0704.2064
0704.0678 0704.0523
0704.0679 0704.3885
0704.0679 0705.0062
0704.0679 0704.2948
0704.0680 0704.1603
0704.0681 0704.0056
0704.0681 0704.3546
0704.0681 0704.1437
0704.0682 0704.2744
0704.0682 0704.3053
0704.0682 0704.3611
0704.0682 0704.3472
0704.0682 0704.3031
0704.0683 0704.1117
0704.0683 0705.0939
0704.0683 0705.0869
0704.0683 0704.3703
0704.0684 0704.3730
0704.0684 0704.1857
0704.0684 0704.2392
0704.0684 0704.0694
0704.0684 0704.2148
0704.0684 0705.0026
0704.0684 0705.0723
0704.0684 0705.0386
0704.0684 0704.3702
0704.0684 0705.0415
0704.0685 0704.2046
0704.0685 0704.3083
0704.0686 0704.2115
0704.0686 0704.2993
0704.0687 0704.0041
0704.0687 0704.2391
0704.0687 0705.0727
0704.0687 0704.0568
0704.0687 0704.3596
0704.0687 0704.2121
0704.0687 0704.0813
0704.0687 0705.0284
0704.0688 0704.0796
0704.0688 0704.3525
0704.0688 0704.1866
0704.0688 0704.1143
0704.0688 0704.2484
0704.0688 0704.1986
0704.0688 0705.0480
0704.0689 0704.1264
0704.0690 0705.0408
0704.0690 0704.0606
0704.0690 0704.2219
0704.0690 0704.3681
0704.0691 0704.2374
0704.0691 0704.3170
0704.0691 0704.3287
0704.0692 0704.3428
0704.0693 0704.2456
0704.0693 0705.0398
0704.0694 0704.0698
0704.0695 0704.2125
0704.0695 0704.3987
0704.0695 0705.0005
0704.0695 0704.3950
0704.0695 0704.1505
0704.0695 0704.1075
0704.0695 0704.0363
0704.0695 0704.3278
0704.0695 0705.0618
0704.0696 0704.1572
0704.0696 0704.3529
0704.0696 0705.0230
0704.0697 0704.0809
0704.0698 0705.0572
0704.0698 0704.1492
0704.0698 0705.0250
0704.0698 0704.3847
0704.0699 0705.0711
0704.0700 0704.3207
0704.0700 0704.1687
0704.0701 0705.0820
0704.0702 0704.2828
0704.0702 0704.0741
0704.0703 0704.0858
0704.0703 0704.3858
0704.0704 0704.1163
0704.0704 0704.0906
0704.0704 0704.2857
0704.0704 0704.1348
0704.0705 0704.3732
0704.0706 0704.3166
0704.0706 0705.0530
0704.0706 0704.3592
0704.0706 0704.0801
0704.0706 0705.0978
0704.0706 0705.0448
0704.0707 0704.1840
0704.0707 0704.2462
0704.0707 0704.2484
0704.0707 0704.0551
0704.0709 0704.0214
0704.0709 0704.0800
0704.0709 0704.2692
0704.0709 0704.1350
0704.0709 0704.2002
0704.0710 0705.0587
0704.0710 0704.2546
0704.0710 0704.2715
0704.0710 0704.0471
0704.0711 0704.1529
0704.0711 0704.3544
0704.0711 0704.3553
0704.0711 0704.1417
0704.0711 0704.1774
0704.0711 0704.3966
0704.0712 0705.0800
0704.0712 0704.1618
0704.0713 0704.3520
0704.0714 0704.2646
0704.0714 0704.1687
0704.0715 0704.0513
0704.0715 0705.0137
0704.0716 0705.0397
0704.0717 0704.2672
0704.0718 0704.2398
0704.0718 0704.2882
0704.0718 0704.3220
0704.0718 0705.0590
0704.0718 0704.3188
0704.0718 0704.1122
0704.0718 0705.0893
0704.0719 0704.1415
0704.0719 0704.3754
0704.0719 0704.2096
0704.0719 0704.2070
0704.0720 0704.2842
0704.0720 0705.0192
0704.0720 0704.3066
0704.0720 0704.1599
0704.0720 0704.1503
0704.0720 0705.0753
0704.0720 0704.3822
0704.0720 0704.1161
0704.0720 0704.0960
0704.0720 0704.1564
0704.0720 0704.1003
0704.0720 0705.0188
0704.0720 0704.1874
0704.0720 0704.1495
0704.0720 0704.3989
0704.0721 0704.1298
0704.0721 0704.3915
0704.0721 0704.3991
0704.0721 0704.3491
0704.0721 0704.1524
0704.0722 0704.1421
0704.0722 0704.3013
0704.0723 0704.3505
0704.0723 0704.1151
0704.0723 0704.1883
0704.0724 0704.3974
0704.0724 0704.0079
0704.0724 0704.3209
0704.0724 0705.0172
0704.0724 0704.2419
0704.0724 0704.0336
0704.0725 0704.3732
0704.0725 0705.0140
0704.0725 0705.0864
0704.0726 0705.0161
0704.0726 0704.3706
0704.0726 0704.3406
0704.0727 0705.0632
0704.0727 0704.1544
0704.0727 0705.0555
0704.0727 0704.0678
0704.0727 0705.0876
0704.0729 0704.0268
0704.0729 0704.1645
0704.0730 0705.0820
0704.0730 0704.2366
0704.0731 0704.3748
0704.0732 0705.0321
0704.0732 0705.0504
0704.0732 0705.0307
0704.0732 0705.0056
0704.0733 0705.0481
0704.0733 0704.3621
0704.0733 0704.2721
0704.0733 0704.1795
0704.0733 0704.0123
0704.0733 0705.0106
0704.0733 0705.0105
0704.0733 0704.3488
0704.0733 0705.0271
0704.0733 0704.1742
0704.0733 0704.1787
0704.0734 0704.2029
0704.0735 0704.2155
0704.0735 0704.0346
0704.0735 0705.0189
0704.0736 0704.3951
0704.0736 0704.3346
0704.0736 0704.0963
0704.0736 0704.3599
0704.0737 0704.1943
0704.0738 0705.0078
0704.0738 0704.1361
0704.0738 0704.3906
0704.0738 0704.3509
0704.0739 0705.0568
0704.0739 0704.1694
0704.0740 0704.0646
0704.0740 0705.0670
0704.0741 0704.3859
0704.0741 0705.0360
0704.0741 0704.2373
0704.0741 0704.2261
0704.0741 0705.0694
0704.0741 0704.3972
0704.0741 0704.2192
0704.0742 0704.0980
0704.0742 0704.1113
0704.0742 0705.0415
0704.0743 0704.3373
0704.0744 0704.1538
0704.0744 0704.2031
0704.0744 0704.2951
0704.0744 0704.2466
0704.0744 0704.2643
0704.0744 0704.1589
0704.0745 0704.2208
0704.0745 0705.0010
0704.0745 0704.3636
0704.0746 0704.2203
0704.0747 0704.2062
0704.0747 0704.0764
0704.0747 0704.0619
0704.0747 0704.2810
0704.0748 0704.2281
0704.0749 0705.0444
0704.0749 0704.1802
0704.0749 0704.3727
0704.0750 0704.2683
0704.0751 0704.0765
0704.0751 0705.0737
0704.0751 0705.0507
0704.0752 0704.3757
0704.0753 0704.2936
0704.0754 0705.0143
0704.0754 0704.2729
0704.0754 0704.3261
0704.0755 0704.1737
0704.0755 0704.3716
0704.0756 0704.2326
0704.0756 0704.1098
0704.0757 0704.1071
0704.0757 0705.0784
0704.0758 0704.0397
0704.0758 0704.3942
0704.0758 0704.2692
0704.0760 0704.3766
0704.0762 0704.1084
0704.0762 0704.3510
0704.0762 0704.2536
0704.0762 0704.2317
0704.0762 0704.0925
0704.0762 0704.0025
0704.0762 0704.1661
0704.0763 0704.1304
0704.0763 0704.2252
0704.0764 0704.2956
0704.0764 0704.0450
0704.0764 0704.1389
0704.0765 0704.3048
0704.0766 0704.1291
0704.0766 0704.0420
0704.0766 0704.3250
0704.0766 0704.2506
0704.0767 0704.1920
0704.0768 0704.0023
0704.0768 0705.0461
0704.0768 0704.1859
0704.0768 0704.1932
0704.0768 0704.0948
0704.0768 0704.3653
0704.0768 0705.0869
0704.0768 0705.0260
0704.0768 0704.0811
0704.0768 0704.0928
0704.0768 0704.1252
0704.0770 0704.1156
0704.0770 0704.3462
0704.0771 0704.3915
0704.0773 0704.0842
0704.0773 0704.0090
0704.0773 0704.2517
0704.0774 0704.1296
0704.0774 0704.0070
0704.0774 0705.0351
0704.0774 0704.1324
0704.0774 0704.1350
0704.0774 0704.0734
0704.0774 0704.3488
0704.0774 0704.1253
0704.0774 0704.2718
0704.0774 0704.3331
0704.0774 0705.0620
0704.0775 0704.3628
0704.0775 0704.3376
0704.0775 0704.2250
0704.0775 0704.2723
0704.0776 0704.0826
0704.0776 0704.0451
0704.0777 0704.3285
0704.0777 0704.0722
0704.0777 0704.2882
0704.0777 0704.3148
0704.0778 0705.0821
0704.0778 0704.2376
0704.0778 0704.2031
0704.0779 0704.2035
0704.0779 0704.0864
0704.0780 0705.0914
0704.0781 0704.2336
0704.0782 0704.3595
0704.0782 0704.2474
0704.0782 0704.0138
0704.0782 0705.0285
0704.0782 0704.1686
0704.0782 0705.0284
0704.0783 0704.3404
0704.0783 0704.1547
0704.0784 0704.2423
0704.0785 0704.1962
0704.0785 0705.0177
0704.0786 0704.0925
0704.0787 0705.0864
0704.0789 0704.0113
0704.0789 0704.3303
0704.0789 0704.0137
0704.0789 0704.0205
0704.0789 0704.3524
0704.0789 0704.0599
0704.0789 0704.2914
0704.0789 0705.0819
0704.0789 0704.3884
0704.0789 0704.0555
0704.0789 0705.0408
0704.0789 0704.3267
0704.0789 0704.1250
0704.0789 0704.1587
0704.0790 0704.0327
0704.0791 0704.3604
0704.0791 0705.0150
0704.0792 0705.0707
0704.0792 0704.3919
0704.0792 0704.3813
0704.0792 0704.0676
0704.0792 0704.3297
0704.0793 0704.3801
0704.0793 0704.1252
0704.0793 0705.0605
0704.0793 0704.2275
0704.0796 0704.0958
0704.0796 0705.0394
0704.0797 0704.2994
0704.0797 0704.0542
0704.0798 0704.3585
0704.0799 0704.1956
0704.0802 0705.0987
0704.0802 0704.1043
0704.0804 0704.1440
0704.0805 0704.1126
0704.0806 0704.1344
0704.0807 0705.0284
0704.0807 0704.2823
0704.0808 0705.0340
0704.0808 0704.2125
0704.0808 0705.0723
0704.0809 0704.2426
0704.0809 0704.1215
0704.0809 0704.0969
0704.0810 0705.0294
0704.0810 0704.0525
0704.0810 0704.2459
0704.0810 0704.2157
0704.0810 0704.3979
0704.0810 0704.0307
0704.0810 0704.3068
0704.0811 0704.3731
0704.0811 0705.0647
0704.0811 0704.0806
0704.0812 0704.0617
0704.0812 0705.0092
0704.0813 0704.3156
0704.0813 0704.0844
0704.0813 0705.0351
0704.0813 0704.2149
0704.0813 0704.2304
0704.0813 0705.0704
0704.0814 0704.0378
0704.0814 0705.0147
0704.0814 0704.0397
0704.0814 0704.0893
0704.0814 0704.2009
0704.0814 0704.0102
0704.0814 0704.0042
0704.0814 0704.1864
0704.0815 0704.3070
0704.0815 0704.0290
0704.0815 0704.1375
0704.0815 0704.1180
0704.0815 0705.0531
0704.0816 0704.2035
0704.0816 0704.2639
0704.0816 0704.2074
0704.0816 0704.3851
0704.0817 0704.3398
0704.0817 0704.0639
0704.0817 0704.3843
0704.0818 0704.0980
0704.0819 0704.0432
0704.0820 0705.0361
0704.0820 0704.0377
0704.0821 0704.2540
0704.0821 0704.2549
0704.0821 0704.0333
0704.0821 0704.2315
0704.0822 0705.0529
0704.0823 0704.1645
0704.0823 0704.3337
0704.0824 0704.1990
0704.0824 0704.1759
0704.0824 0705.0050
0704.0824 0704.3803
0704.0824 0705.0545
0704.0825 0704.1295
0704.0825 0704.1603
0704.0826 0704.1235
0704.0826 0704.2226
0704.0828 0705.0436
0704.0828 0704.2624
0704.0829 0704.0079
0704.0830 0705.0407
0704.0830 0704.0006
0704.0830 0704.3085
0704.0831 0704.2521
0704.0831 0705.0132
0704.0832 0704.3856
0704.0832 0704.2179
0704.0832 0705.0031
0704.0833 0704.1168
0704.0834 0705.0258
0704.0834 0704.0788
0704.0834 0704.0468
0704.0834 0704.1900
0704.0835 0704.3758
0704.0835 0704.3377
0704.0836 0704.0696
0704.0837 0704.0752
0704.0837 0704.3234
0704.0837 0704.2843
0704.0837 0704.0614
0704.0838 0704.0967
0704.0838 0704.3566
0704.0839 0704.3293
0704.0839 0704.1941
0704.0840 0705.0964
0704.0840 0704.2582
0704.0841 0704.3221
0704.0842 0704.2674
0704.0843 0704.1386
0704.0843 0704.0933
0704.0843 0704.1120
0704.0843 0704.1078
0704.0843 0704.0368
0704.0843 0705.0792
0704.0844 0704.2577
0704.0844 0704.3335
0704.0844 0704.2558
0704.0844 0704.2284
0704.0844 0704.3987
0704.0844 0704.2166
0704.0845 0704.2528
0704.0845 0704.3622
0704.0845 0704.2060
0704.0845 0704.3706
0704.0846 0704.2497
0704.0846 0705.0945
0704.0846 0704.2029
0704.0846 0704.2378
0704.0846 0705.0665
0704.0846 0704.1700
0704.0848 0704.1217
0704.0848 0704.2692
0704.0850 0704.3249
0704.0850 0704.1880
0704.0851 0704.0049
0704.0851 0704.2052
0704.0851 0704.0777
0704.0851 0704.1493
0704.0851 0705.0167
0704.0851 0704.1943
0704.0851 0705.0512
0704.0851 0704.2650
0704.0851 0704.0895
0704.0851 0704.2868
0704.0851 0705.0560
0704.0852 0704.0098
0704.0852 0705.0382
0704.0852 0705.0349
0704.0852 0704.0508
0704.0852 0704.0384
0704.0852 0704.0424
0704.0853 0704.3286
0704.0853 0704.3054
0704.0853 0704.1673
0704.0853 0704.0981
0704.0853 0704.1541
0704.0854 0704.0248
0704.0854 0705.0770
0704.0855 0704.0695
0704.0855 0704.0179
0704.0856 0704.2396
0704.0856 0704.1005
0704.0856 0704.2720
0704.0856 0704.3117
0704.0856 0704.2026
0704.0856 0705.0083
0704.0858 0704.3035
0704.0858 0704.3552
0704.0858 0704.3239
0704.0858 0704.2259
0704.0859 0704.3498
0704.0859 0704.2395
0704.0859 0705.0192
0704.0860 0704.0788
0704.0860 0704.1070
0704.0860 0704.2256
0704.0861 0704.1219
0704.0863 0704.2420
0704.0863 0704.2228
0704.0864 0704.2557
0704.0864 0704.1638
0704.0864 0704.3440
0704.0864 0704.0894
0704.0864 0704.1297
0704.0864 0705.0311
0704.0864 0705.0479
0704.0864 0704.0654
0704.0864 0704.3490
0704.0865 0704.1294
0704.0865 0705.0453
0704.0866 0704.2943
0704.0866 0705.0437
0704.0867 0704.3972
0704.0868 0705.0115
0704.0868 0704.3867
0704.0869 0704.1291
0704.0869 0704.2616
0704.0869 0705.0016
0704.0869 0704.0684
0704.0869 0705.0893
0704.0870 0704.2303
0704.0872 0704.2034
0704.0872 0704.2562
0704.0872 0705.0250
0704.0872 0704.1683
0704.0872 0705.0192
0704.0872 0704.0298
0704.0872 0704.2187
0704.0872 0704.3249
0704.0872 0704.1979
0704.0873 0704.0459
0704.0874 0704.1799
0704.0875 0704.3672
0704.0875 0704.2908
0704.0876 0705.0853
0704.0876 0704.0232
0704.0876 0704.2944
0704.0876 0704.0945
0704.0876 0704.2885
0704.0876 0704.3902
0704.0876 0705.0852
0704.0876 0704.3086
0704.0876 0705.0168
0704.0876 0705.0519
0704.0876 0704.1789
0704.0876 0704.1379
0704.0877 0704.1318
0704.0877 0705.0612
0704.0878 0705.0336
0704.0878 0705.0409
0704.0878 0705.0652
0704.0878 0705.0442
0704.0878 0705.0031
0704.0879 0704.0730
0704.0879 0704.0741
0704.0879 0704.0861
0704.0881 0704.0253
0704.0881 0705.0312
0704.0882 0704.2719
0704.0883 0704.1652
0704.0884 0704.2793
0704.0885 0704.0910
0704.0885 0704.0180
0704.0885 0704.3636
0704.0886 0704.1162
0704.0887 0705.0310
0704.0888 0704.0595
0704.0889 0704.2760
0704.0889 0704.0107
0704.0889 0704.0829
0704.0889 0704.3798
0704.0890 0704.1281
0704.0890 0704.1462
0704.0890 0704.3582
0704.0891 0704.2602
0704.0891 0704.3042
0704.0891 0704.1981
0704.0892 0705.0011
0704.0892 0704.2925
0704.0893 0704.3047
0704.0893 0704.1370
0704.0893 0704.2315
0704.0893 0704.0984
0704.0893 0704.0015
0704.0893 0705.0696
0704.0893 0704.1459
0704.0893 0704.2236
0704.0893 0705.0863
0704.0894 0704.0854
0704.0894 0704.2923
0704.0894 0704.0346
0704.0894 0705.0635
0704.0894 0705.0067
0704.0894 0704.2058
0704.0894 0704.1651
0704.0895 0704.0778
0704.0895 0704.2845
0704.0895 0704.1969
0704.0896 0704.2754
0704.0896 0704.0976
0704.0896 0704.3662
0704.0896 0704.1708
0704.0898 0704.3877
0704.0898 0704.2042
0704.0898 0704.0399
0704.0898 0704.0395
0704.0898 0704.1420
0704.0898 0704.0887
0704.0898 0704.0011
0704.0899 0704.3856
0704.0899 0704.3394
0704.0899 0704.1525
0704.0900 0704.2880
0704.0900 0704.0126
0704.0901 0704.1078
0704.0901 0704.3930
0704.0902 0704.1849
0704.0902 0704.3307
0704.0902 0704.1334
0704.0902 0704.3703
0704.0903 0704.0274
0704.0904 0704.2141
0704.0904 0704.2930
0704.0905 0704.0791
0704.0905 0704.1396
0704.0905 0704.3108
0704.0906 0705.0483
0704.0906 0704.0739
0704.0906 0705.0211
0704.0906 0704.1796
0704.0906 0704.0764
0704.0907 0705.0156
0704.0907 0704.3956
0704.0908 0704.3535
0704.0909 0704.1560
0704.0909 0704.1687
0704.0909 0704.2111
0704.0909 0704.0750
0704.0909 0704.1541
0704.0909 0704.2081
0704.0909 0704.3147
0704.0909 0704.2718
0704.0909 0705.0764
0704.0910 0705.0538
0704.0911 0704.2308
0704.0911 0704.2415
0704.0912 0704.0786
0704.0914 0705.0020
0704.0915 0704.2084
0704.0915 0704.3940
0704.0915 0704.0008
0704.0915 0704.0300
0704.0915 0704.1794
0704.0915 0704.2418
0704.0915 0705.0919
0704.0916 0704.0966
0704.0916 0704.2533
0704.0916 0704.0227
0704.0916 0704.0471
0704.0916 0704.0952
0704.0916 0704.0710
0704.0916 0704.3887
0704.0916 0704.3016
0704.0916 0704.0154
0704.0917 0704.3859
0704.0918 0704.2216
0704.0918 0704.0329
0704.0918 0705.0458
0704.0918 0704.0748
0704.0919 0704.3198
0704.0919 0704.1697
0704.0919 0704.2590
0704.0919 0704.0311
0704.0919 0704.3610
0704.0919 0704.0977
0704.0919 0704.2487
0704.0919 0704.2162
0704.0919 0704.3817
0704.0920 0704.2202
0704.0921 0704.0793
0704.0921 0704.3652
0704.0923 0704.3649
0704.0923 0704.1866
0704.0923 0704.1361
0704.0923 0705.0832
0704.0924 0704.3433
0704.0924 0705.0698
0704.0924 0705.0387
0704.0924 0704.1868
0704.0924 0705.0584
0704.0924 0704.2805
0704.0925 0704.3891
0704.0926 0704.1932
0704.0927 0705.0821
0704.0927 0705.0114
0704.0927 0704.0541
0704.0927 0704.1879
0704.0927 0704.0285
0704.0928 0705.0232
0704.0929 0704.0350
0704.0929 0704.3023
0704.0929 0704.1035
0704.0929 0704.0642
0704.0929 0705.0534
0704.0929 0705.0115
0704.0929 0704.2490
0704.0929 0704.3582
0704.0929 0705.0021
0704.0929 0704.3472
0704.0929 0705.0947
0704.0930 0704.1124
0704.0930 0705.0875
0704.0930 0704.1214
0704.0930 0704.2464
0704.0931 0705.0558
0704.0931 0704.0718
0704.0931 0704.3183
0704.0931 0704.0882
0704.0932 0704.3008
0704.0932 0704.2264
0704.0933 0704.0923
0704.0933 0705.0654
0704.0933 0704.3610
0704.0933 0705.0111
0704.0933 0704.3397
0704.0933 0704.2945
0704.0933 0704.3442
0704.0933 0704.0093
0704.0933 0704.3400
0704.0933 0705.0621
0704.0934 0704.0867
0704.0934 0704.0705
0704.0935 0704.2346
0704.0935 0705.0195
0704.0935 0704.0327
0704.0936 0704.2818
0704.0936 0705.0866
0704.0937 0704.2165
0704.0938 0704.3979
0704.0939 0705.0433
0704.0939 0704.1413
0704.0939 0704.0421
0704.0939 0704.2259
0704.0940 0705.0985
0704.0941 0704.3644
0704.0941 0704.2178
0704.0941 0704.2747
0704.0941 0704.2846
0704.0941 0704.2568
0704.0941 0704.1105
0704.0941 0705.0446
0704.0941 0704.3629
0704.0941 0704.0536
0704.0941 0704.0808
0704.0941 0704.3077
0704.0941 0705.0039
0704.0941 0704.3589
0704.0941 0704.0428
0704.0941 0704.2426
0704.0941 0704.1872
0704.0941 0704.0255
0704.0941 0704.3377
0704.0941 0704.2468
0704.0941 0704.3044
0704.0941 0704.2636
0704.0942 0704.3416
0704.0943 0704.0462
0704.0943 0704.2013
0704.0943 0705.0232
0704.0943 0704.0921
0704.0943 0704.3070
0704.0943 0704.3975
0704.0943 0704.1012
0704.0943 0704.0367
0704.0943 0705.0236
0704.0943 0705.0674
0704.0943 0704.2302
0704.0944 0704.1483
0704.0944 0704.0538
0704.0945 0705.0519
0704.0945 0704.1113
0704.0945 0704.1696
0704.0946 0704.0303
0704.0946 0704.1582
0704.0946 0704.1426
0704.0946 0705.0993
0704.0947 0704.0271
0704.0947 0704.2047
0704.0947 0704.1780
0704.0947 0704.0637
0704.0948 0704.3266
0704.0948 0704.1633
0704.0949 0704.3875
0704.0949 0705.0137
0704.0950 0704.0312
0704.0950 0704.1191
0704.0950 0704.1985
0704.0951 0705.0865
0704.0952 0705.0441
0704.0952 0704.3183
0704.0952 0704.2822
0704.0953 0704.0911
0704.0953 0704.2335
0704.0953 0704.0225
0704.0953 0704.2339
0704.0954 0705.0687
0704.0954 0704.2544
0704.0955 0705.0473
0704.0955 0705.0319
0704.0955 0704.1695
0704.0955 0704.1846
0704.0956 0705.0204
0704.0956 0705.0095
0704.0958 0704.0073
0704.0959 0704.3625
0704.0959 0704.3659
0704.0959 0704.0796
0704.0959 0704.0032
0704.0959 0704.2509
0704.0959 0704.1514
0704.0959 0704.3950
0704.0959 0704.2262
0704.0959 0704.3478
0704.0959 0704.3091
0704.0959 0704.1085
0704.0959 0704.1337
0704.0959 0705.0703
0704.0960 0704.3762
0704.0961 0705.0367
0704.0961 0704.2740
0704.0961 0705.0265
0704.0962 0705.0376
0704.0962 0705.0775
0704.0962 0704.0839
0704.0964 0704.3067
0704.0965 0704.2105
0704.0965 0705.0943
0704.0965 0704.0886
0704.0965 0704.3950
0704.0965 0704.2246
0704.0967 0704.2665
0704.0968 0704.2450
0704.0968 0704.2350
0704.0969 0705.0236
0704.0970 0704.3675
0704.0970 0704.2621
0704.0970 0704.0632
0704.0971 0705.0074
0704.0971 0704.0254
0704.0972 0704.3317
0704.0972 0704.1235
0704.0972 0704.3431
0704.0972 0705.0888
0704.0973 0704.0290
0704.0974 0704.1097
0704.0974 0704.1558
0704.0975 0705.0380
0704.0975 0704.2168
0704.0975 0704.2726
0704.0976 0704.3899
0704.0977 0705.0407
0704.0977 0704.1486
0704.0977 0705.0578
0704.0977 0704.2410
0704.0977 0705.0417
0704.0977 0704.0830
0704.0977 0704.1953
0704.0977 0704.3608
0704.0977 0704.2419
0704.0979 0704.1653
0704.0979 0704.2753
0704.0979 0704.2335
0704.0980 0704.1386
0704.0980 0704.2519
0704.0980 0704.1832
0704.0980 0704.2370
0704.0981 0704.1977
0704.0981 0704.2040
0704.0981 0704.3862
0704.0981 0705.0785
0704.0981 0704.2111
0704.0981 0705.0827
0704.0981 0704.3373
0704.0981 0704.2849
0704.0981 0704.2524
0704.0981 0704.0440
0704.0981 0704.0965
0704.0982 0704.0442
0704.0982 0705.0311
0704.0982 0704.1596
0704.0983 0704.2281
0704.0983 0705.0068
0704.0983 0705.0341
0704.0984 0704.0443
0704.0985 0704.1642
0704.0985 0704.3780
0704.0985 0705.0199
0704.0986 0704.3751
0704.0986 0705.0513
0704.0986 0704.2895
0704.0986 0705.0927
0704.0986 0704.1175
0704.0987 0705.0258
0704.0987 0704.1479
0704.0988 0704.3996
0704.0989 0704.1301
0704.0989 0704.0091
0704.0989 0704.2754
0704.0989 0704.0199
0704.0989 0705.0726
0704.0989 0704.1719
0704.0989 0704.2022
0704.0989 0704.3935
0704.0989 0704.1385
0704.0989 0704.3332
0704.0989 0704.2600
0704.0990 0704.0722
0704.0991 0704.3775
0704.0991 0704.3519
0704.0992 0704.0048
0704.0992 0704.0149
0704.0992 0705.0845
0704.0992 0705.0375
0704.0992 0704.1637
0704.0992 0704.2499
0704.0992 0704.3062
0704.0992 0704.1930
0704.0993 0704.2641
0704.0994 0705.0349
0704.0995 0704.0034
0704.0996 0704.1355
0704.0996 0704.1856
0704.0997 0704.2822
0704.0998 0704.1868
0704.0998 0705.0823
0704.0998 0704.0555
0704.0998 0705.0124
0704.0999 0704.0201
0704.0999 0704.2876
0704.0999 0704.0649
0704.0999 0704.2890
0704.0999 0704.3740
0704.0999 0705.0265
0704.1000 0704.2080
0704.1000 0704.3555
0704.1001 0704.2946
0704.1001 0704.2629
0704.1001 0704.1217
0704.1001 0705.0016
0704.1002 0704.1521
0704.1002 0704.1874
0704.1002 0704.0157
0704.1002 0704.3670
0704.1003 0704.1076
0704.1004 0704.0180
0704.1005 0704.1386
0704.1006 0704.3911
0704.1006 0704.0942
0704.1006 0705.0868
0704.1006 0704.0698
0704.1006 0704.2879
0704.1006 0704.0393
0704.1007 0704.0397
0704.1007 0704.0325
0704.1008 0704.1009
0704.1008 0704.1249
0704.1008 0704.3893
0704.1008 0704.2754
0704.1008 0704.1258
0704.1008 0704.1687
0704.1008 0704.3819
0704.1008 0705.0050
0704.1008 0704.3450
0704.1009 0704.0077
0704.1010 0704.3163
0704.1010 0704.1009
0704.1010 0704.0966
0704.1010 0704.1633
0704.1010 0705.0197
0704.1010 0705.0055
0704.1010 0704.3669
0704.1010 0704.1236
0704.1010 0705.0717
0704.1010 0704.2331
0704.1010 0704.0111
0704.1010 0704.0935
0704.1010 0705.0790
0704.1010 0704.2321
0704.1010 0704.0872
0704.1010 0704.1001
0704.1010 0705.0084
0704.1011 0704.2156
0704.1011 0705.0011
0704.1012 0704.2423
0704.1012 0704.2604
0704.1012 0704.2157
0704.1012 0704.0809
0704.1012 0704.1316
0704.1014 0704.1747
0704.1014 0704.3940
0704.1015 0704.1038
0704.1015 0704.1227
0704.1015 0704.0052
0704.1015 0705.0050
0704.1015 0704.1165
0704.1015 0704.0166
0704.1015 0705.0706
0704.1016 0705.0190
0704.1018 0704.1895
0704.1018 0704.2497
0704.1019 0704.2165
0704.1019 0704.3354
0704.1020 0704.0954
0704.1020 0704.1434
0704.1021 0704.0853
0704.1021 0704.2040
0704.1021 0704.2403
0704.1021 0704.0376
0704.1021 0704.1136
0704.1021 0704.0779
0704.1021 0704.2646
0704.1021 0705.0585
0704.1021 0704.0080
0704.1021 0705.0236
0704.1021 0704.2081
0704.1021 0704.1399
0704.1021 0705.0728
0704.1021 0704.3894
0704.1022 0704.3587
0704.1023 0704.1867
0704.1023 0704.0762
0704.1024 0704.1500
0704.1024 0704.2764
0704.1025 0704.3280
0704.1026 0705.0147
0704.1026 0704.0930
0704.1026 0704.1370
0704.1026 0704.2350
0704.1026 0704.3459
0704.1026 0704.3922
0704.1026 0704.1366
0704.1026 0705.0505
0704.1027 0705.0133
0704.1027 0704.0481
0704.1028 0705.0602
0704.1028 0704.2725
0704.1028 0704.3411
0704.1029 0705.0076
0704.1029 0705.0160
0704.1029 0704.2803
0704.1029 0704.3963
0704.1029 0704.1073
0704.1029 0704.2374
0704.1029 0704.3170
0704.1029 0704.0237
0704.1029 0704.0889
0704.1030 0704.0664
0704.1030 0704.0107
0704.1030 0704.3706
0704.1030 0704.2579
0704.1030 0704.0102
0704.1030 0704.0162
0704.1030 0704.2148
0704.1030 0705.0076
0704.1031 0705.0298
0704.1032 0705.0722
0704.1033 0704.1836
0704.1034 0704.3548
0704.1034 0704.0994
0704.1034 0705.0167
0704.1035 0704.3949
0704.1035 0705.0996
0704.1036 0704.0616
0704.1036 0704.1978
0704.1036 0704.3899
0704.1036 0704.2048
0704.1036 0704.2633
0704.1036 0705.0762
0704.1036 0704.0542
0704.1036 0704.1943
0704.1036 0704.2029
0704.1036 0704.0010
0704.1036 0705.0032
0704.1036 0705.0946
0704.1037 0704.2280
0704.1039 0704.3103
0704.1040 0704.0646
0704.1040 0704.2656
0704.1041 0704.3665
0704.1041 0705.0832
0704.1041 0705.0411
0704.1041 0704.2592
0704.1041 0704.1955
0704.1041 0705.0291
0704.1042 0705.0073
0704.1043 0704.1873
0704.1043 0704.0304
0704.1043 0704.3308
0704.1044 0705.0941
0704.1044 0704.0745
0704.1044 0705.0975
0704.1044 0704.0002
0704.1045 0705.0164
0704.1045 0704.2758
0704.1046 0704.3739
0704.1047 0704.0445
0704.1047 0704.3288
0704.1048 0705.0811
0704.1048 0704.3510
0704.1048 0704.3881
0704.1048 0704.1472
0704.1048 0705.0417
0704.1048 0705.0919
0704.1048 0704.2980
0704.1048 0704.3319
0704.1048 0704.0825
0704.1049 0704.1345
0704.1049 0704.0799
0704.1050 0704.1818
0704.1052 0704.2502
0704.1052 0704.0376
0704.1052 0704.0871
0704.1052 0704.3067
0704.1052 0704.1412
0704.1052 0705.0508
0704.1052 0704.1688
0704.1052 0704.3972
0704.1053 0705.0032
0704.1054 0704.0877
0704.1054 0704.3765
0704.1055 0704.1606
0704.1056 0704.1271
0704.1056 0704.2809
0704.1056 0704.2307
0704.1056 0704.1564
0704.1056 0704.2772
0704.1056 0705.0991
0704.1057 0705.0948
0704.1057 0705.0476
0704.1057 0704.3354
0704.1057 0704.3752
0704.1057 0705.0034
0704.1057 0704.3087
0704.1057 0704.0720
0704.1057 0704.3696
0704.1057 0704.1011
0704.1057 0704.3217
0704.1058 0705.0129
0704.1059 0704.0005
0704.1059 0704.2388
0704.1059 0705.0345
0704.1060 0704.3548
0704.1060 0704.3129
0704.1061 0704.2774
0704.1061 0705.0164
0704.1062 0704.1453
0704.1063 0704.1592
0704.1063 0704.0849
0704.1063 0704.1220
0704.1064 0705.0918
0704.1065 0704.1552
0704.1065 0705.0129
0704.1066 0705.0625
0704.1066 0704.2411
0704.1066 0704.3095
0704.1066 0705.0411
0704.1066 0704.3332
0704.1066 0704.3714
0704.1066 0704.3404
0704.1066 0704.2810
0704.1067 0704.1133
0704.1068 0705.0487
0704.1068 0705.0425
0704.1068 0705.0933
0704.1069 0704.1580
0704.1069 0704.2757
0704.1069 0704.2194
0704.1069 0704.1458
0704.1069 0704.1088
0704.1069 0705.0131
0704.1069 0704.1737
0704.1069 0705.0515
0704.1069 0704.1645
0704.1070 0704.3396
0704.1070 0705.0123
0704.1070 0704.2887
0704.1070 0704.0946
0704.1071 0705.0773
0704.1072 0704.3691
0704.1072 0704.2344
0704.1072 0705.0916
0704.1073 0704.0221
0704.1073 0704.1998
0704.1073 0705.0283
0704.1074 0704.3122
0704.1075 0704.1204
0704.1075 0704.0292
0704.1075 0704.2353
0704.1075 0704.2058
0704.1075 0704.1604
0704.1075 0704.1203
0704.1075 0705.0027
0704.1075 0705.0673
0704.1075 0705.0440
0704.1075 0704.1056
0704.1076 0704.3852
0704.1076 0704.2419
0704.1076 0705.0324
0704.1077 0704.1349
0704.1077 0705.0605
0704.1077 0704.0840
0704.1077 0704.2491
0704.1077 0704.3820
0704.1077 0704.0910
0704.1078 0704.1467
0704.1078 0704.2536
0704.1078 0704.3748
0704.1078 0704.1949
0704.1078 0704.3189
0704.1079 0705.0117
0704.1079 0704.2358
0704.1079 0705.0139
0704.1080 0704.0107
0704.1080 0704.0409
0704.1080 0704.3420
0704.1080 0704.2352
0704.1080 0704.3116
0704.1080 0705.0527
0704.1080 0704.3060
0704.1080 0704.0442
0704.1081 0704.1665
0704.1082 0704.2477
0704.1082 0704.0466
0704.1082 0704.3016
0704.1083 0704.2512
0704.1083 0704.3994
0704.1083 0705.0943
0704.1083 0704.1611
0704.1084 0704.1096
0704.1084 0704.0611
0704.1084 0704.1456
0704.1084 0704.1651
0704.1084 0704.2538
0704.1085 0704.1425
0704.1086 0704.2285
0704.1086 0704.0333
0704.1086 0705.0789
0704.1087 0705.0558
0704.1088 0704.1320
0704.1089 0704.2091
0704.1091 0704.1270
0704.1093 0704.1714
0704.1093 0704.1771
0704.1093 0704.1611
0704.1093 0704.1510
0704.1093 0704.0733
0704.1093 0705.0073
0704.1093 0704.0560
0704.1093 0705.0270
0704.1093 0704.2247
0704.1093 0704.0322
0704.1094 0704.1496
0704.1094 0704.3410
0704.1095 0704.2470
0704.1095 0704.2866
0704.1095 0704.0566
0704.1095 0704.1815
0704.1096 0705.0632
0704.1096 0704.2408
0704.1096 0704.1793
0704.1096 0704.0940
0704.1096 0704.1169
0704.1097 0704.3125
0704.1097 0705.0345
0704.1098 0704.0175
0704.1098 0704.0941
0704.1099 0704.1971
0704.1099 0704.0773
0704.1100 0704.3129
0704.1100 0704.0931
0704.1100 0704.0895
0704.1100 0704.0836
0704.1100 0704.2127
0704.1101 0704.0203
0704.1101 0704.2876
0704.1101 0704.3509
0704.1102 0704.2631
0704.1102 0704.0687
0704.1102 0704.2435
0704.1102 0705.0557
0704.1102 0704.1584
0704.1102 0705.0213
0704.1102 0705.0427
0704.1102 0705.0233
0704.1102 0704.1540
0704.1102 0704.0511
0704.1102 0704.1088
0704.1102 0704.1488
0704.1102 0704.0676
0704.1102 0705.0729
0704.1103 0704.1072
0704.1103 0705.0407
0704.1104 0704.0377
0704.1104 0704.1749
0704.1104 0704.1729
0704.1104 0704.3484
0704.1105 0704.1026
0704.1105 0704.0195
0704.1105 0704.3920
0704.1105 0704.2723
0704.1105 0704.1841
0704.1105 0704.1437
0704.1105 0704.3767
0704.1105 0704.0774
0704.1105 0705.0048
0704.1108 0704.1967
0704.1108 0705.0711
0704.1108 0704.0504
0704.1109 0704.1141
0704.1109 0704.3181
0704.1109 0705.0674
0704.1109 0704.3342
0704.1110 0704.3315
0704.1111 0704.0139
0704.1112 0704.0970
0704.1113 0704.0596
0704.1113 0704.0674
0704.1113 0704.0478
0704.1114 0705.0118
0704.1115 0705.0968
0704.1115 0704.3599
0704.1117 0704.3587
0704.1118 0705.0440
0704.1118 0705.0370
0704.1118 0704.1283
0704.1118 0704.0314
0704.1119 0704.3205
0704.1120 0705.0469
0704.1121 0704.1182
0704.1121 0704.3811
0704.1122 0704.3058
0704.1123 0704.1161
0704.1123 0704.0082
0704.1123 0705.0739
0704.1123 0704.3175
0704.1123 0705.0548
0704.1124 0704.0052
0704.1124 0704.3208
0704.1124 0705.0888
0704.1125 0704.1915
0704.1125 0704.1907
0704.1125 0704.0871
0704.1125 0704.3387
0704.1125 0705.0202
0704.1125 0704.3135
0704.1125 0704.2762
0704.1125 0704.1169
0704.1126 0704.2073
0704.1126 0704.1506
0704.1127 0704.1648
0704.1127 0704.0603
0704.1127 0704.3782
0704.1127 0705.0497
0704.1128 0704.0552
0704.1128 0704.1987
0704.1128 0704.0583
0704.1129 0705.0547
0704.1129 0704.3235
0704.1129 0704.1051
0704.1129 0704.3043
0704.1129 0704.0820
0704.1129 0704.1924
0704.1129 0704.1762
0704.1130 0704.0436
0704.1130 0704.1588
0704.1131 0704.3693
0704.1132 0705.0634
0704.1132 0704.2780
0704.1132 0704.1430
0704.1133 0704.2593
0704.1134 0704.1383
0704.1136 0704.1816
0704.1137 0704.3330
0704.1137 0704.3575
0704.1138 0705.0481
0704.1138 0704.3994
0704.1138 0704.2505
0704.1138 0704.3255
0704.1138 0704.2941
0704.1138 0704.1270
0704.1138 0705.0352
0704.1138 0704.3050
0704.1138 0705.0154
0704.1139 0704.1441
0704.1140 0704.0925
0704.1140 0704.2301
0704.1141 0704.1611
0704.1141 0704.3234
0704.1141 0704.2881
0704.1142 0704.0627
0704.1143 0705.0757
0704.1143 0704.3954
0704.1143 0704.2139
0704.1143 0704.0190
0704.1143 0705.0456
0704.1143 0704.0314
0704.1143 0704.2566
0704.1143 0704.0369
0704.1143 0705.0522
0704.1144 0705.0420
0704.1145 0704.1219
0704.1146 0704.1831
0704.1147 0705.0829
0704.1148 0705.0183
0704.1148 0704.0848
0704.1148 0704.1472
0704.1148 0704.2547
0704.1148 0705.0107
0704.1150 0704.1959
0704.1150 0704.0121
0704.1151 0704.1523
0704.1151 0704.1307
0704.1151 0704.1470
0704.1151 0704.1304
0704.1151 0705.0155
0704.1151 0705.0898
0704.1152 0705.0632
0704.1152 0704.1360
0704.1152 0704.1796
0704.1152 0704.2943
0704.1152 0704.3046
0704.1152 0704.0936
0704.1152 0704.0332
0704.1152 0705.0697
0704.1152 0705.0531
0704.1153 0704.0200
0704.1153 0704.1591
0704.1153 0705.0248
0704.1153 0704.2967
0704.1153 0704.1395
0704.1153 0704.1392
0704.1153 0704.0318
0704.1153 0704.2198
0704.1153 0705.0021
0704.1153 0704.3187
0704.1153 0704.1700
0704.1154 0704.1049
0704.1154 0704.1149
0704.1154 0704.2659
0704.1154 0705.0274
0704.1154 0704.0846
0704.1154 0704.2635
0704.1154 0704.2677
0704.1155 0704.2242
0704.1156 0704.2279
0704.1156 0704.1598
0704.1156 0704.3303
0704.1156 0704.2896
0704.1156 0705.0237
0704.1156 0704.0810
0704.1156 0704.3455
0704.1156 0704.2406
0704.1156 0704.3437
0704.1156 0704.3438
0704.1156 0705.0919
0704.1156 0704.3331
0704.1156 0704.1829
0704.1157 0704.2940
0704.1157 0705.0348
0704.1157 0705.0131
0704.1157 0705.0951
0704.1157 0704.0055
0704.1158 0704.3606
0704.1158 0704.0691
0704.1159 0704.0632
0704.1160 0704.2302
0704.1161 0704.1291
0704.1161 0704.1889
0704.1162 0704.1138
0704.1162 0704.1889
0704.1163 0704.3372
0704.1163 0704.0687
0704.1163 0704.1324
0704.1163 0705.0134
0704.1163 0704.0184
0704.1163 0704.1208
0704.1163 0704.3710
0704.1163 0705.0491
0704.1163 0704.2768
0704.1163 0704.2090
0704.1164 0705.0853
0704.1164 0704.0759
0704.1164 0704.3556
0704.1165 0705.0198
0704.1167 0704.0717
0704.1167 0704.2119
0704.1167 0704.0313
0704.1168 0704.1357
0704.1168 0705.0976
0704.1168 0704.2752
0704.1168 0704.3741
0704.1168 0704.2523
0704.1168 0704.1779
0704.1168 0704.3578
0704.1168 0704.2202
0704.1168 0704.0183
0704.1168 0704.1878
0704.1168 0704.2329
0704.1168 0704.0289
0704.1168 0704.3689
0704.1168 0704.0705
0704.1169 0705.0790
0704.1169 0704.2696
0704.1169 0704.1399
0704.1170 0704.3367
0704.1171 0704.3983
0704.1171 0704.1491
0704.1172 0705.0183
0704.1173 0704.3769
0704.1173 0704.2809
0704.1174 0704.1884
0704.1174 0704.0564
0704.1174 0705.0659
0704.1174 0705.0603
0704.1175 0704.0142
0704.1175 0704.1076
0704.1175 0705.0285
0704.1175 0705.0134
0704.1175 0704.0804
0704.1175 0704.0688
0704.1176 0704.1388
0704.1176 0705.0960
0704.1178 0704.3625
0704.1178 0704.3676
0704.1178 0705.0354
0704.1178 0704.0320
0704.1179 0704.0472
0704.1179 0704.0765
0704.1180 0705.0943
0704.1180 0704.0984
0704.1181 0704.0010
0704.1182 0705.0981
0704.1182 0705.0003
0704.1182 0704.3448
0704.1183 0704.1513
0704.1183 0704.3954
0704.1183 0705.0499
0704.1183 0704.0123
0704.1183 0704.3127
0704.1183 0704.3816
0704.1184 0704.0687
0704.1184 0704.2325
0704.1184 0704.1965
0704.1184 0704.3470
0704.1184 0704.3906
0704.1184 0704.1040
0704.1184 0705.0777
0704.1184 0704.1908
0704.1184 0704.0757
0704.1185 0705.0738
0704.1185 0704.1079
0704.1185 0704.0060
0704.1185 0704.0052
0704.1185 0704.3084
0704.1185 0704.1420
0704.1185 0705.0284
0704.1185 0704.2326
0704.1186 0704.2591
0704.1186 0704.3005
0704.1186 0704.1356
0704.1186 0704.0250
0704.1186 0704.3354
0704.1187 0705.0796
0704.1187 0704.2256
0704.1187 0704.0683
0704.1188 0705.0996
0704.1188 0704.3311
0704.1188 0704.3472
0704.1189 0704.2520
0704.1189 0704.3258
0704.1190 0705.0941
0704.1190 0705.0567
0704.1190 0704.3765
0704.1191 0704.0976
0704.1191 0704.3360
0704.1191 0704.2783
0704.1191 0704.2288
0704.1191 0704.3604
0704.1191 0704.1132
0704.1191 0704.1884
0704.1191 0704.3144
0704.1191 0705.0531
0704.1192 0704.2631
0704.1192 0704.3994
0704.1192 0704.1940
0704.1192 0704.2948
0704.1192 0704.1335
0704.1192 0704.2778
0704.1192 0704.0427
0704.1192 0705.0515
0704.1192 0704.1001
0704.1193 0704.0627
0704.1193 0704.3868
0704.1193 0704.0060
0704.1193 0704.1108
0704.1193 0705.0919
0704.1194 0704.0796
0704.1194 0704.3154
0704.1194 0704.3288
0704.1194 0704.0913
0704.1194 0705.0532
0704.1194 0704.2341
0704.1194 0704.2969
0704.1194 0704.0310
0704.1194 0705.0092
0704.1195 0704.2348
0704.1195 0704.2849
0704.1196 0705.0635
0704.1196 0705.0049
0704.1196 0704.3197
0704.1197 0704.1802
0704.1197 0705.0940
0704.1197 0704.2345
0704.1198 0705.0911
0704.1198 0705.0815
0704.1199 0704.1392
0704.1199 0704.1390
0704.1199 0705.0151
0704.1200 0704.3564
0704.1200 0704.1961
0704.1201 0704.1291
0704.1203 0704.3325
0704.1203 0704.2314
0704.1203 0704.2124
0704.1203 0704.3241
0704.1204 0705.0240
0704.1206 0705.0502
0704.1206 0705.0859
0704.1206 0704.0311
0704.1207 0705.0775
0704.1207 0704.3422
0704.1208 0704.2363
0704.1208 0704.3556
0704.1208 0704.2143
0704.1208 0704.1164
0704.1208 0704.1437
0704.1208 0704.1257
0704.1208 0704.1824
0704.1208 0704.0039
0704.1208 0704.2674
0704.1208 0704.3820
0704.1209 0704.2546
0704.1209 0704.2791
0704.1209 0704.0224
0704.1209 0704.2072
0704.1209 0704.0306
0704.1209 0704.2415
0704.1209 0704.0961
0704.1210 0704.2786
0704.1210 0705.0133
0704.1210 0704.2271
0704.1210 0704.1994
0704.1210 0704.3763
0704.1210 0704.3441
0704.1210 0704.2320
0704.1210 0705.0531
0704.1211 0704.3055
0704.1211 0704.0225
0704.1212 0704.0181
0704.1212 0704.3138
0704.1212 0704.1742
0704.1212 0704.1809
0704.1213 0705.0237
0704.1213 0704.3381
0704.1213 0705.0508
0704.1213 0704.3212
0704.1213 0704.2894
0704.1214 0704.2406
0704.1214 0704.0184
0704.1214 0704.2036
0704.1215 0704.3108
0704.1215 0704.0623
0704.1215 0704.3611
0704.1216 0705.0702
0704.1216 0704.1621
0704.1216 0704.2887
0704.1216 0704.2207
0704.1216 0705.0448
0704.1216 0704.3204
0704.1216 0704.1793
0704.1217 0704.1559
0704.1218 0704.1926
0704.1218 0704.1770
0704.1219 0705.0827
0704.1219 0704.1452
0704.1219 0704.1696
0704.1220 0704.2270
0704.1220 0704.2919
0704.1221 0704.0983
0704.1221 0704.1418
0704.1222 0705.0615
0704.1222 0705.0435
0704.1222 0704.0155
0704.1223 0705.0853
0704.1223 0704.2694
0704.1223 0704.3043
0704.1224 0705.0032
0704.1225 0705.0187
0704.1225 0704.1194
0704.1225 0704.1501
0704.1225 0705.0571
0704.1226 0704.3915
0704.1226 0704.3924
0704.1226 0705.0432
0704.1226 0704.0267
0704.1226 0704.1218
0704.1226 0704.2063
0704.1226 0704.0586
0704.1227 0704.3773
0704.1227 0704.2590
0704.1227 0704.1688
0704.1227 0704.1168
0704.1227 0705.0195
0704.1227 0705.0857
0704.1227 0705.0695
0704.1227 0704.0845
0704.1227 0705.0517
0704.1227 0704.0069
0704.1229 0705.0758
0704.1230 0704.2964
0704.1231 0704.2129
0704.1232 0704.1945
0704.1232 0704.1590
0704.1233 0704.1769
0704.1233 0704.1508
0704.1233 0704.3590
0704.1233 0704.3000
0704.1234 0705.0921
0704.1234 0704.2537
0704.1234 0704.3052
0704.1235 0704.3695
0704.1235 0705.0480
0704.1235 0704.3261
0704.1236 0705.0717
0704.1236 0704.1174
0704.1237 0704.0819
0704.1238 0704.2034
0704.1238 0704.3543
0704.1238 0705.0334
0704.1239 0704.1196
0704.1239 0704.1096
0704.1240 0704.0080
0704.1240 0704.1445
0704.1240 0704.0900
0704.1241 0704.0533
0704.1241 0704.2441
0704.1241 0705.0492
0704.1241 0704.2590
0704.1241 0705.0375
0704.1241 0705.0731
0704.1241 0705.0236
0704.1242 0704.2135
0704.1242 0705.0474
0704.1242 0704.0790
0704.1242 0704.2225
0704.1242 0704.1288
0704.1242 0704.0411
0704.1242 0704.2749
0704.1242 0705.0388
0704.1242 0704.0977
0704.1242 0704.3694
0704.1242 0704.3912
0704.1242 0704.1227
0704.1242 0704.2760
0704.1242 0704.1491
0704.1243 0705.0589
0704.1244 0704.3135
0704.1244 0704.0163
0704.1244 0704.2320
0704.1245 0704.2601
0704.1245 0704.2668
0704.1245 0704.1600
0704.1245 0704.2914
0704.1245 0704.1767
0704.1245 0705.0184
0704.1245 0704.3191
0704.1246 0705.0958
0704.1246 0704.1188
0704.1246 0704.3208
0704.1246 0704.1375
0704.1246 0705.0284
0704.1246 0704.0928
0704.1246 0704.3803
0704.1247 0704.2765
0704.1248 0704.3668
0704.1248 0705.0682
0704.1249 0704.0585
0704.1249 0705.0946
0704.1251 0704.1380
0704.1251 0705.0963
0704.1251 0704.3741
0704.1251 0704.1494
0704.1251 0704.3274
0704.1251 0704.2196
0704.1251 0704.3244
0704.1251 0704.1444
0704.1252 0704.3646
0704.1253 0704.2977
0704.1254 0705.0266
0704.1255 0704.3393
0704.1256 0704.0190
0704.1256 0705.0728
0704.1257 0704.1924
0704.1258 0704.0656
0704.1259 0704.0784
0704.1259 0704.2208
0704.1259 0704.0523
0704.1259 0704.0524
0704.1260 0704.0441
0704.1260 0704.0758
0704.1260 0704.0216
0704.1260 0704.1370
0704.1261 0705.0291
0704.1262 0704.0682
0704.1263 0704.0609
0704.1263 0704.1184
0704.1263 0704.3197
0704.1264 0704.2330
0704.1264 0704.1623
0704.1264 0705.0897
0704.1264 0704.3633
0704.1265 0704.1576
0704.1265 0704.1237
0704.1265 0704.0235
0704.1265 0704.0288
0704.1266 0704.2666
0704.1267 0704.3829
0704.1268 0705.0555
0704.1268 0704.2622
0704.1268 0705.0417
0704.1268 0704.1107
0704.1269 0705.0894
0704.1270 0705.0619
0704.1271 0704.3920
0704.1271 0705.0372
0704.1272 0704.2846
0704.1273 0705.0911
0704.1273 0704.0734
0704.1274 0704.2998
0704.1275 0704.1450
0704.1275 0704.0190
0704.1275 0705.0289
0704.1275 0704.0001
0704.1275 0704.2753
0704.1276 0704.1281
0704.1276 0704.2820
0704.1277 0705.0348
0704.1277 0704.0117
0704.1277 0705.0029
0704.1278 0704.2402
0704.1278 0705.0001
0704.1278 0704.2719
0704.1278 0704.1897
0704.1278 0705.0464
0704.1278 0704.0175
0704.1278 0705.0893
0704.1279 0705.0489
0704.1280 0704.3357
0704.1280 0704.3235
0704.1280 0704.3583
0704.1280 0705.0631
0704.1281 0704.3454
0704.1281 0704.0649
0704.1281 0704.2057
0704.1281 0704.3463
0704.1281 0704.3543
0704.1281 0704.2405
0704.1282 0704.2229
0704.1282 0705.0768
0704.1283 0704.3385
0704.1283 0705.0336
0704.1283 0704.3014
0704.1283 0704.2204
0704.1284 0704.0905
0704.1284 0704.3736
0704.1284 0704.1716
0704.1284 0704.3087
0704.1284 0704.1006
0704.1284 0704.3715
0704.1284 0704.2183
0704.1285 0704.2695
0704.1285 0704.1540
0704.1285 0704.3610
0704.1286 0704.0787
0704.1286 0704.0783
0704.1286 0704.1029
0704.1286 0704.0069
0704.1286 0704.1782
0704.1286 0704.3822
0704.1286 0704.0720
0704.1286 0704.0022
0704.1286 0704.1066
0704.1286 0704.2213
0704.1286 0704.3599
0704.1287 0704.1235
0704.1289 0705.0083
0704.1289 0704.2071
0704.1289 0704.1447
0704.1290 0704.3800
0704.1291 0704.1199
0704.1291 0704.0914
0704.1291 0704.0659
0704.1291 0704.0482
0704.1293 0705.0449
0704.1293 0704.0349
0704.1294 0704.2042
0704.1294 0704.0275
0704.1294 0704.0865
0704.1294 0704.0104
0704.1294 0704.1634
0704.1294 0704.3631
0704.1294 0704.2051
0704.1294 0704.3155
0704.1294 0704.3778
0704.1294 0704.3128
0704.1294 0704.2027
0704.1294 0704.0770
0704.1294 0704.1001
0704.1295 0704.3859
0704.1295 0704.1528
0704.1295 0704.0457
0704.1295 0704.2060
0704.1295 0704.3115
0704.1295 0704.1002
0704.1295 0704.2080
0704.1295 0704.3143
0704.1295 0705.0272
0704.1295 0705.0818
0704.1295 0705.0507
0704.1296 0704.1629
0704.1296 0704.2710
0704.1297 0704.0427
0704.1298 0704.2993
0704.1298 0704.2174
0704.1298 0704.1116
0704.1298 0704.2015
0704.1298 0704.0124
0704.1298 0704.2266
0704.1298 0705.0030
0704.1298 0704.1374
0704.1299 0704.3244
0704.1300 0704.1295
0704.1300 0704.2779
0704.1300 0704.0460
0704.1300 0704.0905
0704.1300 0704.1448
0704.1300 0704.3369
0704.1300 0704.2253
0704.1300 0705.0100
0704.1300 0704.0751
0704.1300 0704.0175
0704.1300 0705.0446
0704.1301 0704.0492
0704.1303 0704.0563
0704.1303 0704.3999
0704.1303 0704.1032
0704.1303 0705.0872
0704.1304 0705.0078
0704.1304 0704.0175
0704.1304 0704.3159
0704.1304 0704.1582
0704.1305 0704.2936
0704.1306 0704.0441
0704.1306 0705.0538
0704.1306 0705.0581
0704.1306 0704.3588
0704.1306 0704.2272
0704.1307 0705.0487
0704.1307 0705.0013
0704.1308 0704.1530
0704.1309 0704.3840
0704.1309 0704.2513
0704.1310 0705.0903
0704.1311 0705.0019
0704.1311 0705.0307
0704.1311 0704.2424
0704.1311 0704.3403
0704.1311 0705.0445
0704.1311 0704.3684
0704.1312 0704.2885
0704.1312 0704.3010
0704.1313 0705.0143
0704.1314 0704.1960
0704.1314 0704.0084
0704.1314 0705.0633
0704.1314 0704.2986
0704.1314 0704.1011
0704.1315 0704.1558
0704.1315 0704.3528
0704.1315 0704.0674
0704.1316 0704.3435
0704.1316 0704.1428
0704.1316 0704.0587
0704.1316 0704.2647
0704.1316 0704.2324
0704.1316 0704.1895
0704.1317 0705.0123
0704.1317 0704.2017
0704.1317 0704.0789
0704.1318 0704.0359
0704.1318 0704.0706
0704.1319 0704.1465
0704.1319 0704.1602
0704.1320 0704.1657
0704.1321 0704.1571
0704.1323 0705.0317
0704.1323 0705.0012
0704.1324 0705.0834
0704.1325 0704.0581
0704.1325 0705.0964
0704.1325 0704.3328
0704.1325 0704.2058
0704.1327 0705.0024
0704.1328 0704.3837
0704.1328 0704.0819
0704.1329 0704.3026
0704.1329 0704.3831
0704.1329 0704.0654
0704.1329 0704.3267
0704.1329 0704.0478
0704.1330 0705.0333
0704.1330 0704.0714
0704.1333 0704.2391
0704.1333 0704.0830
0704.1333 0704.0796
0704.1333 0705.0723
0704.1334 0705.0672
0704.1334 0704.3158
0704.1335 0705.0416
0704.1335 0704.0854
0704.1335 0704.0342
0704.1335 0704.1370
0704.1335 0705.0814
0704.1335 0705.0906
0704.1335 0704.3764
0704.1335 0705.0144
0704.1335 0705.0060
0704.1335 0705.0731
0704.1335 0704.3145
0704.1335 0704.1010
0704.1335 0704.2938
0704.1335 0704.3505
0704.1335 0704.2127
0704.1335 0704.1384
0704.1335 0705.0334
0704.1336 0705.0504
0704.1337 0704.3987
0704.1337 0704.1296
0704.1337 0704.1956
0704.1338 0704.1847
0704.1338 0704.3376
0704.1338 0705.0510
0704.1338 0704.2324
0704.1338 0704.1692
0704.1338 0704.2664
0704.1338 0704.3050
0704.1338 0705.0076
0704.1339 0705.0985
0704.1339 0705.0001
0704.1339 0704.2971
0704.1340 0705.0251
0704.1340 0704.1754
0704.1341 0705.0278
0704.1341 0704.3194
0704.1341 0704.2951
0704.1341 0704.2083
0704.1342 0704.3254
0704.1342 0704.3895
0704.1345 0704.0134
0704.1346 0704.0155
0704.1346 0704.2729
0704.1346 0704.1820
0704.1346 0704.2740
0704.1346 0704.1762
0704.1347 0705.0189
0704.1347 0704.0257
0704.1347 0705.0536
0704.1347 0704.2367
0704.1348 0705.0681
0704.1349 0704.0310
0704.1350 0704.1279
0704.1351 0704.3009
0704.1352 0704.2048
0704.1353 0705.0025
0704.1353 0704.2282
0704.1353 0704.3279
0704.1353 0704.1784
0704.1353 0705.0453
0704.1353 0705.0664
0704.1353 0704.1676
0704.1354 0704.2661
0704.1355 0704.2013
0704.1355 0704.2469
0704.1355 0705.0115
0704.1355 0705.0722
0704.1355 0704.0782
0704.1356 0704.2462
0704.1358 0704.3127
0704.1361 0704.2852
0704.1362 0704.3559
0704.1363 0704.0582
0704.1363 0704.2501
0704.1363 0704.3109
0704.1363 0705.0299
0704.1363 0704.0338
0704.1363 0705.0131
0704.1363 0704.0433
0704.1363 0704.1607
0704.1364 0704.2680
0704.1364 0704.1388
0704.1365 0704.1255
0704.1365 0704.1754
0704.1367 0704.3363
0704.1367 0705.0876
0704.1367 0704.2891
0704.1367 0705.0713
0704.1368 0704.1213
0704.1368 0704.3234
0704.1368 0704.2194
0704.1368 0704.3535
0704.1368 0704.1754
0704.1369 0704.3531
0704.1369 0704.3562
0704.1369 0704.3133
0704.1369 0704.0235
0704.1369 0704.2154
0704.1369 0704.0699
0704.1369 0705.0812
0704.1369 0705.0115
0704.1369 0704.0437
0704.1369 0704.3270
0704.1369 0704.2672
0704.1370 0704.1069
0704.1371 0705.0600
0704.1371 0704.1560
0704.1371 0704.3926
0704.1371 0704.1609
0704.1371 0705.0733
0704.1371 0704.3959
0704.1371 0705.0297
0704.1371 0705.0620
0704.1371 0704.3225
0704.1372 0704.0587
0704.1373 0704.2448
0704.1373 0705.0719
0704.1373 0704.0734
0704.1373 0704.3395
0704.1374 0704.3166
0704.1374 0704.2629
0704.1374 0704.3919
0704.1374 0704.3303
0704.1374 0704.2824
0704.1374 0704.1562
0704.1374 0704.3803
0704.1375 0704.2297
0704.1375 0704.0228
0704.1375 0704.1389
0704.1376 0704.1346
0704.1376 0704.3066
0704.1376 0705.0114
0704.1376 0705.0127
0704.1376 0704.1916
0704.1376 0704.0475
0704.1376 0704.1639
0704.1377 0704.1213
0704.1377 0704.0938
0704.1377 0704.0465
0704.1377 0704.1996
0704.1377 0704.0733
0704.1378 0704.2359
0704.1378 0704.1624
0704.1380 0704.1428
0704.1380 0704.0187
0704.1380 0704.2202
0704.1380 0704.0393
0704.1380 0704.3864
0704.1381 0705.0406
0704.1382 0705.0261
0704.1382 0705.0378
0704.1382 0704.2120
0704.1383 0704.1814
0704.1383 0705.0696
0704.1383 0704.1158
0704.1383 0704.0151
0704.1384 0705.0060
0704.1384 0704.0537
0704.1384 0704.2095
0704.1385 0704.3028
0704.1385 0704.2328
0704.1385 0704.2224
0704.1387 0704.2955
0704.1387 0704.2445
0704.1387 0704.3534
0704.1387 0704.0886
0704.1387 0704.0706
0704.1387 0704.0171
0704.1389 0704.3168
0704.1389 0704.3703
0704.1390 0704.3120
0704.1391 0704.0538
0704.1391 0704.3958
0704.1391 0704.2587
0704.1392 0704.1529
0704.1392 0704.0722
0704.1392 0704.3299
0704.1392 0704.3613
0704.1393 0705.0287
0704.1393 0705.0593
0704.1394 0704.0177
0704.1396 0704.0966
0704.1396 0704.1209
0704.1396 0705.0014
0704.1397 0704.0927
0704.1397 0704.0151
0704.1398 0704.2174
0704.1398 0704.2262
0704.1398 0704.2741
0704.1398 0704.3192
0704.1398 0705.0109
0704.1398 0704.3219
0704.1399 0704.3558
0704.1399 0704.2112
0704.1400 0704.2558
0704.1400 0704.2079
0704.1400 0704.3224
0704.1400 0704.2805
0704.1400 0704.1408
0704.1400 0704.0307
0704.1401 0704.3057
0704.1401 0705.0346
0704.1401 0704.2009
0704.1401 0704.2055
0704.1401 0705.0701
0704.1401 0704.1779
0704.1401 0705.0669
0704.1401 0704.3155
0704.1401 0704.2524
0704.1401 0704.3427
0704.1401 0704.1253
0704.1401 0704.1034
0704.1401 0704.1973
0704.1402 0704.1597
0704.1402 0704.1480
0704.1402 0704.3512
0704.1402 0705.0443
0704.1402 0704.3684
0704.1403 0705.0766
0704.1403 0704.2838
0704.1403 0705.0759
0704.1404 0704.1072
0704.1404 0704.2535
0704.1404 0704.1529
0704.1405 0704.1108
0704.1405 0704.3119
0704.1406 0704.1513
0704.1406 0704.0971
0704.1406 0704.2607
0704.1406 0704.3893
0704.1406 0704.0892
0704.1406 0704.1382
0704.1406 0705.0011
0704.1406 0704.1194
0704.1406 0705.0073
0704.1406 0705.0475
0704.1406 0704.2266
0704.1406 0704.1262
0704.1407 0704.3457
0704.1407 0704.2612
0704.1408 0704.3632
0704.1408 0704.2244
0704.1408 0704.3768
0704.1408 0704.2753
0704.1408 0704.3803
0704.1409 0704.3157
0704.1409 0704.1675
0704.1409 0704.1078
0704.1410 0704.2011
0704.1410 0705.0886
0704.1410 0704.1774
0704.1411 0704.0214
0704.1412 0704.3541
0704.1412 0705.0116
0704.1412 0704.2322
0704.1412 0705.0149
0704.1412 0704.1099
0704.1413 0704.3842
0704.1414 0704.0945
0704.1414 0705.0026
0704.1414 0704.2019
0704.1414 0704.3178
0704.1415 0704.1139
0704.1415 0704.3391
0704.1415 0704.1828
0704.1415 0704.0539
0704.1415 0704.3304
0704.1415 0704.2215
0704.1415 0704.0326
0704.1415 0704.2278
0704.1415 0704.2826
0704.1416 0705.0445
0704.1416 0704.1203
0704.1416 0704.1678
0704.1418 0704.3600
0704.1419 0704.2664
0704.1419 0704.2348
0704.1420 0705.0889
0704.1420 0704.1320
0704.1420 0704.3505
0704.1421 0704.0343
0704.1422 0704.2566
0704.1422 0705.0865
0704.1422 0704.2277
0704.1423 0705.0684
0704.1424 0705.0301
0704.1425 0704.0897
0704.1425 0704.0368
0704.1425 0704.1970
0704.1426 0704.0200
0704.1426 0705.0884
0704.1426 0704.3245
0704.1426 0704.3234
0704.1426 0704.1451
0704.1426 0705.0408
0704.1426 0704.0323
0704.1427 0704.2388
0704.1427 0705.0237
0704.1427 0704.3624
0704.1427 0704.0319
0704.1427 0704.1558
0704.1428 0704.1412
0704.1428 0705.0105
0704.1428 0705.0718
0704.1428 0704.3782
0704.1428 0704.2345
0704.1429 0704.0447
0704.1429 0704.1719
0704.1430 0704.0741
0704.1430 0704.1315
0704.1430 0705.0355
0704.1430 0705.0101
0704.1430 0705.0232
0704.1431 0705.0476
0704.1431 0705.0976
0704.1431 0704.3565
0704.1432 0704.3389
0704.1433 0704.0205
0704.1434 0704.3727
0704.1434 0704.1656
0704.1434 0704.3412
0704.1434 0705.0156
0704.1436 0704.1344
0704.1437 0704.0748
0704.1437 0704.1189
0704.1438 0704.2553
0704.1438 0704.3544
0704.1438 0705.0293
0704.1438 0704.0699
0704.1438 0704.2071
0704.1439 0705.0054
0704.1439 0705.0191
0704.1440 0704.0360
0704.1440 0704.3122
0704.1440 0704.0585
0704.1440 0704.1852
0704.1440 0704.2663
0704.1441 0705.0879
0704.1441 0704.3863
0704.1441 0704.1472
0704.1441 0704.1329
0704.1441 0704.1230
0704.1442 0704.1630
0704.1442 0704.0557
0704.1442 0704.1483
0704.1442 0704.3661
0704.1442 0704.2369
0704.1442 0704.3856
0704.1442 0704.2836
0704.1442 0704.2820
0704.1443 0704.1078
0704.1444 0704.0008
0704.1444 0704.2076
0704.1444 0704.2966
0704.1446 0705.0083
0704.1447 0705.0980
0704.1447 0704.0207
0704.1448 0705.0824
0704.1448 0704.2002
0704.1448 0704.2179
0704.1449 0704.2800
0704.1449 0704.3022
0704.1449 0704.0651
0704.1449 0704.2950
0704.1449 0705.0927
0704.1450 0704.2220
0704.1450 0705.0483
0704.1451 0704.3790
0704.1451 0705.0567
0704.1452 0704.0284
0704.1452 0704.1518
0704.1452 0704.1217
0704.1452 0704.1145
0704.1454 0704.1339
0704.1454 0704.0266
0704.1455 0705.0941
0704.1456 0704.0536
0704.1456 0704.3420
0704.1456 0704.0890
0704.1456 0704.1465
0704.1456 0704.1094
0704.1457 0704.1261
0704.1457 0705.0874
0704.1457 0704.3140
0704.1458 0704.3024
0704.1458 0704.3257
0704.1458 0704.2649
0704.1458 0704.1617
0704.1458 0704.2456
0704.1458 0704.0381
0704.1458 0705.0266
0704.1458 0704.0939
0704.1459 0705.0488
0704.1459 0705.0318
0704.1459 0704.3503
0704.1459 0705.0511
0704.1459 0704.0099
0704.1461 0704.2700
0704.1461 0704.1831
0704.1461 0704.0157
0704.1462 0704.0897
0704.1462 0705.0996
0704.1462 0705.0682
0704.1462 0704.1904
0704.1462 0704.1905
0704.1462 0704.0643
0704.1463 0705.0332
0704.1464 0704.3938
0704.1464 0705.0954
0704.1465 0704.1224
0704.1465 0704.2608
0704.1465 0704.2340
0704.1465 0705.0647
0704.1465 0705.0082
0704.1465 0705.0039
0704.1465 0704.2914
0704.1465 0704.3204
0704.1465 0704.3944
0704.1465 0705.0262
0704.1466 0704.2381
0704.1466 0704.3649
0704.1466 0705.0456
0704.1467 0704.0379
0704.1467 0704.3813
0704.1467 0704.1157
0704.1467 0704.0025
0704.1467 0704.0969
0704.1468 0704.1700
0704.1469 0704.0373
0704.1469 0705.0955
0704.1469 0705.0957
0704.1470 0705.0403
0704.1470 0704.2898
0704.1470 0704.2433
0704.1470 0704.0093
0704.1470 0704.1650
0704.1470 0704.3425
0704.1471 0704.1965
0704.1471 0704.0556
0704.1472 0704.0974
0704.1472 0705.0505
0704.1473 0704.0051
0704.1473 0704.0934
0704.1474 0704.2798
0704.1475 0704.2916
0704.1475 0704.0239
0704.1476 0704.1090
0704.1476 0704.2772
0704.1476 0704.1848
0704.1477 0704.0472
0704.1477 0704.3890
0704.1478 0704.1113
0704.1479 0704.3395
0704.1479 0704.3729
0704.1479 0704.0459
0704.1479 0704.2257
0704.1479 0705.0206
0704.1479 0704.3793
0704.1479 0704.3212
0704.1480 0705.0628
0704.1480 0704.1441
0704.1481 0705.0548
0704.1481 0704.2907
0704.1482 0704.1708
0704.1483 0704.1225
0704.1483 0704.3204
0704.1483 0704.0689
0704.1483 0704.2300
0704.1483 0704.3050
0704.1484 0704.3076
0704.1484 0704.2677
0704.1485 0705.0962
0704.1485 0704.2274
0704.1485 0704.2121
0704.1486 0704.1285
0704.1486 0704.0743
0704.1486 0705.0163
0704.1486 0704.1889
0704.1486 0705.0621
0704.1486 0704.1480
0704.1486 0704.0764
0704.1486 0704.0545
0704.1486 0704.2746
0704.1486 0704.0533
0704.1486 0704.2477
0704.1486 0704.1571
0704.1486 0704.2215
0704.1486 0705.0112
0704.1486 0704.0406
0704.1486 0705.0365
0704.1486 0704.3457
0704.1486 0705.0137
0704.1486 0704.1668
0704.1486 0704.1016
0704.1486 0704.2803
0704.1486 0705.0957
0704.1486 0705.0581
0704.1486 0704.3972
0704.1486 0704.3654
0704.1486 0704.2979
0704.1486 0704.1469
0704.1486 0704.0170
0704.1486 0704.0206
0704.1486 0705.0152
0704.1486 0704.1078
0704.1486 0704.1270
0704.1486 0704.0308
0704.1486 0704.1445
0704.1487 0705.0288
0704.1488 0704.1545
0704.1488 0704.3812
0704.1488 0704.2044
0704.1488 0704.1088
0704.1488 0705.0143
0704.1488 0705.0231
0704.1489 0704.3179
0704.1489 0705.0280
0704.1489 0704.0588
0704.1489 0704.0349
0704.1490 0704.0715
0704.1490 0705.0870
0704.1490 0704.0437
0704.1490 0704.2341
0704.1490 0705.0283
0704.1491 0704.0311
0704.1491 0704.0846
0704.1492 0704.3812
0704.1492 0704.3109
0704.1492 0705.0733
0704.1492 0704.3603
0704.1492 0704.0185
0704.1493 0704.1036
0704.1493 0704.2352
0704.1493 0704.1581
0704.1493 0704.2046
0704.1493 0704.1034
0704.1493 0704.3843
0704.1494 0705.0103
0704.1494 0704.3616
0704.1494 0704.1444
0704.1495 0704.2235
0704.1496 0704.0125
0704.1496 0704.2463
0704.1496 0704.1122
0704.1497 0704.1696
0704.1497 0704.1078
0704.1497 0704.2151
0704.1497 0705.0446
0704.1497 0704.1316
0704.1498 0704.2611
0704.1499 0704.2322
0704.1500 0704.1404
0704.1502 0704.2776
0704.1503 0704.1403
0704.1503 0704.0208
0704.1503 0704.0239
0704.1504 0704.0414
0704.1505 0704.0438
0704.1505 0704.2301
0704.1505 0704.1469
0704.1505 0705.0858
0704.1505 0704.0264
0704.1505 0704.2568
0704.1505 0705.0886
0704.1506 0704.2562
0704.1506 0704.2269
0704.1506 0705.0386
0704.1506 0704.2916
0704.1506 0705.0567
0704.1507 0704.0811
0704.1507 0704.3818
0704.1507 0704.1765
0704.1508 0704.3839
0704.1508 0704.0311
0704.1508 0705.0365
0704.1508 0705.0309
0704.1508 0704.0798
0704.1509 0704.3814
0704.1510 0704.1835
0704.1511 0704.1654
0704.1511 0704.0536
0704.1511 0704.3288
0704.1511 0704.0248
0704.1511 0704.3557
0704.1511 0704.4001
0704.1511 0704.2997
0704.1511 0705.0240
0704.1511 0704.3038
0704.1511 0704.2332
0704.1512 0704.2042
0704.1512 0704.3924
0704.1513 0704.0610
0704.1513 0705.0164
0704.1513 0704.2911
0704.1513 0704.0820
0704.1513 0704.0846
0704.1513 0704.1950
0704.1514 0704.0877
0704.1515 0705.0365
0704.1515 0704.2740
0704.1515 0704.3780
0704.1515 0704.0768
0704.1516 0704.3801
0704.1516 0704.1956
0704.1517 0704.1303
0704.1517 0705.0941
0704.1518 0704.3146
0704.1520 0704.3161
0704.1520 0705.0652
0704.1520 0705.0646
0704.1520 0704.3569
0704.1521 0705.0544
0704.1521 0704.3654
0704.1521 0704.0800
0704.1521 0704.2174
0704.1521 0704.0810
0704.1521 0705.0354
0704.1521 0704.3001
0704.1521 0704.1590
0704.1521 0705.0553
0704.1521 0704.1122
0704.1522 0704.3685
0704.1522 0704.0740
0704.1522 0705.0901
0704.1523 0704.1141
0704.1523 0704.3021
0704.1523 0704.0655
0704.1523 0704.1786
0704.1523 0704.0911
0704.1523 0705.0761
0704.1523 0705.0634
0704.1523 0704.3458
0704.1524 0704.1224
0704.1524 0704.0046
0704.1524 0704.1203
0704.1524 0704.3391
0704.1525 0705.0164
0704.1525 0704.3543
0704.1525 0704.2643
0704.1525 0704.1604
0704.1525 0704.1686
0704.1526 0704.3544
0704.1526 0705.0672
0704.1526 0704.3326
0704.1527 0704.3659
0704.1527 0704.2823
0704.1527 0704.0733
0704.1527 0704.0207
0704.1528 0704.1045
0704.1528 0705.0045
0704.1529 0704.0512
0704.1530 0705.0495
0704.1531 0705.0164
0704.1531 0704.2945
0704.1531 0704.3446
0704.1531 0704.0001
0704.1531 0704.0900
0704.1532 0704.2162
0704.1532 0704.3540
0704.1532 0704.0314
0704.1533 0704.2608
0704.1533 0704.2799
0704.1533 0704.3811
0704.1534 0704.3685
0704.1534 0704.3127
0704.1535 0705.0554
0704.1535 0704.3156
0704.1535 0704.1149
0704.1535 0704.3626
0704.1535 0704.1546
0704.1535 0704.0784
0704.1535 0704.0996
0704.1535 0704.2667
0704.1536 0704.3419
0704.1536 0704.3624
0704.1537 0705.0839
0704.1537 0705.0179
0704.1537 0704.1029
0704.1538 0704.0869
0704.1538 0704.0129
0704.1539 0704.3580
0704.1539 0704.0544
0704.1540 0704.1476
0704.1540 0704.1126
0704.1540 0704.0993
0704.1541 0704.2646
0704.1541 0704.3738
0704.1542 0704.1473
0704.1542 0704.2368
0704.1542 0705.0231
0704.1543 0705.0522
0704.1543 0704.2646
0704.1544 0705.0529
0704.1544 0704.2912
0704.1545 0704.3577
0704.1545 0705.0081
0704.1545 0705.0736
0704.1545 0705.0722
0704.1545 0704.0085
0704.1546 0704.1547
0704.1546 0705.0111
0704.1546 0704.3715
0704.1547 0705.0721
0704.1547 0704.3854
0704.1548 0705.0654
0704.1548 0704.0349
0704.1549 0704.1121
0704.1549 0705.0754
0704.1549 0704.2796
0704.1550 0704.0162
0704.1550 0704.3812
0704.1550 0705.0608
0704.1550 0704.0556
0704.1550 0704.2293
0704.1551 0705.0286
0704.1552 0704.2011
0704.1552 0704.0406
0704.1553 0705.0276
0704.1553 0705.0750
0704.1553 0705.0472
0704.1553 0704.1955
0704.1553 0705.0418
0704.1554 0704.0433
0704.1555 0704.3844
0704.1555 0704.3170
0704.1555 0704.3723
0704.1555 0704.0157
0704.1556 0704.3845
0704.1557 0704.2895
0704.1557 0704.2697
0704.1557 0704.2381
0704.1558 0704.1534
0704.1558 0704.2685
0704.1558 0704.0290
0704.1558 0705.0897
0704.1558 0704.2637
0704.1559 0705.0616
0704.1560 0705.0788
0704.1560 0704.1386
0704.1560 0705.0692
0704.1560 0704.3833
0704.1562 0704.0224
0704.1563 0704.2477
0704.1563 0704.0631
0704.1563 0704.0072
0704.1563 0705.0142
0704.1564 0704.1086
0704.1564 0704.1435
0704.1564 0704.2012
0704.1565 0704.0075
0704.1565 0705.0396
0704.1565 0705.0949
0704.1565 0704.1527
0704.1565 0704.0915
0704.1565 0704.1432
0704.1565 0704.1639
0704.1566 0705.0163
0704.1566 0704.1398
0704.1566 0704.1438
0704.1566 0704.3032
0704.1567 0705.0147
0704.1567 0704.2508
0704.1567 0704.0849
0704.1567 0705.0324
0704.1567 0704.0272
0704.1567 0704.3623
0704.1567 0704.1086
0704.1567 0704.2813
0704.1568 0705.0063
0704.1568 0704.1263
0704.1568 0704.3563
0704.1568 0704.2795
0704.1569 0704.3384
0704.1570 0705.0096
0704.1570 0704.2179
0704.1570 0704.1371
0704.1571 0704.1362
0704.1571 0704.3259
0704.1571 0704.3806
0704.1571 0704.2454
0704.1571 0705.0374
0704.1571 0704.0431
0704.1571 0704.1374
0704.1572 0704.3993
0704.1572 0704.1917
0704.1572 0705.0870
0704.1572 0704.3115
0704.1572 0704.1412
0704.1572 0704.3970
0704.1572 0704.2306
0704.1572 0705.0365
0704.1573 0704.3543
0704.1573 0704.3890
0704.1574 0704.1952
0704.1574 0704.0147
0704.1574 0704.3682
0704.1574 0705.0311
0704.1574 0704.2356
0704.1574 0704.2592
0704.1574 0704.2396
0704.1574 0704.3135
0704.1575 0705.0717
0704.1575 0705.0352
0704.1575 0704.0405
0704.1575 0704.0799
0704.1576 0704.2093
0704.1576 0704.2189
0704.1576 0705.0004
0704.1576 0704.2460
0704.1576 0704.2436
0704.1576 0704.0806
0704.1576 0704.3068
0704.1577 0704.3855
0704.1577 0705.0823
0704.1577 0704.3765
0704.1577 0704.1982
0704.1578 0704.3664
0704.1578 0704.1806
0704.1578 0704.1026
0704.1578 0704.2882
0704.1578 0705.0971
0704.1578 0704.0190
0704.1578 0704.3077
0704.1578 0704.0205
0704.1578 0704.2072
0704.1578 0704.3768
0704.1578 0704.1636
0704.1578 0704.2889
0704.1578 0704.0721
0704.1578 0704.2329
0704.1578 0704.1589
0704.1578 0704.0171
0704.1578 0704.0961
0704.1580 0705.0867
0704.1580 0704.3854
0704.1581 0704.1778
0704.1582 0704.0998
0704.1583 0704.0983
0704.1585 0705.0679
0704.1585 0704.3027
0704.1585 0704.1514
0704.1586 0704.1510
0704.1587 0704.0796
0704.1587 0705.0368
0704.1587 0705.0240
0704.1587 0704.2267
0704.1587 0704.3500
0704.1588 0704.2206
0704.1588 0704.2276
0704.1588 0704.0661
0704.1588 0704.2555
0704.1588 0704.0512
0704.1588 0704.1333
0704.1589 0704.2727
0704.1590 0704.2117
0704.1591 0704.1458
0704.1591 0704.1590
0704.1592 0705.0607
0704.1592 0704.1462
0704.1592 0704.3219
0704.1592 0704.1773
0704.1593 0704.0370
0704.1593 0704.0538
0704.1593 0705.0429
0704.1594 0704.1791
0704.1595 0704.2125
0704.1595 0704.2094
0704.1595 0704.0783
0704.1596 0704.3659
0704.1596 0704.3580
0704.1596 0705.0081
0704.1596 0704.1102
0704.1596 0705.0278
0704.1596 0704.2121
0704.1596 0704.3144
0704.1596 0704.0154
0704.1596 0704.1145
0704.1597 0704.3203
0704.1597 0704.0415
0704.1597 0704.3014
0704.1597 0704.2186
0704.1597 0704.0006
0704.1598 0705.0062
0704.1598 0704.0094
0704.1598 0705.0598
0704.1598 0704.3312
0704.1598 0705.0427
0704.1598 0705.0913
0704.1598 0705.0473
0704.1598 0704.3554
0704.1598 0704.3034
0704.1598 0704.0576
0704.1599 0704.3937
0704.1599 0705.0647
0704.1599 0705.0670
0704.1599 0705.0386
0704.1599 0704.1495
0704.1600 0704.2733
0704.1600 0704.3247
0704.1601 0704.3283
0704.1603 0704.2640
0704.1603 0704.3303
0704.1603 0704.3097
0704.1603 0704.0823
0704.1603 0704.0911
0704.1603 0704.1449
0704.1603 0705.0305
0704.1603 0704.1812
0704.1603 0704.0323
0704.1603 0705.0548
0704.1604 0704.2635
0704.1604 0704.1565
0704.1605 0704.3615
0704.1605 0704.2932
0704.1605 0704.0771
0704.1605 0704.1149
0704.1605 0704.0609
0704.1605 0704.3130
0704.1605 0704.1555
0704.1605 0704.3959
0704.1605 0704.0293
0704.1606 0705.0007
0704.1606 0704.2182
0704.1607 0705.0427
0704.1608 0704.3119
0704.1608 0705.0374
0704.1609 0705.0185
0704.1609 0704.0226
0704.1609 0704.2782
0704.1609 0704.0305
0704.1611 0705.0288
0704.1611 0704.3174
0704.1611 0704.3760
0704.1611 0704.1093
0704.1611 0704.1650
0704.1611 0705.0398
0704.1611 0704.0322
0704.1612 0705.0745
0704.1613 0704.0591
0704.1615 0704.3996
0704.1615 0704.1072
0704.1615 0704.0152
0704.1615 0704.0353
0704.1615 0704.1992
0704.1617 0705.0844
0704.1617 0704.1573
0704.1617 0704.0524
0704.1617 0704.0958
0704.1617 0704.2818
0704.1617 0705.0272
0704.1618 0704.0872
0704.1619 0705.0873
0704.1620 0704.1664
0704.1620 0704.0379
0704.1620 0704.1391
0704.1621 0704.3637
0704.1621 0704.2993
0704.1621 0704.0990
0704.1622 0705.0785
0704.1622 0704.1749
0704.1622 0705.0643
0704.1622 0704.0339
0704.1622 0704.2637
0704.1623 0705.0857
0704.1624 0704.1353
0704.1624 0704.1717
0704.1624 0704.1938
0704.1624 0705.0538
0704.1624 0704.1943
0704.1624 0705.0516
0704.1624 0704.3147
0704.1624 0704.3036
0704.1624 0704.0798
0704.1625 0704.3020
0704.1625 0704.0334
0704.1626 0704.3083
0704.1626 0705.0847
0704.1627 0704.0732
0704.1627 0705.0867
0704.1627 0704.2571
0704.1627 0705.0208
0704.1627 0704.1471
0704.1627 0704.1610
0704.1627 0704.2896
0704.1627 0704.0044
0704.1628 0704.2912
0704.1628 0705.0619
0704.1628 0704.1040
0704.1628 0704.3436
0704.1628 0704.1690
0704.1629 0704.2502
0704.1629 0704.2202
0704.1629 0704.1962
0704.1629 0704.2028
0704.1629 0704.1431
0704.1629 0704.1251
0704.1630 0704.0894
0704.1630 0704.0423
0704.1630 0704.1636
0704.1630 0704.3162
0704.1630 0704.0038
0704.1630 0704.2737
0704.1630 0704.3437
0704.1630 0705.0572
0704.1630 0705.0701
0704.1631 0705.0343
0704.1631 0704.1133
0704.1632 0704.2966
0704.1633 0705.0420
0704.1634 0704.3804
0704.1635 0704.2899
0704.1635 0704.1706
0704.1636 0704.1383
0704.1636 0704.0354
0704.1636 0704.1114
0704.1636 0704.2990
0704.1636 0704.1609
0704.1636 0704.1496
0704.1636 0704.0443
0704.1636 0705.0682
0704.1636 0705.0441
0704.1636 0704.1733
0704.1637 0704.3562
0704.1638 0705.0367
0704.1638 0704.3715
0704.1638 0704.2545
0704.1640 0705.0401
0704.1641 0704.0582
0704.1641 0704.1931
0704.1641 0704.0303
0704.1641 0705.0538
0704.1641 0704.1129
0704.1641 0705.0910
0704.1642 0704.3436
0704.1642 0704.3323
0704.1642 0704.3412
0704.1642 0704.2672
0704.1643 0704.2670
0704.1643 0704.3636
0704.1644 0704.1868
0704.1644 0704.0800
0704.1644 0704.2529
0704.1646 0704.2990
0704.1646 0704.3079
0704.1647 0704.0603
0704.1648 0704.1189
0704.1648 0704.0603
0704.1648 0704.3573
0704.1648 0705.0536
0704.1649 0704.3023
0704.1649 0704.1459
0704.1649 0704.3882
0704.1650 0704.1118
0704.1651 0704.1734
0704.1651 0704.2440
0704.1651 0704.2941
0704.1652 0704.3069
0704.1652 0704.1215
0704.1652 0704.0490
0704.1652 0704.0344
0704.1652 0704.2303
0704.1652 0704.1810
0704.1652 0705.0661
0704.1653 0704.3815
0704.1654 0704.1576
0704.1654 0704.1804
0704.1654 0704.3131
0704.1655 0705.0943
0704.1656 0704.1393
0704.1656 0705.0755
0704.1656 0705.0736
0704.1656 0704.3671
0704.1656 0704.3566
0704.1657 0705.0729
0704.1657 0704.1883
0704.1659 0705.0006
0704.1660 0704.1999
0704.1660 0704.2549
0704.1660 0705.0438
0704.1660 0704.0119
0704.1660 0704.3511
0704.1660 0704.2023
0704.1660 0705.0352
0704.1661 0704.1665
0704.1661 0704.1221
0704.1661 0705.0083
0704.1661 0705.0848
0704.1662 0704.3425
0704.1662 0704.0029
0704.1663 0704.0544
0704.1663 0704.3858
0704.1664 0705.0129
0704.1666 0704.3709
0704.1666 0705.0479
0704.1666 0705.0057
0704.1666 0704.0961
0704.1667 0704.3852
0704.1667 0704.2726
0704.1667 0704.3717
0704.1667 0704.2793
0704.1667 0704.3335
0704.1667 0704.1787
0704.1668 0704.0744
0704.1668 0704.2690
0704.1668 0704.2184
0704.1670 0704.1326
0704.1671 0704.0270
0704.1671 0704.3729
0704.1672 0704.1136
0704.1673 0704.3807
0704.1673 0705.0562
0704.1673 0704.2629
0704.1673 0704.0012
0704.1673 0704.1363
0704.1673 0704.3038
0704.1673 0705.0764
0704.1674 0704.0580
0704.1675 0704.2431
0704.1675 0704.3647
0704.1675 0704.0268
0704.1675 0705.0197
0704.1676 0705.0444
0704.1676 0704.3515
0704.1676 0704.1675
0704.1676 0705.0713
0704.1677 0705.0074
0704.1677 0704.2752
0704.1677 0704.0664
0704.1677 0705.0676
0704.1678 0704.0450
0704.1679 0704.3294
0704.1679 0704.0423
0704.1680 0704.2996
0704.1681 0704.0550
0704.1681 0704.3303
0704.1681 0704.1600
0704.1681 0705.0596
0704.1681 0705.0580
0704.1681 0704.0454
0704.1681 0704.3328
0704.1682 0704.1134
0704.1682 0704.2855
0704.1683 0704.1956
0704.1684 0704.2629
0704.1684 0704.2893
0704.1684 0704.2079
0704.1684 0705.0473
0704.1684 0704.1905
0704.1685 0704.3467
0704.1685 0704.2593
0704.1686 0704.1007
0704.1686 0704.2981
0704.1686 0704.0482
0704.1686 0704.2757
0704.1686 0704.3857
0704.1686 0705.0077
0704.1686 0705.0363
0704.1686 0704.3684
0704.1686 0704.3942
0704.1686 0705.0292
0704.1687 0704.2154
0704.1687 0704.0177
0704.1687 0704.3019
0704.1687 0704.3706
0704.1688 0704.0538
0704.1689 0704.3410
0704.1689 0704.0874
0704.1689 0704.0657
0704.1690 0704.2391
0704.1690 0704.1237
0704.1690 0704.0897
0704.1690 0704.1010
0704.1690 0704.1335
0704.1690 0704.2367
0704.1690 0705.0072
0704.1690 0704.1680
0704.1690 0704.1013
0704.1690 0704.0679
0704.1690 0704.1217
0704.1690 0704.1367
0704.1691 0704.0186
0704.1692 0704.1082
0704.1692 0705.0029
0704.1692 0704.2883
0704.1693 0704.2391
0704.1693 0704.3793
0704.1693 0704.1550
0704.1693 0704.3689
0704.1693 0704.0154
0704.1695 0704.1905
0704.1696 0704.1139
0704.1696 0704.3221
0704.1696 0704.0329
0704.1696 0705.0210
0704.1696 0704.3987
0704.1696 0704.2812
0704.1696 0704.2677
0704.1697 0705.0622
0704.1697 0705.0342
0704.1698 0704.0692
0704.1698 0704.0483
0704.1698 0704.2495
0704.1699 0704.2512
0704.1700 0704.3355
0704.1700 0704.3970
0704.1700 0704.2824
0704.1701 0704.3739
0704.1701 0704.2248
0704.1701 0704.3885
0704.1701 0704.2333
0704.1701 0704.0846
0704.1701 0704.3631
0704.1701 0704.1364
0704.1702 0704.1318
0704.1703 0704.1494
0704.1703 0704.2604
0704.1704 0705.0667
0704.1704 0704.1258
0704.1705 0704.0561
0704.1705 0704.2597
0704.1705 0704.1155
0704.1706 0704.2345
0704.1706 0704.1512
0704.1706 0704.3031
0704.1706 0705.0114
0704.1707 0704.1213
0704.1707 0704.0218
0704.1707 0704.1886
0704.1707 0704.3238
0704.1707 0704.2820
0704.1708 0704.3170
0704.1708 0704.1332
0704.1709 0705.0092
0704.1709 0704.3318
0704.1709 0704.0047
0704.1709 0704.1028
0704.1710 0704.2809
0704.1710 0704.2625
0704.1711 0705.0473
0704.1712 0704.2423
0704.1712 0704.2575
0704.1713 0704.2376
0704.1714 0705.0698
0704.1715 0704.2776
0704.1715 0705.0127
0704.1716 0704.0720
0704.1716 0704.1144
0704.1716 0705.0670
0704.1717 0704.0958
0704.1718 0704.3292
0704.1719 0704.3656
0704.1719 0704.1290
0704.1720 0704.3659
0704.1720 0704.1845
0704.1720 0704.0292
0704.1720 0705.0782
0704.1720 0704.1600
0704.1720 0704.3924
0704.1720 0705.0315
0704.1721 0704.1604
0704.1721 0705.0487
0704.1721 0704.1647
0704.1723 0705.0194
0704.1723 0704.1741
0704.1723 0704.2921
0704.1723 0705.0598
0704.1723 0705.0962
0704.1723 0705.0885
0704.1723 0704.3583
0704.1723 0704.0882
0704.1723 0705.0947
0704.1723 0705.0154
0704.1724 0704.2959
0704.1725 0704.1256
0704.1725 0704.2885
0704.1725 0704.2067
0704.1725 0704.1320
0704.1725 0704.2832
0704.1725 0704.0212
0704.1725 0704.2338
0704.1725 0704.1512
0704.1726 0705.0595
0704.1726 0705.0160
0704.1728 0704.3898
0704.1728 0704.3407
0704.1728 0704.2302
0704.1729 0704.2366
0704.1730 0705.0518
0704.1730 0704.2713
0704.1730 0704.0685
0704.1730 0704.2708
0704.1730 0704.3650
0704.1730 0704.1036
0704.1730 0705.0312
0704.1730 0705.0848
0704.1730 0704.3088
0704.1730 0704.0469
0704.1730 0704.1943
0704.1730 0704.2756
0704.1730 0704.0543
0704.1730 0704.3058
0704.1730 0704.3603
0704.1730 0704.0688
0704.1732 0704.2461
0704.1732 0704.3398
0704.1733 0705.0652
0704.1733 0704.3077
0704.1734 0704.1122
0704.1735 0704.3129
0704.1736 0704.2493
0704.1736 0704.0386
0704.1736 0705.0007
0704.1736 0705.0854
0704.1736 0705.0049
0704.1736 0704.2252
0704.1737 0704.0220
0704.1737 0704.3788
0704.1737 0704.1809
0704.1738 0704.1262
0704.1739 0704.2391
0704.1739 0704.2008
0704.1739 0705.0906
0704.1739 0704.3698
0704.1739 0704.0978
0704.1739 0704.1083
0704.1739 0705.0880
0704.1739 0704.2274
0704.1739 0704.3427
0704.1739 0704.0234
0704.1739 0704.3145
0704.1739 0704.1367
0704.1740 0705.0638
0704.1740 0705.0399
0704.1740 0704.2115
0704.1740 0704.3023
0704.1740 0704.3623
0704.1740 0704.3578
0704.1740 0704.3563
0704.1740 0704.2164
0704.1740 0704.0330
0704.1741 0705.0447
0704.1741 0705.0198
0704.1741 0704.1149
0704.1741 0704.3060
0704.1742 0704.0144
0704.1743 0705.0764
0704.1743 0704.1511
0704.1745 0704.2968
0704.1745 0704.1608
0704.1745 0705.0996
0704.1745 0704.2930
0704.1745 0704.1338
0704.1747 0704.2918
0704.1749 0704.0630
0704.1750 0704.1532
0704.1750 0704.2471
0704.1750 0704.1653
0704.1750 0704.2595
0704.1750 0704.2962
0704.1750 0704.0946
0704.1751 0704.2475
0704.1751 0704.2786
0704.1751 0704.2375
0704.1751 0704.3881
0704.1751 0704.1337
0704.1751 0704.0282
0704.1751 0705.0326
0704.1751 0704.3383
0704.1751 0704.1788
0704.1751 0704.3591
0704.1751 0704.3063
0704.1751 0704.3982
0704.1751 0704.2795
0704.1751 0704.2452
0704.1751 0704.0841
0704.1751 0705.0543
0704.1751 0705.0043
0704.1751 0704.1524
0704.1752 0705.0718
0704.1752 0704.1544
0704.1753 0705.0360
0704.1753 0704.3446
0704.1753 0705.0308
0704.1753 0704.3676
0704.1753 0705.0107
0704.1754 0704.0934
0704.1755 0704.0956
0704.1755 0704.0583
0704.1756 0704.0143
0704.1757 0704.3625
0704.1757 0704.3595
0704.1757 0704.1139
0704.1757 0704.1436
0704.1757 0704.1746
0704.1758 0705.0765
0704.1758 0704.0236
0704.1758 0704.2498
0704.1758 0704.2002
0704.1758 0705.0212
0704.1758 0704.3103
0704.1759 0704.2520
0704.1759 0704.1167
0704.1759 0704.1860
0704.1759 0704.1246
0704.1759 0704.1417
0704.1760 0704.1226
0704.1760 0704.0811
0704.1760 0704.3932
0704.1760 0704.0917
0704.1760 0704.1905
0704.1760 0704.0637
0704.1762 0705.0003
0704.1762 0704.0349
0704.1763 0705.0207
0704.1763 0704.3858
0704.1763 0704.0305
0704.1764 0704.0791
0704.1764 0704.1059
0704.1764 0704.2716
0704.1764 0704.1017
0704.1764 0704.0801
0704.1764 0704.2749
0704.1764 0704.3744
0704.1764 0704.0875
0704.1764 0704.0085
0704.1765 0704.1659
0704.1765 0704.1346
0704.1765 0704.1832
0704.1765 0704.2280
0704.1765 0705.0755
0704.1765 0704.0911
0704.1765 0704.1772
0704.1765 0704.3191
0704.1765 0704.0303
0704.1765 0704.2857
0704.1766 0705.0100
0704.1767 0705.0738
0704.1767 0704.0968
0704.1767 0705.0769
0704.1767 0704.2196
0704.1767 0704.0721
0704.1767 0704.0115
0704.1768 0704.1570
0704.1769 0704.1718
0704.1769 0705.0400
0704.1771 0704.1754
0704.1772 0704.3890
0704.1773 0705.0827
0704.1774 0704.0731
0704.1774 0704.2827
0704.1774 0704.1404
0704.1774 0704.3114
0704.1774 0704.3479
0704.1775 0704.1386
0704.1775 0704.0592
0704.1775 0704.3821
0704.1775 0704.3210
0704.1775 0704.1014
0704.1775 0705.0206
0704.1776 0704.1114
0704.1777 0704.2961
0704.1778 0704.2715
0704.1778 0704.3751
0704.1778 0704.0329
0704.1778 0704.3160
0704.1778 0704.0405
0704.1778 0704.0567
0704.1778 0705.0135
0704.1778 0704.2329
0704.1778 0704.2913
0704.1778 0704.1796
0704.1779 0704.0400
0704.1779 0704.1549
0704.1779 0704.2936
0704.1779 0704.0501
0704.1779 0704.2385
0704.1779 0704.1972
0704.1779 0705.0805
0704.1779 0704.3243
0704.1779 0704.3603
0704.1779 0704.3512
0704.1780 0704.3898
0704.1781 0704.0105
0704.1781 0704.3045
0704.1781 0704.1342
0704.1781 0705.0028
0704.1782 0704.3249
0704.1783 0704.1833
0704.1783 0704.0697
0704.1784 0704.3236
0704.1785 0705.0836
0704.1786 0704.2779
0704.1786 0704.1381
0704.1786 0704.1147
0704.1786 0704.3074
0704.1786 0704.1644
0704.1786 0704.0436
0704.1787 0704.3313
0704.1788 0705.0294
0704.1788 0704.2283
0704.1788 0704.2566
0704.1788 0705.0921
0704.1788 0705.0088
0704.1789 0704.2238
0704.1789 0705.0135
0704.1789 0704.3902
0704.1790 0704.3900
0704.1790 0704.3826
0704.1790 0704.2919
0704.1790 0705.0848
0704.1791 0704.3315
0704.1792 0705.0773
0704.1792 0704.2286
0704.1793 0704.1264
0704.1793 0704.3598
0704.1793 0705.0011
0704.1793 0704.0607
0704.1793 0705.0076
0704.1793 0704.1491
0704.1794 0704.1697
0704.1794 0704.0434
0704.1794 0704.1052
0704.1794 0704.0560
0704.1794 0704.0391
0704.1795 0704.0220
0704.1796 0704.3136
0704.1797 0704.2023
0704.1797 0704.1130
0704.1797 0704.2484
0704.1798 0704.0790
0704.1799 0705.0258
0704.1800 0704.3819
0704.1801 0705.0077
0704.1802 0704.1281
0704.1802 0705.0443
0704.1803 0705.0992
0704.1803 0704.0145
0704.1803 0704.1128
0704.1803 0705.0477
0704.1804 0704.3528
0704.1804 0704.0233
0704.1805 0704.3145
0704.1805 0704.0672
0704.1806 0704.3627
0704.1806 0705.0139
0704.1807 0704.0210
0704.1807 0704.2486
0704.1807 0705.0561
0704.1807 0704.1341
0704.1808 0704.1345
0704.1809 0704.1040
0704.1809 0704.2562
0704.1810 0704.0897
0704.1810 0705.0559
0704.1811 0704.3226
0704.1811 0704.0457
0704.1811 0704.3221
0704.1811 0704.3640
0704.1811 0704.1281
0704.1811 0704.3259
0704.1811 0704.3826
0704.1811 0704.3210
0704.1811 0704.2964
0704.1811 0705.0374
0704.1811 0704.2793
0704.1811 0705.0156
0704.1812 0705.0840
0704.1813 0704.2332
0704.1813 0704.3202
0704.1814 0704.2862
0704.1814 0704.0732
0704.1814 0704.3295
0704.1814 0704.3006
0704.1814 0704.0262
0704.1814 0704.0175
0704.1815 0705.0782
0704.1817 0704.3473
0704.1817 0704.3104
0704.1817 0704.0798
0704.1818 0704.2880
0704.1818 0705.0423
0704.1818 0704.0361
0704.1820 0704.2287
0704.1820 0704.2501
0704.1820 0704.3115
0704.1820 0704.0717
0704.1820 0704.0537
0704.1821 0704.1391
0704.1823 0704.3463
0704.1823 0704.3371
0704.1824 0704.2868
0704.1824 0704.0168
0704.1824 0705.0832
0704.1825 0704.3446
0704.1825 0704.0265
0704.1825 0704.2914
0704.1825 0704.3201
0704.1825 0705.0674
0704.1826 0704.4003
0704.1826 0704.0602
0704.1827 0704.1687
0704.1828 0705.0117
0704.1829 0704.2919
0704.1829 0704.2282
0704.1829 0704.2505
0704.1829 0704.2811
0704.1829 0704.1571
0704.1829 0704.1358
0704.1829 0704.0618
0704.1829 0705.0077
0704.1829 0705.0395
0704.1829 0704.2507
0704.1830 0704.2340
0704.1830 0704.1853
0704.1830 0704.0306
0704.1830 0704.0755
0704.1830 0704.3298
0704.1830 0704.2894
0704.1830 0705.0310
0704.1831 0704.0552
0704.1831 0704.0642
0704.1831 0704.2724
0704.1831 0704.2242
0704.1832 0704.3944
0704.1832 0705.0446
0704.1832 0704.1719
0704.1833 0704.0629
0704.1834 0704.2474
0704.1835 0704.1721
0704.1835 0704.1640
0704.1835 0704.4000
0704.1835 0704.3400
0704.1835 0704.2599
0704.1835 0704.3300
0704.1835 0704.3340
0704.1835 0704.1791
0704.1836 0705.0220
0704.1837 0704.0715
0704.1837 0704.1544
0704.1837 0704.2598
0704.1837 0704.1531
0704.1837 0704.3412
0704.1837 0705.0233
0704.1837 0705.0957
0704.1837 0704.0148
0704.1837 0705.0730
0704.1837 0704.1793
0704.1838 0705.0365
0704.1838 0704.2197
0704.1838 0704.2282
0704.1838 0704.1842
0704.1839 0704.3555
0704.1840 0704.3861
0704.1840 0704.1380
0704.1840 0705.0690
0704.1840 0704.1391
0704.1840 0705.0870
0704.1840 0704.2325
0704.1840 0704.3368
0704.1840 0704.2618
0704.1840 0704.0529
0704.1840 0704.1412
0704.1840 0704.2467
0704.1840 0704.0472
0704.1840 0704.3753
0704.1840 0704.3574
0704.1840 0704.1988
0704.1841 0704.2353
0704.1841 0704.3795
0704.1841 0704.1316
0704.1841 0704.2418
0704.1842 0704.1574
0704.1842 0704.2282
0704.1842 0704.1353
0704.1842 0704.1838
0704.1842 0704.0931
0704.1842 0704.1957
0704.1842 0704.1229
0704.1844 0704.3847
0704.1844 0704.3980
0704.1844 0704.0417
0704.1845 0704.3574
0704.1846 0704.0304
0704.1847 0704.2236
0704.1848 0704.2118
0704.1849 0704.3983
0704.1849 0704.0491
0704.1849 0704.0164
0704.1849 0704.0454
0704.1849 0705.0223
0704.1849 0704.1194
0704.1849 0704.2028
0704.1849 0704.0689
0704.1850 0704.3337
0704.1850 0704.1407
0704.1850 0704.0521
0704.1850 0705.0555
0704.1851 0704.0740
0704.1852 0705.0097
0704.1852 0704.1152
0704.1853 0705.0979
0704.1853 0705.0702
0704.1853 0705.0755
0704.1853 0705.0302
0704.1853 0704.1156
0704.1854 0704.1953
0704.1854 0704.0484
0704.1855 0705.0321
0704.1855 0704.3198
0704.1855 0704.1936
0704.1855 0705.0521
0704.1855 0705.0790
0704.1855 0704.1756
0704.1855 0705.0663
0704.1855 0704.1836
0704.1856 0704.0876
0704.1856 0704.1081
0704.1856 0704.1586
0704.1857 0704.0713
0704.1857 0704.3173
0704.1857 0704.3112
0704.1857 0704.0587
0704.1857 0704.2925
0704.1857 0705.0797
0704.1857 0704.2597
0704.1857 0705.0549
0704.1857 0705.0475
0704.1857 0704.0928
0704.1857 0704.1620
0704.1857 0704.3075
0704.1858 0704.1188
0704.1858 0704.2541
0704.1858 0704.2235
0704.1859 0704.3014
0704.1859 0704.3973
0704.1860 0704.0259
0704.1860 0705.0962
0704.1862 0704.1966
0704.1862 0704.0337
0704.1863 0704.2548
0704.1863 0704.2535
0704.1864 0704.2974
0704.1865 0704.0656
0704.1865 0705.0192
0704.1865 0704.3785
0704.1865 0704.3627
0704.1865 0704.1939
0704.1866 0705.0351
0704.1866 0704.2095
0704.1867 0704.2412
0704.1867 0704.2439
0704.1868 0704.1313
0704.1869 0704.2600
0704.1870 0704.3330
0704.1871 0704.2246
0704.1872 0704.3861
0704.1872 0705.0876
0704.1873 0704.3462
0704.1873 0705.0130
0704.1873 0704.0823
0704.1873 0705.0124
0704.1874 0704.3032
0704.1874 0704.2139
0704.1875 0704.2966
0704.1875 0704.2370
0704.1875 0705.0933
0704.1876 0704.0089
0704.1876 0704.0026
0704.1876 0705.0158
0704.1876 0704.0153
0704.1876 0704.3288
0704.1876 0704.2665
0704.1876 0705.0941
0704.1876 0704.1117
0704.1876 0704.1303
0704.1876 0704.1643
0704.1876 0705.0212
0704.1877 0704.0778
0704.1877 0704.0909
0704.1877 0704.2920
0704.1878 0705.0257
0704.1878 0704.2343
0704.1878 0704.1241
0704.1878 0704.3412
0704.1878 0704.1205
0704.1878 0704.2739
0704.1878 0705.0498
0704.1878 0704.3369
0704.1878 0704.1095
0704.1878 0704.0466
0704.1878 0704.3512
0704.1878 0704.2623
0704.1878 0704.3928
0704.1878 0704.3708
0704.1878 0704.1834
0704.1879 0704.3903
0704.1879 0705.0858
0704.1880 0704.2310
0704.1881 0704.3415
0704.1881 0704.2961
0704.1881 0704.1491
0704.1882 0705.0672
0704.1882 0704.1953
0704.1883 0704.0189
0704.1884 0705.0125
0704.1884 0704.1874
0704.1884 0705.0395
0704.1885 0704.2964
0704.1885 0704.1625
0704.1886 0704.0408
0704.1886 0704.2381
0704.1887 0704.3515
0704.1888 0704.1395
0704.1888 0704.0851
0704.1888 0704.3018
0704.1888 0704.1943
0704.1889 0704.0159
0704.1889 0704.1078
0704.1889 0705.0308
0704.1890 0704.0046
0704.1890 0704.3699
0704.1890 0704.3857
0704.1890 0705.0026
0704.1890 0704.2185
0704.1890 0704.2087
0704.1890 0704.1562
0704.1890 0704.1896
0704.1890 0704.1666
0704.1891 0704.3825
0704.1891 0705.0874
0704.1891 0704.1922
0704.1891 0704.1766
0704.1891 0704.2615
0704.1891 0704.2321
0704.1891 0705.0919
0704.1891 0705.0090
0704.1892 0704.3350
0704.1892 0704.1478
0704.1892 0704.1700
0704.1892 0704.2697
0704.1893 0704.0157
0704.1893 0704.2148
0704.1893 0704.1620
0704.1894 0704.3696
0704.1895 0705.0775
0704.1895 0704.2138
0704.1896 0704.0609
0704.1896 0704.0085
0704.1896 0704.3719
0704.1897 0704.2650
0704.1898 0704.1739
0704.1898 0704.3823
0704.1898 0705.0445
0704.1899 0704.3469
0704.1900 0704.0782
0704.1900 0704.0369
0704.1900 0705.0563
0704.1900 0704.1527
0704.1902 0704.2567
0704.1902 0704.3860
0704.1903 0705.0966
0704.1904 0705.0899
0704.1905 0704.0373
0704.1907 0704.3475
0704.1907 0704.2480
0704.1908 0704.1084
0704.1908 0705.0666
0704.1909 0705.0582
0704.1911 0704.1392
0704.1912 0704.2780
0704.1913 0704.1081
0704.1915 0704.2136
0704.1915 0704.0958
0704.1915 0704.1311
0704.1915 0705.0014
0704.1916 0704.0679
0704.1916 0705.0089
0704.1917 0705.0347
0704.1917 0705.0239
0704.1917 0704.1254
0704.1917 0704.1389
0704.1917 0704.2571
0704.1917 0704.2277
0704.1917 0704.1402
0704.1917 0704.1815
0704.1917 0705.0990
0704.1917 0704.2166
0704.1918 0704.2414
0704.1918 0705.0555
0704.1918 0704.1287
0704.1918 0705.0007
0704.1918 0704.3609
0704.1918 0704.1180
0704.1920 0704.2131
0704.1920 0704.1653
0704.1920 0704.2342
0704.1920 0705.0404
0704.1920 0704.1515
0704.1920 0705.0368
0704.1920 0704.0952
0704.1920 0704.3582
0704.1920 0704.0335
0704.1920 0705.0058
0704.1920 0704.0381
0704.1921 0704.2280
0704.1921 0704.3977
0704.1921 0705.0631
0704.1922 0705.0500
0704.1922 0704.1213
0704.1922 0704.2524
0704.1923 0704.1670
0704.1923 0704.0311
0704.1924 0704.1960
0704.1924 0705.0167
0704.1924 0704.1379
0704.1924 0705.0401
0704.1925 0704.2651
0704.1925 0705.0798
0704.1925 0704.3504
0704.1926 0704.0034
0704.1927 0704.3414
0704.1927 0704.1636
0704.1928 0705.0753
0704.1928 0704.0213
0704.1928 0704.3596
0704.1928 0704.2331
0704.1928 0704.1564
0704.1928 0704.3352
0704.1929 0704.1000
0704.1930 0705.0720
0704.1930 0704.0869
0704.1930 0704.3043
0704.1931 0704.1260
0704.1933 0704.0048
0704.1933 0704.3309
0704.1933 0704.3448
0704.1933 0704.2733
0704.1933 0705.0872
0704.1933 0704.1487
0704.1933 0704.2712
0704.1933 0704.2701
0704.1933 0705.0247
0704.1934 0704.2968
0704.1934 0704.0716
0704.1934 0705.0665
0704.1934 0704.3445
0704.1934 0704.1061
0704.1934 0704.3576
0704.1934 0704.1733
0704.1935 0704.2319
0704.1936 0704.0455
0704.1937 0705.0933
0704.1937 0704.2591
0704.1938 0704.3269
0704.1939 0704.0731
0704.1939 0704.1898
0704.1939 0704.3297
0704.1941 0704.3935
0704.1941 0704.3298
0704.1942 0704.1054
0704.1942 0704.2449
0704.1942 0705.0022
0704.1942 0704.0887
0704.1943 0704.1489
0704.1943 0704.2944
0704.1943 0704.3731
0704.1944 0704.1776
0704.1944 0704.0741
0704.1944 0704.1830
0704.1944 0705.0925
0704.1944 0704.3475
0704.1944 0704.1424
0704.1944 0704.3471
0704.1944 0704.1981
0704.1944 0704.1396
0704.1944 0704.0670
0704.1944 0704.2072
0704.1944 0705.0526
0704.1944 0704.0891
0704.1944 0705.0620
0704.1945 0704.3492
0704.1945 0705.0030
0704.1945 0704.1666
0704.1947 0704.3799
0704.1948 0704.1271
0704.1949 0705.0299
0704.1949 0704.0688
0704.1949 0704.2969
0704.1949 0704.3717
0704.1950 0704.0248
0704.1950 0705.0804
0704.1950 0704.3828
0704.1950 0704.3917
0704.1950 0704.3350
0704.1950 0704.2463
0704.1951 0705.0821
0704.1951 0704.2039
0704.1951 0704.3903
0704.1951 0704.0736
0704.1951 0704.2463
0704.1952 0704.2422
0704.1953 0704.1857
0704.1953 0704.0741
0704.1953 0704.0370
0704.1954 0704.2996
0704.1954 0704.3483
0704.1955 0704.3808
0704.1956 0705.0794
0704.1956 0704.2077
0704.1956 0704.3495
0704.1957 0705.0795
0704.1959 0704.0934
0704.1960 0704.2076
0704.1960 0704.2069
0704.1960 0705.0348
0704.1960 0704.0684
0704.1960 0704.3155
0704.1960 0704.0371
0704.1960 0704.0433
0704.1960 0704.3225
0704.1961 0704.3606
0704.1961 0705.0811
0704.1961 0704.3730
0704.1961 0704.3790
0704.1962 0704.3687
0704.1963 0704.3106
0704.1963 0704.2413
0704.1963 0704.1731
0704.1963 0704.1517
0704.1963 0704.1669
0704.1965 0704.0048
0704.1965 0704.0771
0704.1965 0704.0194
0704.1965 0705.0348
0704.1965 0704.0958
0704.1965 0704.3549
0704.1965 0704.2019
0704.1965 0704.3240
0704.1967 0704.3991
0704.1967 0704.2765
0704.1967 0704.3723
0704.1967 0705.0931
0704.1968 0704.0718
0704.1968 0704.2483
0704.1968 0704.2174
0704.1968 0704.2436
0704.1968 0705.0615
0704.1969 0704.0918
0704.1969 0704.0994
0704.1969 0704.0004
0704.1970 0704.1542
0704.1971 0704.1715
0704.1972 0704.0526
0704.1972 0704.1983
0704.1973 0704.1215
0704.1973 0704.3888
0704.1973 0704.2590
0704.1973 0705.0755
0704.1973 0704.0868
0704.1973 0704.1581
0704.1973 0704.3802
0704.1973 0705.0099
0704.1973 0705.0990
0704.1973 0704.2830
0704.1974 0704.0856
0704.1974 0704.3651
0704.1974 0704.1250
0704.1974 0704.1644
0704.1975 0704.0720
0704.1975 0704.0236
0704.1975 0704.3686
0704.1976 0704.3213
0704.1976 0705.0209
0704.1976 0704.3086
0704.1976 0704.0418
0704.1976 0704.2242
0704.1977 0704.0842
0704.1978 0705.0757
0704.1978 0704.0499
0704.1978 0705.0331
0704.1978 0704.3503
0704.1978 0705.0848
0704.1978 0704.0288
0704.1978 0704.2176
0704.1978 0704.4003
0704.1978 0704.3668
0704.1978 0704.3726
0704.1978 0704.1901
0704.1978 0705.0231
0704.1979 0704.3459
0704.1980 0705.0531
0704.1982 0704.3419
0704.1983 0704.0958
0704.1984 0704.2362
0704.1984 0704.1323
0704.1984 0704.3757
0704.1984 0704.2823
0704.1984 0704.0154
0704.1984 0704.3895
0704.1985 0704.3846
0704.1986 0705.0158
0704.1986 0704.1673
0704.1987 0704.3636
0704.1987 0704.3988
0704.1987 0704.1433
0704.1987 0704.3201
0704.1987 0704.1121
0704.1987 0704.2407
0704.1988 0704.2953
0704.1988 0705.0407
0704.1989 0704.1698
0704.1989 0704.1789
0704.1990 0704.0707
0704.1991 0704.0790
0704.1991 0704.1637
0704.1991 0704.1081
0704.1992 0705.0300
0704.1992 0704.0827
0704.1993 0705.0043
0704.1994 0704.2944
0704.1994 0704.1837
0704.1994 0704.0480
0704.1994 0704.2141
0704.1994 0704.0289
0704.1994 0704.2929
0704.1994 0704.2966
0704.1995 0704.1432
0704.1996 0705.0123
0704.1999 0704.0989
0704.1999 0704.2095
0704.2000 0704.0383
0704.2000 0704.1478
0704.2000 0704.2914
0704.2000 0704.2080
0704.2000 0704.3270
0704.2001 0704.1383
0704.2001 0705.0953
0704.2001 0705.0452
0704.2001 0704.2729
0704.2001 0704.1807
0704.2001 0705.0224
0704.2002 0705.0066
0704.2002 0704.0865
0704.2002 0704.0550
0704.2002 0705.0160
0704.2002 0704.1002
0704.2002 0705.0285
0704.2002 0704.0344
0704.2002 0704.1504
0704.2002 0704.1055
0704.2002 0704.1110
0704.2003 0704.1684
0704.2003 0704.0686
0704.2004 0704.3692
0704.2004 0705.0146
0704.2004 0704.1171
0704.2004 0704.2484
0704.2004 0705.0084
0704.2005 0704.0814
0704.2006 0704.2462
0704.2006 0704.2744
0704.2007 0704.1655
0704.2007 0704.1083
0704.2008 0704.3407
0704.2009 0704.2629
0704.2009 0704.2353
0704.2009 0704.3471
0704.2009 0704.2113
0704.2009 0704.0019
0704.2009 0705.0140
0704.2009 0704.1404
0704.2011 0704.3517
0704.2011 0704.1131
0704.2011 0704.1785
0704.2011 0705.0944
0704.2011 0704.2892
0704.2011 0704.1872
0704.2011 0704.3668
0704.2011 0704.1193
0704.2011 0704.3689
0704.2012 0704.3760
0704.2012 0705.0338
0704.2013 0704.1195
0704.2013 0704.2233
0704.2013 0704.0505
0704.2013 0704.0082
0704.2013 0705.0241
0704.2013 0705.0767
0704.2013 0704.3040
0704.2013 0704.1169
0704.2014 0704.3878
0704.2014 0704.3293
0704.2014 0704.1347
0704.2014 0705.0909
0704.2014 0704.1768
0704.2015 0704.3579
0704.2015 0704.0304
0704.2016 0705.0018
0704.2016 0704.1247
0704.2016 0704.0474
0704.2016 0705.0707
0704.2017 0704.3504
0704.2017 0704.2424
0704.2017 0705.0260
0704.2017 0705.0123
0704.2017 0704.3646
0704.2018 0704.3902
0704.2018 0704.3758
0704.2018 0705.0536
0704.2019 0704.2571
0704.2019 0704.2795
0704.2020 0705.0884
0704.2020 0704.0032
0704.2020 0704.2294
0704.2021 0704.3984
0704.2021 0704.1619
0704.2021 0704.2476
0704.2021 0704.1710
0704.2021 0704.2457
0704.2021 0704.0443
0704.2021 0705.0746
0704.2021 0705.0107
0704.2021 0704.3319
0704.2021 0704.0504
0704.2023 0704.1033
0704.2023 0704.3982
0704.2023 0704.2354
0704.2024 0704.2621
0704.2024 0704.1316
0704.2024 0704.1752
0704.2026 0704.1952
0704.2026 0704.1311
0704.2026 0704.2396
0704.2028 0705.0422
0704.2029 0704.1978
0704.2030 0704.3885
0704.2030 0704.1689
0704.2030 0704.0661
0704.2030 0704.0906
0704.2030 0705.0141
0704.2031 0704.1372
0704.2031 0705.0158
0704.2031 0704.2304
0704.2031 0704.2907
0704.2032 0704.1022
0704.2033 0705.0688
0704.2034 0704.2779
0704.2034 0704.2268
0704.2035 0705.0795
0704.2035 0705.0679
0704.2035 0705.0367
0704.2036 0704.1052
0704.2036 0704.2872
0704.2037 0705.0258
0704.2037 0704.1301
0704.2037 0704.3446
0704.2038 0704.2688
0704.2038 0704.0766
0704.2039 0704.1461
0704.2039 0704.2892
0704.2039 0704.3725
0704.2041 0704.3377
0704.2041 0704.3499
0704.2044 0705.0133
0704.2044 0704.0716
0704.2044 0704.2076
0704.2044 0704.0921
0704.2044 0705.0924
0704.2044 0704.0564
0704.2044 0705.0256
0704.2044 0705.0824
0704.2044 0705.0585
0704.2044 0704.3241
0704.2044 0705.0505
0704.2044 0704.2440
0704.2045 0705.0785
0704.2046 0704.0283
0704.2046 0704.3608
0704.2047 0704.3418
0704.2047 0704.3270
0704.2048 0705.0143
0704.2048 0704.0688
0704.2049 0704.3751
0704.2050 0704.3022
0704.2050 0705.0204
0704.2051 0704.1135
0704.2051 0704.1919
0704.2051 0704.3881
0704.2051 0704.3734
0704.2053 0704.3341
0704.2053 0704.3351
0704.2053 0704.1142
0704.2053 0705.0929
0704.2054 0704.3814
0704.2054 0705.0683
0704.2055 0705.0281
0704.2056 0704.3233
0704.2056 0704.2368
0704.2056 0704.3070
0704.2057 0704.3982
0704.2059 0704.0535
0704.2059 0704.2502
0704.2059 0704.3900
0704.2059 0704.2325
0704.2060 0704.3564
0704.2060 0705.0698
0704.2060 0704.1097
0704.2060 0704.0599
0704.2060 0704.0093
0704.2060 0704.3948
0704.2060 0704.3426
0704.2060 0704.0466
0704.2060 0705.0876
0704.2061 0704.3707
0704.2062 0704.3092
0704.2063 0704.1298
0704.2063 0705.0136
0704.2063 0704.1250
0704.2064 0705.0182
0704.2064 0704.1221
0704.2064 0705.0189
0704.2065 0704.2666
0704.2067 0704.2233
0704.2067 0704.3244
0704.2067 0704.2782
0704.2067 0704.1234
0704.2067 0705.0434
0704.2067 0704.3473
0704.2067 0704.2326
0704.2069 0704.2274
0704.2069 0704.2490
0704.2070 0705.0767
0704.2070 0704.1357
0704.2071 0705.0117
0704.2071 0704.1577
0704.2071 0704.3540
0704.2071 0705.0991
0704.2071 0705.0439
0704.2072 0704.1553
0704.2072 0704.2628
0704.2072 0705.0275
0704.2072 0704.0220
0704.2073 0705.0720
0704.2073 0704.2013
0704.2073 0704.1631
0704.2073 0704.2494
0704.2073 0705.0751
0704.2073 0704.1689
0704.2073 0704.0238
0704.2073 0704.1152
0704.2074 0704.0477
0704.2074 0704.3629
0704.2074 0705.0028
0704.2074 0704.0191
0704.2074 0704.2943
0704.2075 0704.3807
0704.2075 0704.2918
0704.2075 0704.0270
0704.2075 0704.1636
0704.2075 0704.3134
0704.2075 0704.2110
0704.2077 0705.0437
0704.2078 0704.1391
0704.2078 0704.2315
0704.2078 0704.1382
0704.2078 0704.1092
0704.2078 0704.1181
0704.2078 0704.1962
0704.2078 0704.0483
0704.2078 0704.0639
0704.2078 0704.3344
0704.2079 0704.1487
0704.2079 0704.3001
0704.2082 0704.1268
0704.2082 0704.3385
0704.2082 0704.3126
0704.2083 0704.2114
0704.2084 0704.0991
0704.2086 0705.0889
0704.2087 0705.0147
0704.2087 0704.2612
0704.2087 0704.3813
0704.2087 0705.0017
0704.2087 0704.0814
0704.2087 0704.2038
0704.2087 0705.0537
0704.2087 0705.0109
0704.2087 0704.0476
0704.2087 0704.3075
0704.2088 0704.0159
0704.2088 0704.2660
0704.2088 0704.3342
0704.2089 0704.2207
0704.2089 0704.0595
0704.2090 0705.0657
0704.2090 0704.1029
0704.2090 0705.0895
0704.2090 0704.2328
0704.2090 0704.3820
0704.2090 0705.0131
0704.2090 0704.2498
0704.2091 0704.0688
0704.2092 0705.0561
0704.2092 0704.2919
0704.2092 0704.1167
0704.2093 0704.1075
0704.2093 0704.2010
0704.2093 0705.0617
0704.2093 0705.0403
0704.2094 0704.2012
0704.2094 0704.3822
0704.2094 0704.0720
0704.2094 0704.0022
0704.2094 0704.2374
0704.2094 0704.3811
0704.2095 0704.1532
0704.2095 0704.0652
0704.2095 0704.3472
0704.2095 0704.2885
0704.2095 0704.1746
0704.2095 0704.2461
0704.2095 0705.0521
0704.2095 0704.0017
0704.2095 0705.0799
0704.2095 0704.2272
0704.2096 0704.2306
0704.2098 0704.2465
0704.2098 0704.0736
0704.2098 0704.3293
0704.2098 0704.0474
0704.2099 0704.1008
0704.2100 0704.2557
0704.2100 0704.3541
0704.2101 0704.1978
0704.2101 0704.2640
0704.2101 0704.1785
0704.2101 0704.2011
0704.2101 0704.1726
0704.2101 0705.0502
0704.2101 0704.2805
0704.2101 0704.3917
0704.2101 0704.2764
0704.2101 0704.2514
0704.2102 0704.0131
0704.2102 0704.3725
0704.2103 0705.0988
0704.2103 0704.0752
0704.2103 0704.3574
0704.2103 0704.0017
0704.2104 0704.0079
0704.2105 0704.3386
0704.2106 0705.0407
0704.2106 0705.0452
0704.2106 0705.0545
0704.2106 0704.0665
0704.2107 0704.0636
0704.2108 0704.3648
0704.2109 0705.0550
0704.2109 0704.2042
0704.2109 0704.3086
0704.2110 0704.3170
0704.2110 0704.3622
0704.2111 0704.3038
0704.2111 0704.1351
0704.2111 0704.3794
0704.2111 0704.0101
0704.2112 0704.2714
0704.2112 0704.2937
0704.2112 0704.2082
0704.2112 0705.0555
0704.2112 0704.0352
0704.2112 0704.0126
0704.2112 0704.1571
0704.2112 0704.0740
0704.2113 0704.2485
0704.2114 0704.1921
0704.2114 0704.1661
0704.2115 0704.2975
0704.2117 0704.1608
0704.2117 0704.0051
0704.2117 0704.1644
0704.2118 0704.0909
0704.2118 0705.0216
0704.2118 0704.3846
0704.2119 0704.1033
0704.2119 0704.2967
0704.2119 0704.1403
0704.2119 0704.0536
0704.2119 0704.3194
0704.2119 0704.3248
0704.2119 0704.2948
0704.2119 0704.1440
0704.2119 0705.0826
0704.2119 0705.0637
0704.2119 0705.0236
0704.2119 0704.3725
0704.2119 0705.0947
0704.2119 0704.3894
0704.2120 0704.0533
0704.2121 0704.0190
0704.2121 0705.0797
0704.2121 0704.3921
0704.2121 0704.1200
0704.2121 0704.1573
0704.2122 0705.0589
0704.2122 0704.1957
0704.2122 0705.0322
0704.2123 0704.3501
0704.2123 0704.0021
0704.2124 0704.0425
0704.2125 0704.2648
0704.2126 0704.2247
0704.2126 0704.1731
0704.2127 0705.0244
0704.2128 0704.1793
0704.2128 0705.0237
0704.2129 0704.1840
0704.2129 0705.0718
0704.2129 0704.3754
0704.2129 0704.0385
0704.2130 0704.1596
0704.2130 0704.0672
0704.2130 0705.0121
0704.2130 0704.2744
0704.2130 0704.0109
0704.2130 0705.0943
0704.2130 0704.3070
0704.2130 0704.3971
0704.2130 0704.3928
0704.2131 0704.0276
0704.2131 0704.1850
0704.2132 0704.2533
0704.2132 0704.0634
0704.2132 0704.2703
0704.2132 0704.1390
0704.2132 0704.1350
0704.2132 0704.1169
0704.2133 0704.0197
0704.2133 0704.3544
0704.2133 0704.0914
0704.2133 0704.0511
0704.2133 0704.2819
0704.2133 0704.1495
0704.2134 0704.2740
0704.2135 0704.2239
0704.2135 0704.0884
0704.2136 0704.0598
0704.2136 0705.0971
0704.2136 0704.1941
0704.2136 0704.0603
0704.2136 0704.3064
0704.2136 0704.3100
0704.2137 0704.3594
0704.2138 0705.0743
0704.2138 0704.2484
0704.2138 0704.3745
0704.2139 0704.0498
0704.2140 0704.3093
0704.2141 0704.1216
0704.2141 0704.0680
0704.2141 0704.0508
0704.2141 0704.3624
0704.2143 0704.1002
0704.2143 0704.2420
0704.2143 0705.0004
0704.2143 0705.0584
0704.2143 0704.0428
0704.2143 0704.0620
0704.2143 0704.0682
0704.2144 0704.0918
0704.2144 0704.1911
0704.2144 0704.3371
0704.2144 0704.2948
0704.2145 0705.0240
0704.2145 0704.0190
0704.2145 0704.3148
0704.2146 0704.3509
0704.2147 0705.0771
0704.2147 0704.2653
0704.2147 0704.0844
0704.2147 0704.2724
0704.2147 0704.0101
0704.2147 0704.1461
0704.2147 0704.3927
0704.2147 0704.0887
0704.2147 0705.0881
0704.2147 0704.0180
0704.2147 0704.0705
0704.2148 0705.0855
0704.2149 0704.1587
0704.2150 0704.1033
0704.2151 0704.2100
0704.2152 0704.3645
0704.2152 0704.2901
0704.2153 0704.0362
0704.2153 0704.2161
0704.2153 0705.0545
0704.2155 0704.2934
0704.2155 0704.2316
0704.2155 0704.2933
0704.2156 0704.1801
0704.2156 0704.1193
0704.2156 0704.3343
0704.2157 0705.0942
0704.2157 0704.2828
0704.2158 0704.3023
0704.2159 0705.0239
0704.2160 0704.0470
0704.2160 0704.1329
0704.2161 0704.3461
0704.2161 0704.3450
0704.2161 0704.0412
0704.2162 0704.1642
0704.2163 0704.2801
0704.2163 0704.1099
0704.2163 0704.0551
0704.2164 0704.2999
0704.2164 0704.2714
0704.2164 0705.0116
0704.2164 0704.2914
0704.2164 0705.0115
0704.2164 0705.0916
0704.2165 0704.3464
0704.2165 0704.3432
0704.2165 0704.3707
0704.2165 0704.1913
0704.2165 0704.2457
0704.2166 0704.1047
0704.2166 0704.3724
0704.2167 0704.0346
0704.2168 0704.0031
0704.2169 0704.1039
0704.2169 0704.3899
0704.2169 0705.0562
0704.2169 0704.1961
0704.2169 0704.1036
0704.2169 0704.2102
0704.2169 0704.2720
0704.2169 0704.3944
0704.2170 0704.0933
0704.2170 0704.1889
0704.2170 0704.3283
0704.2171 0704.0193
0704.2171 0704.1468
0704.2171 0704.2936
0704.2171 0704.0607
0704.2171 0704.0325
0704.2173 0704.2382
0704.2174 0705.0796
0704.2175 0704.0360
0704.2175 0704.3257
0704.2176 0704.1336
0704.2176 0704.1594
0704.2176 0704.1510
0704.2176 0704.1429
0704.2176 0704.2151
0704.2176 0704.2056
0704.2177 0704.1619
0704.2177 0704.2228
0704.2177 0704.1606
0704.2179 0704.0829
0704.2181 0704.1917
0704.2181 0704.0910
0704.2181 0704.3754
0704.2182 0704.3741
0704.2182 0704.2762
0704.2182 0704.1905
0704.2182 0704.1969
0704.2183 0704.3052
0704.2184 0704.0680
0704.2184 0704.0972
0704.2184 0705.0027
0704.2185 0704.0790
0704.2185 0704.1154
0704.2185 0705.0689
0704.2185 0704.1573
0704.2185 0705.0363
0704.2186 0704.3414
0704.2186 0704.2606
0704.2187 0704.2217
0704.2187 0705.0812
0704.2187 0704.1551
0704.2187 0704.0486
0704.2188 0704.2411
0704.2189 0704.2239
0704.2189 0704.3024
0704.2189 0704.2558
0704.2189 0704.0827
0704.2189 0704.1899
0704.2189 0705.0800
0704.2189 0704.1375
0704.2189 0704.0579
0704.2189 0704.0532
0704.2189 0705.0172
0704.2189 0704.3864
0704.2189 0705.0583
0704.2189 0704.1210
0704.2190 0705.0824
0704.2190 0705.0084
0704.2190 0704.3555
0704.2190 0704.3067
0704.2191 0704.1467
0704.2192 0705.0053
0704.2192 0705.0530
0704.2192 0704.3394
0704.2193 0704.3286
0704.2193 0704.3439
0704.2194 0704.1699
0704.2194 0705.0807
0704.2194 0704.0372
0704.2195 0704.1663
0704.2196 0704.3246
0704.2196 0704.2159
0704.2197 0704.3483
0704.2198 0704.3236
0704.2198 0704.1288
0704.2199 0704.1221
0704.2199 0704.1599
0704.2199 0704.2879
0704.2199 0704.3737
0704.2199 0704.0689
0704.2199 0704.3646
0704.2199 0704.2421
0704.2200 0704.3321
0704.2200 0704.3724
0704.2200 0704.0338
0704.2201 0705.0760
0704.2201 0704.3697
0704.2201 0705.0197
0704.2201 0704.3832
0704.2202 0704.1837
0704.2202 0705.0075
0704.2203 0704.0049
0704.2203 0704.1473
0704.2203 0704.2481
0704.2204 0704.2945
0704.2204 0704.0796
0704.2204 0704.2415
0704.2205 0704.3121
0704.2205 0704.3195
0704.2205 0704.1710
0704.2205 0705.0934
0704.2205 0704.0641
0704.2205 0705.0480
0704.2206 0704.1866
0704.2210 0704.2483
0704.2210 0704.2271
0704.2210 0704.1749
0704.2210 0704.2251
0704.2210 0704.3031
0704.2211 0705.0947
0704.2212 0705.0435
0704.2212 0704.2140
0704.2214 0704.2841
0704.2215 0705.0529
0704.2215 0704.0098
0704.2215 0704.0327
0704.2215 0704.0321
0704.2215 0704.3275
0704.2215 0705.0202
0704.2215 0704.2181
0704.2215 0704.3872
0704.2216 0704.1223
0704.2217 0704.2086
0704.2217 0704.1720
0704.2217 0704.2096
0704.2218 0705.0808
0704.2218 0704.2895
0704.2219 0704.1960
0704.2219 0705.0403
0704.2219 0704.3723
0704.2219 0704.2770
0704.2219 0704.1539
0704.2219 0704.3425
0704.2219 0705.0071
0704.2219 0704.3516
0704.2220 0704.3418
0704.2220 0705.0189
0704.2220 0704.0310
0704.2220 0704.1140
0704.2220 0705.0732
0704.2221 0704.1769
0704.2221 0705.0176
0704.2221 0704.0080
0704.2222 0704.3615
0704.2222 0704.2044
0704.2222 0705.0673
0704.2222 0704.1848
0704.2222 0704.3437
0704.2222 0704.1898
0704.2223 0704.2456
0704.2223 0705.0872
0704.2223 0704.3555
0704.2224 0704.3186
0704.2224 0704.0140
0704.2224 0705.0396
0704.2224 0704.0214
0704.2224 0705.0944
0704.2224 0704.0898
0704.2224 0704.0784
0704.2224 0705.0659
0704.2224 0704.2711
0704.2225 0704.0148
0704.2225 0704.1674
0704.2225 0704.1923
0704.2225 0704.3127
0704.2226 0704.0522
0704.2227 0704.0890
0704.2227 0704.3436
0704.2227 0704.0977
0704.2228 0705.0947
0704.2228 0704.1045
0704.2228 0704.2758
0704.2228 0704.1614
0704.2228 0704.0263
0704.2228 0705.0217
0704.2228 0705.0006
0704.2228 0704.1578
0704.2228 0704.0939
0704.2230 0704.3163
0704.2231 0704.1910
0704.2232 0704.0883
0704.2232 0704.1115
0704.2232 0704.0471
0704.2233 0704.0091
0704.2234 0704.3367
0704.2235 0704.1222
0704.2235 0705.0395
0704.2235 0704.1107
0704.2236 0704.0564
0704.2237 0704.1141
0704.2237 0705.0767
0704.2237 0704.1065
0704.2238 0704.2837
0704.2238 0704.3892
0704.2238 0705.0009
0704.2239 0705.0812
0704.2239 0704.2839
0704.2240 0704.2258
0704.2240 0705.0298
0704.2241 0704.3654
0704.2241 0704.1092
0704.2243 0704.2023
0704.2243 0705.0159
0704.2244 0705.0720
0704.2244 0704.2824
0704.2244 0704.0656
0704.2244 0704.3794
0704.2247 0704.3740
0704.2248 0704.2438
0704.2248 0704.3876
0704.2249 0704.3755
0704.2249 0704.3544
0704.2249 0704.3813
0704.2249 0704.1600
0704.2249 0704.2255
0704.2249 0704.1630
0704.2250 0704.1503
0704.2251 0704.0358
0704.2251 0704.2237
0704.2251 0704.0530
0704.2252 0704.1294
0704.2253 0704.2655
0704.2253 0704.0547
0704.2254 0705.0528
0704.2254 0704.2149
0704.2254 0705.0834
0704.2254 0704.3372
0704.2255 0704.3022
0704.2257 0704.1701
0704.2257 0704.0366
0704.2257 0704.2714
0704.2257 0705.0150
0704.2257 0704.2431
0704.2257 0704.2227
0704.2257 0704.1229
0704.2257 0704.3608
0704.2257 0705.0366
0704.2257 0704.0504
0704.2258 0704.0600
0704.2259 0704.3785
0704.2260 0704.2896
0704.2260 0704.3253
0704.2260 0704.0615
0704.2262 0704.1119
0704.2262 0705.0031
0704.2263 0704.1400
0704.2263 0704.0592
0704.2263 0704.1413
0704.2263 0704.2442
0704.2263 0704.1324
0704.2263 0705.0105
0704.2263 0704.2291
0704.2263 0704.0148
0704.2263 0704.0733
0704.2263 0705.0271
0704.2263 0705.0216
0704.2263 0705.0560
0704.2264 0704.1452
0704.2265 0704.1380
0704.2265 0704.3040
0704.2265 0704.3204
0704.2265 0705.0139
0704.2267 0704.3487
0704.2267 0704.1251
0704.2267 0704.1259
0704.2268 0704.0869
0704.2268 0705.0362
0704.2268 0704.0283
0704.2268 0704.2498
0704.2268 0704.1495
0704.2269 0705.0261
0704.2269 0704.2529
0704.2269 0704.0409
0704.2269 0704.3642
0704.2269 0704.3130
0704.2269 0704.0763
0704.2272 0704.1653
0704.2273 0704.1502
0704.2273 0704.1640
0704.2273 0704.1956
0704.2273 0704.3728
0704.2275 0704.0111
0704.2275 0704.2764
0704.2276 0704.0518
0704.2276 0705.0068
0704.2277 0704.0490
0704.2277 0705.0609
0704.2277 0704.2696
0704.2277 0704.1618
0704.2277 0704.2650
0704.2277 0704.1270
0704.2277 0704.1165
0704.2277 0704.2686
0704.2277 0704.1913
0704.2277 0705.0900
0704.2278 0704.1697
0704.2279 0704.3587
0704.2279 0704.3960
0704.2279 0704.0990
0704.2279 0704.1904
0704.2280 0704.2130
0704.2280 0704.1423
0704.2280 0704.0123
0704.2280 0704.2485
0704.2281 0704.2592
0704.2283 0704.0541
0704.2283 0704.2317
0704.2284 0704.0553
0704.2284 0704.2210
0704.2284 0704.1437
0704.2284 0704.0018
0704.2284 0705.0699
0704.2284 0704.1793
0704.2284 0704.0361
0704.2285 0704.0835
0704.2285 0705.0701
0704.2286 0704.1578
0704.2286 0704.2065
0704.2287 0704.2659
0704.2287 0704.2714
0704.2288 0704.3534
0704.2288 0704.1252
0704.2288 0704.1438
0704.2288 0704.2723
0704.2289 0704.3775
0704.2289 0704.2606
0704.2290 0704.2748
0704.2290 0704.0436
0704.2290 0705.0478
0704.2292 0704.2774
0704.2292 0705.0187
0704.2292 0704.2277
0704.2293 0704.2141
0704.2293 0704.0109
0704.2293 0705.0813
0704.2293 0705.0748
0704.2294 0704.1128
0704.2294 0704.2828
0704.2294 0704.0816
0704.2294 0704.0491
0704.2294 0704.2174
0704.2294 0704.2204
0704.2294 0704.1191
0704.2294 0704.3963
0704.2294 0704.3075
0704.2295 0704.2283
0704.2295 0704.3405
0704.2295 0704.2607
0704.2295 0704.0195
0704.2295 0704.1103
0704.2295 0705.0965
0704.2295 0704.1880
0704.2295 0704.2259
0704.2295 0704.0492
0704.2295 0704.3035
0704.2295 0704.2369
0704.2295 0704.2719
0704.2295 0705.0178
0704.2295 0704.0858
0704.2295 0704.3646
0704.2295 0705.0272
0704.2295 0704.0861
0704.2295 0704.0325
0704.2296 0704.2036
0704.2296 0704.3340
0704.2296 0704.0443
0704.2296 0704.1232
0704.2297 0705.0272
0704.2297 0704.1752
0704.2297 0704.3060
0704.2298 0704.3625
0704.2299 0704.0530
0704.2300 0704.1162
0704.2300 0704.0185
0704.2300 0704.0428
0704.2300 0704.0878
0704.2301 0704.1029
0704.2303 0704.1675
0704.2304 0704.0641
0704.2305 0704.3828
0704.2306 0704.1619
0704.2307 0704.1446
0704.2308 0704.1740
0704.2308 0704.1674
0704.2308 0704.3537
0704.2308 0704.3677
0704.2308 0704.1650
0704.2309 0704.3265
0704.2309 0704.0819
0704.2309 0705.0494
0704.2309 0704.2948
0704.2310 0704.3858
0704.2311 0705.0138
0704.2312 0704.0154
0704.2312 0704.1278
0704.2313 0705.0535
0704.2313 0705.0407
0704.2313 0705.0186
0704.2313 0704.2283
0704.2313 0704.1254
0704.2313 0704.0561
0704.2313 0704.2632
0704.2313 0705.0386
0704.2313 0705.0152
0704.2313 0704.2465
0704.2313 0704.1953
0704.2313 0704.0157
0704.2313 0705.0883
0704.2313 0705.0629
0704.2314 0704.2325
0704.2314 0704.1527
0704.2314 0704.1745
0704.2314 0704.2851
0704.2314 0704.2276
0704.2314 0704.3721
0704.2314 0704.3079
0704.2315 0704.0511
0704.2315 0704.2732
0704.2315 0704.3926
0704.2316 0705.0324
0704.2316 0704.3906
0704.2316 0704.1554
0704.2316 0704.0035
0704.2316 0704.3656
0704.2318 0704.3067
0704.2319 0704.2912
0704.2319 0704.3235
0704.2320 0705.0821
0704.2320 0704.2523
0704.2320 0704.3492
0704.2320 0705.0590
0704.2320 0704.3385
0704.2322 0705.0859
0704.2322 0704.0474
0704.2322 0704.3155
0704.2323 0704.0725
0704.2323 0704.1126
0704.2323 0704.3828
0704.2323 0704.2859
0704.2323 0704.2094
0704.2324 0704.2466
0704.2324 0704.3019
0704.2325 0704.1206
0704.2325 0704.3262
0704.2325 0704.3920
0704.2325 0705.0896
0704.2325 0704.1179
0704.2325 0704.1878
0704.2325 0704.0283
0704.2325 0704.2043
0704.2325 0704.2966
0704.2325 0704.3928
0704.2326 0704.0526
0704.2326 0704.2143
0704.2326 0704.1214
0704.2326 0704.0314
0704.2327 0705.0710
0704.2327 0704.2113
0704.2327 0704.1324
0704.2327 0704.2144
0704.2327 0705.0740
0704.2327 0704.1238
0704.2329 0704.3150
0704.2329 0705.0289
0704.2330 0704.0244
0704.2330 0705.0811
0704.2330 0705.0651
0704.2330 0704.2076
0704.2330 0704.2501
0704.2330 0704.2790
0704.2330 0704.0785
0704.2330 0704.2481
0704.2330 0704.3504
0704.2330 0705.0406
0704.2330 0705.0106
0704.2330 0705.0372
0704.2330 0704.2043
0704.2330 0705.0770
0704.2330 0704.0624
0704.2331 0704.2870
0704.2331 0705.0524
0704.2331 0704.2524
0704.2332 0704.2825
0704.2332 0705.0691
0704.2332 0704.0904
0704.2332 0704.1094
0704.2333 0704.1538
0704.2333 0704.2528
0704.2333 0704.1120
0704.2333 0705.0891
0704.2333 0704.2003
0704.2333 0704.0053
0704.2334 0705.0027
0704.2337 0705.0299
0704.2338 0704.1398
0704.2338 0704.2620
0704.2338 0705.0002
0704.2339 0704.1303
0704.2339 0704.1101
0704.2340 0705.0720
0704.2340 0704.1744
0704.2340 0705.0647
0704.2340 0704.1522
0704.2340 0705.0202
0704.2340 0704.1105
0704.2340 0704.1648
0704.2341 0704.2076
0704.2341 0704.3615
0704.2341 0704.2224
0704.2341 0704.0895
0704.2341 0705.0567
0704.2341 0704.2905
0704.2342 0704.1361
0704.2345 0704.3108
0704.2345 0704.0502
0704.2345 0704.0078
0704.2345 0704.0979
0704.2345 0705.0538
0704.2345 0705.0471
0704.2345 0704.2159
0704.2345 0704.0307
0704.2345 0704.0676
0704.2345 0704.2184
0704.2346 0705.0771
0704.2346 0704.0021
0704.2347 0704.0386
0704.2347 0704.0709
0704.2347 0704.1732
0704.2348 0704.3993
0704.2348 0705.0261
0704.2348 0704.0056
0704.2348 0705.0940
0704.2349 0705.0267
0704.2349 0705.0956
0704.2349 0704.1452
0704.2349 0704.2763
0704.2349 0704.2717
0704.2349 0704.1880
0704.2349 0704.3524
0704.2349 0704.2666
0704.2349 0705.0258
0704.2350 0704.1963
0704.2350 0704.3128
0704.2350 0704.2906
0704.2351 0704.0469
0704.2351 0704.2344
0704.2351 0705.0458
0704.2351 0704.3103
0704.2352 0704.3296
0704.2352 0704.1139
0704.2352 0705.0017
0704.2352 0704.0093
0704.2352 0704.2088
0704.2352 0704.1901
0704.2354 0705.0345
0704.2355 0704.3897
0704.2355 0704.2344
0704.2355 0704.2351
0704.2355 0704.3890
0704.2355 0705.0220
0704.2356 0704.1771
0704.2356 0704.0147
0704.2356 0704.3273
0704.2356 0704.0137
0704.2356 0704.2643
0704.2356 0704.2954
0704.2356 0705.0830
0704.2357 0705.0971
0704.2357 0705.0275
0704.2357 0704.3309
0704.2357 0704.1914
0704.2358 0705.0979
0704.2358 0704.2414
0704.2358 0704.1177
0704.2358 0704.1970
0704.2358 0704.0365
0704.2358 0705.0622
0704.2358 0704.1603
0704.2358 0704.1168
0704.2358 0705.0822
0704.2358 0704.0956
0704.2358 0704.0746
0704.2359 0705.0133
0704.2359 0704.3556
0704.2361 0704.0565
0704.2361 0704.2471
0704.2362 0704.3866
0704.2362 0705.0839
0704.2362 0704.1377
0704.2362 0704.3826
0704.2363 0704.3952
0704.2363 0704.0687
0704.2364 0704.1974
0704.2365 0704.1397
0704.2366 0704.0733
0704.2367 0704.0240
0704.2368 0704.3143
0704.2368 0704.3978
0704.2369 0704.1806
0704.2370 0704.3903
0704.2370 0705.0415
0704.2371 0704.1009
0704.2372 0705.0377
0704.2373 0704.2729
0704.2373 0704.1835
0704.2373 0704.0773
0704.2373 0705.0610
0704.2374 0705.0919
0704.2376 0704.3128
0704.2377 0704.2387
0704.2377 0704.2009
0704.2377 0704.2125
0704.2377 0704.3280
0704.2377 0704.0948
0704.2377 0704.2005
0704.2377 0705.0344
0704.2380 0704.1542
0704.2381 0704.1231
0704.2381 0705.0692
0704.2382 0704.3186
0704.2382 0704.3477
0704.2382 0704.2591
0704.2382 0704.0602
0704.2382 0705.0393
0704.2382 0704.2277
0704.2382 0704.0039
0704.2382 0704.3726
0704.2382 0704.2341
0704.2382 0704.1558
0704.2382 0704.3495
0704.2383 0704.2992
0704.2384 0705.0841
0704.2384 0705.0821
0704.2384 0704.1257
0704.2384 0705.0930
0704.2384 0704.3355
0704.2385 0704.3777
0704.2385 0705.0410
0704.2385 0704.0039
0704.2385 0704.2635
0704.2386 0704.3878
0704.2386 0705.0932
0704.2386 0704.3739
0704.2386 0704.1269
0704.2386 0704.1873
0704.2386 0704.1208
0704.2386 0704.3094
0704.2386 0704.3683
0704.2386 0704.3880
0704.2387 0705.0906
0704.2387 0704.0355
0704.2388 0705.0114
0704.2389 0704.1512
0704.2389 0704.0722
0704.2389 0705.0702
0704.2390 0704.1963
0704.2390 0704.2389
0704.2390 0705.0639
0704.2391 0704.0608
0704.2391 0704.1846
0704.2391 0704.2578
0704.2391 0704.2869
0704.2391 0704.1728
0704.2391 0704.1273
0704.2392 0704.0684
0704.2392 0704.1468
0704.2393 0704.1305
0704.2393 0704.2891
0704.2393 0704.2471
0704.2394 0705.0487
0704.2395 0705.0192
0704.2395 0704.1972
0704.2395 0704.3210
0704.2395 0704.2950
0704.2395 0704.3207
0704.2395 0704.3217
0704.2397 0704.3229
0704.2397 0705.0710
0704.2397 0704.3618
0704.2397 0704.0929
0704.2397 0705.0491
0704.2397 0704.1261
0704.2397 0704.0798
0704.2398 0705.0753
0704.2399 0704.0444
0704.2400 0704.2492
0704.2401 0704.2129
0704.2401 0704.3958
0704.2401 0704.2388
0704.2401 0704.2752
0704.2401 0704.0534
0704.2401 0704.0607
0704.2401 0704.1189
0704.2402 0704.3952
0704.2402 0704.2625
0704.2402 0705.0717
0704.2402 0704.0390
0704.2402 0704.0837
0704.2403 0704.1405
0704.2403 0704.3043
0704.2403 0704.3502
0704.2404 0704.0292
0704.2404 0704.0788
0704.2404 0704.1075
0704.2404 0704.2916
0704.2405 0704.0616
0704.2405 0704.0430
0704.2406 0704.2774
0704.2406 0704.3552
0704.2407 0704.3675
0704.2407 0704.1376
0704.2407 0704.2009
0704.2409 0705.0884
0704.2409 0704.2964
0704.2409 0704.1415
0704.2409 0704.0429
0704.2410 0704.3077
0704.2411 0704.0735
0704.2412 0704.3132
0704.2413 0705.0153
0704.2413 0704.3011
0704.2415 0704.1000
0704.2416 0705.0831
0704.2416 0704.1843
0704.2418 0705.0481
0704.2418 0704.1638
0704.2418 0704.3150
0704.2418 0704.3971
0704.2418 0704.0946
0704.2418 0704.2463
0704.2419 0704.1626
0704.2419 0705.0023
0704.2419 0705.0682
0704.2420 0704.0675
0704.2420 0704.3001
0704.2420 0705.0404
0704.2421 0704.0253
0704.2421 0705.0556
0704.2421 0705.0395
0704.2421 0704.3581
0704.2422 0705.0579
0704.2422 0704.0524
0704.2423 0705.0789
0704.2424 0704.3586
0704.2424 0704.1701
0704.2424 0704.0722
0704.2424 0705.0408
0704.2424 0704.0963
0704.2424 0705.0579
0704.2425 0705.0995
0704.2425 0704.1475
0704.2427 0704.1008
0704.2427 0704.3070
0704.2429 0704.0930
0704.2429 0704.3181
0704.2429 0704.0505
0704.2429 0704.3605
0704.2429 0704.2106
0704.2429 0704.0695
0704.2429 0704.0287
0704.2430 0705.0780
0704.2430 0704.2981
0704.2430 0704.2710
0704.2430 0705.0459
0704.2431 0704.0001
0704.2432 0704.0466
0704.2432 0705.0255
0704.2433 0704.2520
0704.2433 0704.3615
0704.2433 0704.3220
0704.2433 0705.0287
0704.2433 0704.2751
0704.2433 0705.0971
0704.2433 0704.0784
0704.2433 0704.2568
0704.2433 0704.2890
0704.2433 0704.3040
0704.2433 0704.1645
0704.2434 0704.0299
0704.2434 0704.0898
0704.2434 0704.0871
0704.2434 0704.3728
0704.2434 0704.1946
0704.2434 0705.0122
0704.2434 0704.0368
0704.2434 0704.0302
0704.2435 0704.1764
0704.2435 0704.2326
0704.2435 0704.1100
0704.2435 0705.0863
0704.2436 0704.3247
0704.2436 0704.1053
0704.2436 0704.1968
0704.2436 0704.2274
0704.2437 0704.3816
0704.2437 0704.0610
0704.2438 0704.3448
0704.2438 0705.0821
0704.2438 0704.0683
0704.2438 0704.0927
0704.2438 0704.3742
0704.2438 0704.1789
0704.2438 0704.3282
0704.2438 0704.1273
0704.2439 0704.2234
0704.2439 0704.3874
0704.2439 0704.1174
0704.2439 0705.0045
0704.2439 0705.0392
0704.2440 0705.0082
0704.2440 0704.2207
0704.2440 0704.1579
0704.2440 0704.3532
0704.2441 0704.2695
0704.2441 0705.0189
0704.2442 0705.0409
0704.2442 0704.1258
0704.2443 0704.0213
0704.2443 0705.0037
0704.2443 0705.0566
0704.2444 0704.0350
0704.2444 0704.0637
0704.2445 0704.2976
0704.2445 0704.3704
0704.2445 0704.0730
0704.2445 0704.2736
0704.2445 0704.1105
0704.2445 0704.0689
0704.2445 0704.3031
0704.2446 0704.1199
0704.2447 0704.2243
0704.2447 0704.1035
0704.2449 0704.1821
0704.2450 0705.0518
0704.2450 0705.0984
0704.2450 0704.0851
0704.2450 0704.0542
0704.2450 0705.0013
0704.2450 0704.2516
0704.2450 0705.0827
0704.2450 0704.0640
0704.2450 0704.3314
0704.2452 0704.3591
0704.2452 0704.2680
0704.2452 0705.0519
0704.2452 0704.2221
0704.2453 0704.3195
0704.2453 0704.1936
0704.2453 0704.2609
0704.2453 0704.0801
0704.2454 0704.3223
0704.2454 0705.0519
0704.2455 0705.0853
0704.2455 0704.3654
0704.2455 0704.1046
0704.2455 0705.0461
0704.2456 0704.1274
0704.2456 0704.1036
0704.2456 0705.0532
0704.2456 0704.3620
0704.2457 0705.0648
0704.2458 0704.0434
0704.2459 0704.3845
0704.2459 0705.0118
0704.2459 0704.3360
0704.2459 0705.0287
0704.2459 0704.1652
0704.2459 0704.2253
0704.2459 0704.3841
0704.2459 0705.0078
0704.2459 0704.2903
0704.2460 0704.0816
0704.2460 0704.2767
0704.2460 0704.3960
0704.2460 0704.0908
0704.2460 0704.2108
0704.2460 0704.2874
0704.2460 0704.1970
0704.2460 0704.0629
0704.2460 0705.0977
0704.2460 0704.1356
0704.2460 0704.0882
0704.2460 0704.3697
0704.2460 0704.0768
0704.2461 0704.0864
0704.2461 0704.2343
0704.2462 0704.0951
0704.2462 0704.0088
0704.2463 0705.0354
0704.2463 0705.0167
0704.2463 0704.1905
0704.2464 0704.2503
0704.2464 0705.0363
0704.2464 0705.0050
0704.2464 0705.0220
0704.2464 0704.1476
0704.2465 0704.2298
0704.2465 0704.0114
0704.2466 0705.0891
0704.2466 0704.0071
0704.2466 0704.3484
0704.2467 0704.2634
0704.2467 0704.2041
0704.2467 0705.0327
0704.2468 0704.0175
0704.2468 0704.3679
0704.2468 0704.3134
0704.2469 0705.0287
0704.2470 0704.1433
0704.2472 0704.2968
0704.2472 0704.0986
0704.2472 0705.0062
0704.2472 0704.1996
0704.2472 0704.3111
0704.2472 0704.1145
0704.2473 0704.2048
0704.2473 0704.1613
0704.2473 0705.0010
0704.2473 0705.0417
0704.2474 0704.2452
0704.2474 0705.0201
0704.2474 0704.2378
0704.2474 0704.0464
0704.2475 0704.2169
0704.2476 0705.0821
0704.2476 0704.3226
0704.2476 0705.0416
0704.2477 0704.0474
0704.2477 0704.1785
0704.2477 0704.0288
0704.2477 0704.0365
0704.2477 0705.0004
0704.2477 0704.2176
0704.2477 0704.3566
0704.2477 0704.2920
0704.2477 0704.3239
0704.2479 0704.2445
0704.2480 0704.0043
0704.2481 0704.1526
0704.2482 0704.0832
0704.2482 0704.0066
0704.2483 0704.1619
0704.2485 0704.1260
0704.2486 0704.1276
0704.2486 0704.0156
0704.2486 0705.0559
0704.2487 0704.3859
0704.2487 0704.3598
0704.2487 0704.3209
0704.2488 0705.0396
0704.2488 0704.2560
0704.2488 0704.0501
0704.2488 0704.1494
0704.2488 0704.3603
0704.2489 0704.0891
0704.2490 0705.0597
0704.2490 0704.1326
0704.2490 0704.3602
0704.2490 0704.2591
0704.2491 0704.3557
0704.2493 0704.1626
0704.2493 0705.0219
0704.2494 0704.2334
0704.2496 0704.2227
0704.2496 0704.1314
0704.2496 0704.0259
0704.2496 0705.0957
0704.2497 0704.3684
0704.2497 0704.3453
0704.2497 0704.0975
0704.2497 0704.0974
0704.2497 0704.2772
0704.2498 0704.1894
0704.2498 0705.0338
0704.2498 0704.3525
0704.2498 0705.0510
0704.2498 0704.3280
0704.2498 0705.0116
0704.2498 0704.1077
0704.2498 0704.3787
0704.2498 0704.1157
0704.2498 0705.0131
0704.2498 0704.3939
0704.2498 0704.3189
0704.2498 0704.3225
0704.2499 0704.0174
0704.2499 0705.0122
0704.2499 0704.0435
0704.2500 0704.0112
0704.2500 0704.2826
0704.2500 0704.1939
0704.2500 0704.0539
0704.2502 0704.3521
0704.2503 0704.0066
0704.2504 0704.2372
0704.2505 0704.0677
0704.2506 0704.1251
0704.2506 0704.1109
0704.2507 0704.2778
0704.2507 0704.2044
0704.2508 0704.2160
0704.2508 0704.0488
0704.2509 0704.3396
0704.2509 0704.3518
0704.2510 0704.0763
0704.2510 0705.0115
0704.2511 0704.2786
0704.2511 0704.3292
0704.2511 0704.3391
0704.2511 0704.1219
0704.2511 0704.1880
0704.2511 0704.2841
0704.2512 0704.0315
0704.2512 0704.2948
0704.2513 0704.1473
0704.2513 0704.3121
0704.2513 0704.1560
0704.2513 0704.3489
0704.2513 0704.0194
0704.2513 0704.1154
0704.2513 0704.0746
0704.2513 0704.0419
0704.2514 0704.0503
0704.2514 0704.2340
0704.2514 0704.2724
0704.2514 0704.3707
0704.2514 0704.3504
0704.2514 0704.1594
0704.2514 0705.0181
0704.2514 0705.0049
0704.2514 0704.1699
0704.2515 0704.2983
0704.2515 0704.1961
0704.2515 0704.1500
0704.2515 0704.0594
0704.2515 0704.2302
0704.2516 0704.3541
0704.2516 0704.2754
0704.2516 0704.2301
0704.2516 0704.2732
0704.2516 0705.0587
0704.2516 0705.0834
0704.2516 0704.0091
0704.2516 0704.2248
0704.2516 0704.1518
0704.2516 0704.2071
0704.2516 0704.2572
0704.2516 0704.0199
0704.2516 0704.3371
0704.2516 0705.0426
0704.2516 0705.0980
0704.2516 0704.3002
0704.2516 0704.1922
0704.2516 0704.0189
0704.2516 0704.0829
0704.2517 0704.0089
0704.2517 0705.0765
0704.2517 0704.0796
0704.2517 0704.0107
0704.2517 0704.0114
0704.2517 0704.2049
0704.2518 0704.2749
0704.2518 0704.1068
0704.2518 0705.0946
0704.2518 0704.2715
0704.2519 0704.2962
0704.2520 0704.3678
0704.2520 0705.0357
0704.2520 0705.0954
0704.2521 0704.2261
0704.2522 0704.0715
0704.2522 0705.0545
0704.2523 0704.1241
0704.2523 0705.0930
0704.2524 0705.0804
0704.2525 0704.1706
0704.2525 0704.1731
0704.2525 0704.0809
0704.2525 0704.3655
0704.2527 0704.2811
0704.2528 0704.1041
0704.2528 0704.3431
0704.2528 0704.0349
0704.2528 0705.0513
0704.2528 0704.2041
0704.2528 0705.0411
0704.2528 0704.1573
0704.2528 0705.0606
0704.2528 0704.2521
0704.2529 0704.2847
0704.2529 0705.0620
0704.2530 0704.2030
0704.2530 0704.3576
0704.2530 0704.2927
0704.2532 0705.0126
0704.2533 0704.2373
0704.2533 0704.3259
0704.2533 0704.3826
0704.2533 0704.0373
0704.2533 0704.3079
0704.2534 0704.1495
0704.2534 0704.1560
0704.2535 0704.3602
0704.2535 0705.0361
0704.2535 0705.0639
0704.2535 0705.0206
0704.2536 0704.1356
0704.2537 0704.2296
0704.2537 0704.3180
0704.2537 0704.0030
0704.2537 0704.1696
0704.2537 0704.1508
0704.2537 0704.2281
0704.2537 0704.2225
0704.2537 0704.2314
0704.2537 0704.3655
0704.2537 0705.0579
0704.2537 0704.3458
0704.2538 0704.1785
0704.2539 0704.0082
0704.2539 0705.0200
0704.2540 0705.0300
0704.2541 0704.2053
0704.2541 0704.2693
0704.2541 0705.0524
0704.2541 0704.2201
0704.2542 0704.1835
0704.2544 0704.3396
0704.2544 0704.1215
0704.2544 0704.0671
0704.2545 0704.1090
0704.2545 0704.2535
0704.2546 0704.0423
0704.2547 0704.2040
0704.2548 0704.3459
0704.2548 0704.0952
0704.2548 0704.1061
0704.2550 0705.0501
0704.2550 0704.2165
0704.2550 0704.2665
0704.2550 0704.0484
0704.2550 0704.3277
0704.2551 0704.3347
0704.2552 0704.2416
0704.2553 0704.0354
0704.2553 0704.0086
0704.2553 0704.3484
0704.2553 0704.2915
0704.2553 0705.0563
0704.2554 0704.1885
0704.2554 0704.0598
0704.2554 0704.2100
0704.2555 0705.0401
0704.2556 0705.0520
0704.2556 0704.0872
0704.2557 0704.3480
0704.2557 0705.0951
0704.2557 0704.2318
0704.2557 0705.0513
0704.2558 0704.1673
0704.2558 0704.1107
0704.2558 0704.2205
0704.2558 0704.0155
0704.2558 0704.2100
0704.2559 0704.3241
0704.2560 0704.1216
0704.2560 0704.3022
0704.2560 0704.3020
0704.2560 0704.3116
0704.2561 0704.1487
0704.2561 0704.3767
0704.2561 0704.2866
0704.2561 0704.3638
0704.2562 0704.1443
0704.2563 0705.0017
0704.2564 0704.3293
0704.2564 0704.1880
0704.2564 0704.0173
0704.2565 0704.1456
0704.2566 0705.0079
0704.2566 0705.0979
0704.2567 0704.0869
0704.2567 0704.0591
0704.2568 0704.1131
0704.2568 0704.3300
0704.2569 0705.0314
0704.2570 0705.0944
0704.2570 0704.0818
0704.2570 0704.0083
0704.2570 0705.0521
0704.2570 0705.0165
0704.2571 0704.0903
0704.2571 0704.0077
0704.2572 0704.0359
0704.2572 0705.0759
0704.2573 0704.0862
0704.2573 0704.2194
0704.2574 0705.0911
0704.2576 0705.0102
0704.2576 0704.1378
0704.2576 0704.2775
0704.2577 0704.1659
0704.2577 0704.0871
0704.2578 0705.0610
0704.2578 0705.0070
0704.2579 0704.1337
0704.2580 0704.3863
0704.2580 0704.1266
0704.2581 0704.3111
0704.2581 0704.2192
0704.2582 0704.2435
0704.2582 0704.1097
0704.2582 0704.0352
0704.2582 0704.0845
0704.2582 0705.0464
0704.2582 0704.0466
0704.2583 0704.1162
0704.2583 0705.0320
0704.2585 0704.1058
0704.2585 0704.3502
0704.2586 0704.1987
0704.2586 0704.2351
0704.2587 0705.0028
0704.2587 0705.0834
0704.2587 0704.0921
0704.2587 0705.0844
0704.2587 0704.3089
0704.2588 0704.0629
0704.2588 0704.1841
0704.2589 0704.2309
0704.2590 0705.0841
0704.2590 0704.2735
0704.2591 0704.0695
0704.2592 0705.0951
0704.2593 0704.0908
0704.2593 0705.0345
0704.2594 0704.3486
0704.2594 0704.1384
0704.2595 0704.2471
0704.2596 0704.2352
0704.2597 0704.0852
0704.2598 0705.0088
0704.2599 0704.0626
0704.2599 0704.1590
0704.2599 0705.0792
0704.2600 0704.2743
0704.2600 0704.1211
0704.2600 0704.2732
0704.2600 0704.2625
0704.2600 0704.2897
0704.2600 0704.3204
0704.2600 0705.0669
0704.2600 0704.3935
0704.2601 0704.0718
0704.2601 0705.0473
0704.2601 0704.0929
0704.2601 0705.0734
0704.2602 0704.2282
0704.2603 0704.2970
0704.2603 0704.1045
0704.2604 0704.2617
0704.2604 0704.3507
0704.2604 0705.0049
0704.2604 0704.3202
0704.2605 0704.1298
0704.2605 0704.3143
0704.2605 0704.3062
0704.2605 0704.2016
0704.2605 0704.3803
0704.2606 0705.0412
0704.2606 0705.0682
0704.2607 0704.2131
0704.2607 0704.0862
0704.2607 0704.1798
0704.2607 0705.0736
0704.2607 0704.3900
0704.2607 0705.0319
0704.2607 0704.3493
0704.2608 0704.0024
0704.2608 0704.3269
0704.2608 0704.2160
0704.2608 0704.1666
0704.2609 0705.0575
0704.2609 0704.0221
0704.2609 0705.0024
0704.2610 0704.0533
0704.2610 0705.0859
0704.2610 0704.0489
0704.2610 0704.0904
0704.2611 0704.1990
0704.2611 0704.1729
0704.2611 0704.0723
0704.2611 0704.1897
0704.2611 0704.3824
0704.2611 0704.3456
0704.2611 0704.3212
0704.2611 0704.2419
0704.2611 0704.0702
0704.2612 0704.1174
0704.2612 0704.0212
0704.2612 0705.0740
0704.2612 0704.3096
0704.2612 0704.2302
0704.2613 0704.3481
0704.2613 0704.3913
0704.2614 0704.0925
0704.2614 0704.0593
0704.2614 0704.3910
0704.2615 0704.0503
0704.2615 0704.3411
0704.2615 0704.2995
0704.2615 0704.1205
0704.2616 0704.0632
0704.2616 0704.1785
0704.2618 0704.3413
0704.2619 0705.0324
0704.2619 0705.0097
0704.2619 0704.2564
0704.2619 0704.0850
0704.2619 0704.2456
0704.2619 0704.3856
0704.2619 0704.0976
0704.2619 0705.0138
0704.2620 0704.3076
0704.2620 0704.3640
0704.2621 0704.0056
0704.2621 0704.0494
0704.2621 0704.0265
0704.2621 0704.3578
0704.2621 0704.1356
0704.2621 0704.1280
0704.2621 0704.0393
0704.2622 0704.1314
0704.2622 0704.1656
0704.2622 0704.1536
0704.2624 0705.0718
0704.2624 0705.0538
0704.2624 0705.0888
0704.2625 0704.2508
0704.2625 0704.2989
0704.2625 0704.2763
0704.2625 0705.0112
0704.2626 0704.3472
0704.2627 0704.0712
0704.2627 0704.2197
0704.2627 0704.3955
0704.2627 0704.3096
0704.2627 0704.1027
0704.2628 0704.1795
0704.2628 0704.3216
0704.2628 0704.0642
0704.2628 0705.0850
0704.2628 0705.0703
0704.2629 0704.0378
0704.2629 0704.0634
0704.2629 0704.2634
0704.2630 0704.2563
0704.2630 0704.2465
0704.2630 0704.2568
0704.2630 0704.3322
0704.2631 0704.0448
0704.2631 0704.2050
0704.2632 0705.0203
0704.2632 0704.0856
0704.2632 0704.1995
0704.2632 0704.3170
0704.2632 0705.0626
0704.2632 0704.0889
0704.2634 0704.2750
0704.2636 0704.1063
0704.2636 0704.0536
0704.2637 0704.1800
0704.2637 0704.0192
0704.2637 0704.1972
0704.2637 0704.2836
0704.2637 0704.0267
0704.2637 0704.1671
0704.2638 0704.0866
0704.2638 0705.0626
0704.2640 0704.0375
0704.2640 0705.0531
0704.2643 0704.3233
0704.2643 0704.2314
0704.2644 0704.1597
0704.2644 0704.1925
0704.2645 0704.1062
0704.2645 0704.2234
0704.2645 0704.2918
0704.2645 0705.0024
0704.2646 0704.0798
0704.2647 0705.0124
0704.2647 0705.0548
0704.2648 0704.1177
0704.2648 0705.0811
0704.2648 0704.0228
0704.2649 0704.0307
0704.2649 0704.3771
0704.2649 0705.0201
0704.2649 0704.2377
0704.2650 0704.0646
0704.2650 0704.2924
0704.2650 0705.0193
0704.2650 0704.0765
0704.2651 0704.3241
0704.2651 0704.1767
0704.2652 0704.1154
0704.2652 0705.0101
0704.2653 0705.0229
0704.2653 0705.0469
0704.2653 0704.1262
0704.2654 0705.0985
0704.2655 0704.2798
0704.2656 0704.2780
0704.2656 0704.0748
0704.2657 0704.1960
0704.2657 0704.1712
0704.2657 0705.0002
0704.2657 0704.3528
0704.2657 0704.0448
0704.2658 0704.1250
0704.2658 0704.0435
0704.2658 0704.3392
0704.2659 0704.2540
0704.2659 0704.0282
0704.2659 0705.0485
0704.2659 0704.2452
0704.2659 0704.1873
0704.2659 0704.1524
0704.2660 0705.0087
0704.2660 0704.0743
0704.2662 0704.1305
0704.2662 0704.1380
0704.2662 0704.0584
0704.2662 0704.2752
0704.2662 0704.1794
0704.2662 0704.0733
0704.2662 0704.0185
0704.2662 0704.0607
0704.2662 0704.2902
0704.2663 0704.3776
0704.2664 0704.3878
0704.2665 0704.0982
0704.2665 0705.0660
0704.2665 0705.0158
0704.2665 0704.1017
0704.2666 0704.2979
0704.2667 0704.3353
0704.2667 0704.2525
0704.2668 0704.3008
0704.2668 0704.1020
0704.2668 0704.2644
0704.2669 0704.2570
0704.2670 0705.0145
0704.2670 0704.3691
0704.2670 0704.2013
0704.2670 0704.3540
0704.2671 0704.0350
0704.2672 0704.0306
0704.2672 0704.3964
0704.2672 0705.0595
0704.2672 0704.2007
0704.2672 0705.0704
0704.2674 0704.2382
0704.2675 0705.0669
0704.2676 0704.0598
0704.2677 0704.0663
0704.2677 0705.0387
0704.2677 0704.3806
0704.2677 0704.3815
0704.2677 0704.0895
0704.2677 0704.3763
0704.2677 0704.2765
0704.2677 0704.3796
0704.2679 0705.0712
0704.2679 0704.3292
0704.2679 0705.0143
0704.2679 0704.1636
0704.2679 0704.0273
0704.2680 0705.0252
0704.2680 0705.0951
0704.2680 0704.3985
0704.2680 0705.0085
0704.2681 0704.1122
0704.2681 0705.0448
0704.2681 0704.2282
0704.2682 0704.1195
0704.2682 0704.0030
0704.2682 0704.0692
0704.2682 0704.1428
0704.2682 0704.1752
0704.2683 0704.1135
0704.2683 0705.0924
0704.2684 0704.0512
0704.2685 0704.3269
0704.2685 0704.3991
0704.2685 0704.3881
0704.2685 0704.1749
0704.2687 0705.0474
0704.2687 0704.2610
0704.2687 0704.2065
0704.2688 0704.0672
0704.2688 0704.0295
0704.2688 0704.2448
0704.2688 0704.0459
0704.2688 0704.2617
0704.2688 0704.0688
0704.2688 0704.1548
0704.2688 0704.3705
0704.2689 0704.2127
0704.2689 0704.1932
0704.2689 0705.0996
0704.2690 0704.0441
0704.2692 0704.2803
0704.2693 0704.2704
0704.2693 0704.1348
0704.2694 0705.0501
0704.2694 0704.2244
0704.2694 0704.0745
0704.2694 0704.2633
0704.2694 0704.2337
0704.2694 0704.3902
0704.2694 0704.3196
0704.2694 0704.2586
0704.2694 0705.0681
0704.2694 0704.0082
0704.2694 0704.1987
0704.2694 0704.3775
0704.2694 0704.2868
0704.2694 0705.0900
0704.2694 0705.0603
0704.2695 0704.2875
0704.2695 0705.0738
0704.2696 0704.2653
0704.2697 0704.2593
0704.2699 0704.1007
0704.2699 0704.2595
0704.2699 0704.0931
0704.2699 0704.1472
0704.2700 0704.3331
0704.2700 0704.3551
0704.2701 0704.0031
0704.2702 0704.0299
0704.2702 0704.3289
0704.2702 0704.0800
0704.2702 0705.0743
0704.2702 0704.0651
0704.2702 0705.0277
0704.2702 0704.2765
0704.2702 0704.3209
0704.2702 0705.0259
0704.2703 0704.1538
0704.2704 0704.1772
0704.2704 0704.1523
0704.2704 0704.2854
0704.2704 0704.3446
0704.2705 0704.1713
0704.2705 0704.0221
0704.2705 0704.2984
0704.2705 0704.3037
0704.2707 0704.2840
0704.2707 0704.3739
0704.2707 0704.0722
0704.2707 0705.0790
0704.2707 0705.0579
0704.2707 0705.0089
0704.2708 0704.3398
0704.2708 0704.2203
0704.2708 0704.3492
0704.2709 0704.2753
0704.2710 0704.1441
0704.2711 0705.0891
0704.2711 0704.1852
0704.2711 0705.0448
0704.2711 0704.2374
0704.2711 0704.1333
0704.2711 0705.0138
0704.2712 0704.2995
0704.2712 0704.3586
0704.2712 0705.0297
0704.2713 0704.0813
0704.2713 0705.0315
0704.2713 0704.3731
0704.2714 0704.0851
0704.2717 0704.0577
0704.2717 0705.0066
0704.2718 0704.3641
0704.2718 0704.0973
0704.2719 0704.0346
0704.2719 0704.2064
0704.2719 0705.0523
0704.2719 0705.0260
0704.2719 0704.3884
0704.2719 0704.1912
0704.2719 0704.3127
0704.2719 0704.0939
0704.2719 0704.2637
0704.2720 0704.2447
0704.2720 0704.1020
0704.2721 0704.3384
0704.2721 0705.0216
0704.2722 0704.0160
0704.2722 0704.3072
0704.2722 0704.3589
0704.2723 0704.2153
0704.2723 0704.3254
0704.2723 0704.3761
0704.2723 0704.2169
0704.2723 0704.2521
0704.2723 0704.2161
0704.2723 0704.3402
0704.2724 0704.0328
0704.2724 0704.0032
0704.2724 0704.1753
0704.2724 0704.2340
0704.2724 0704.2607
0704.2724 0704.0254
0704.2724 0704.1401
0704.2724 0705.0431
0704.2724 0705.0694
0704.2724 0704.3530
0704.2724 0705.0689
0704.2724 0704.0167
0704.2724 0705.0892
0704.2724 0704.2753
0704.2725 0704.3208
0704.2726 0704.3224
0704.2727 0705.0476
0704.2727 0704.2608
0704.2727 0704.3231
0704.2727 0704.1100
0704.2727 0705.0880
0704.2727 0704.2890
0704.2727 0704.1425
0704.2727 0704.3307
0704.2728 0704.3585
0704.2729 0704.1035
0704.2730 0705.0348
0704.2730 0704.2132
0704.2731 0704.1303
0704.2732 0704.2127
0704.2732 0704.0765
0704.2732 0704.0817
0704.2732 0704.0211
0704.2733 0705.0859
0704.2734 0704.0646
0704.2734 0705.0454
0704.2734 0704.3381
0704.2734 0704.3631
0704.2735 0704.0188
0704.2735 0704.1071
0704.2736 0704.1529
0704.2736 0704.1965
0704.2736 0704.1734
0704.2736 0705.0067
0704.2736 0704.3214
0704.2736 0704.3265
0704.2737 0704.2698
0704.2737 0704.2059
0704.2737 0704.2136
0704.2737 0704.1732
0704.2737 0704.2220
0704.2737 0704.0424
0704.2737 0704.3103
0704.2738 0704.1178
0704.2739 0704.0909
0704.2739 0704.0933
0704.2739 0704.3765
0704.2739 0704.3126
0704.2739 0705.0509
0704.2740 0704.1006
0704.2741 0704.2577
0704.2741 0704.2147
0704.2742 0704.0765
0704.2742 0704.0634
0704.2743 0704.1704
0704.2743 0704.3417
0704.2744 0704.3698
0704.2744 0704.0180
0704.2745 0704.3987
0704.2746 0704.3078
0704.2746 0704.2036
0704.2746 0704.3443
0704.2746 0704.0572
0704.2747 0704.1320
0704.2747 0705.0215
0704.2748 0704.0084
0704.2749 0705.0901
0704.2749 0705.0646
0704.2750 0705.0835
0704.2750 0704.2794
0704.2750 0704.0305
0704.2750 0704.2845
0704.2750 0704.3969
0704.2750 0704.1547
0704.2751 0704.1298
0704.2751 0704.3096
0704.2751 0704.0042
0704.2751 0704.3330
0704.2752 0704.2085
0704.2753 0704.1729
0704.2753 0705.0965
0704.2756 0704.1421
0704.2756 0704.2993
0704.2756 0704.1968
0704.2757 0704.1778
0704.2759 0704.0684
0704.2760 0704.1623
0704.2760 0704.2194
0704.2761 0704.0311
0704.2761 0704.2859
0704.2761 0704.0915
0704.2762 0705.0062
0704.2762 0704.2050
0704.2762 0705.0368
0704.2762 0705.0645
0704.2762 0704.1622
0704.2762 0704.3617
0704.2762 0704.1731
0704.2762 0704.1417
0704.2762 0704.2678
0704.2762 0705.0887
0704.2763 0705.0783
0704.2763 0705.0874
0704.2763 0704.2576
0704.2763 0705.0815
0704.2763 0704.2402
0704.2763 0704.0839
0704.2764 0704.3553
0704.2764 0704.1529
0704.2764 0705.0231
0704.2765 0704.0882
0704.2765 0704.1359
0704.2765 0704.3833
0704.2765 0704.2613
0704.2766 0704.3518
0704.2767 0705.0185
0704.2767 0704.3394
0704.2767 0704.1372
0704.2767 0704.0277
0704.2767 0704.0676
0704.2767 0704.3202
0704.2768 0704.2074
0704.2769 0705.0947
0704.2769 0704.1645
0704.2770 0704.1470
0704.2770 0704.3667
0704.2770 0704.2888
0704.2771 0704.1886
0704.2771 0704.2384
0704.2771 0704.2646
0704.2772 0704.1524
0704.2773 0704.3048
0704.2773 0704.3051
0704.2773 0704.0404
0704.2773 0704.1115
0704.2774 0704.1002
0704.2774 0704.3790
0704.2776 0704.2695
0704.2777 0705.0647
0704.2778 0704.1906
0704.2779 0704.0468
0704.2779 0704.0614
0704.2779 0705.0915
0704.2779 0705.0703
0704.2779 0705.0895
0704.2779 0705.0983
0704.2779 0704.3646
0704.2779 0704.3496
0704.2780 0704.2604
0704.2780 0705.0048
0704.2780 0704.3900
0704.2781 0704.0407
0704.2781 0705.0047
0704.2781 0704.1750
0704.2781 0704.1762
0704.2782 0704.2249
0704.2783 0704.2680
0704.2783 0705.0238
0704.2783 0704.1576
0704.2783 0705.0928
0704.2783 0704.1191
0704.2784 0704.3937
0704.2784 0704.0275
0704.2784 0704.2528
0704.2784 0705.0832
0704.2784 0705.0721
0704.2784 0704.3371
0704.2784 0704.0039
0704.2784 0704.2331
0704.2784 0704.3788
0704.2784 0705.0606
0704.2784 0704.3151
0704.2785 0704.2368
0704.2785 0704.0186
0704.2785 0705.0371
0704.2786 0704.0671
0704.2786 0704.0570
0704.2786 0705.0132
0704.2786 0704.0304
0704.2786 0704.3854
0704.2786 0704.3402
0704.2788 0704.3769
0704.2788 0704.2466
0704.2789 0704.2834
0704.2790 0705.0557
0704.2791 0705.0044
0704.2792 0704.3224
0704.2793 0704.3071
0704.2793 0704.3226
0704.2793 0704.0995
0704.2794 0704.0842
0704.2798 0704.2645
0704.2799 0704.1009
0704.2799 0704.2950
0704.2799 0704.1396
0704.2801 0704.3023
0704.2802 0705.0402
0704.2803 0704.2711
0704.2803 0704.0353
0704.2803 0704.0664
0704.2804 0704.2162
0704.2804 0704.2699
0704.2804 0704.3403
0704.2804 0704.0837
0704.2805 0704.3111
0704.2806 0704.2816
0704.2806 0704.0984
0704.2806 0704.1036
0704.2806 0704.2618
0704.2806 0704.1079
0704.2806 0704.0857
0704.2806 0704.3568
0704.2807 0704.3586
0704.2807 0705.0884
0704.2807 0705.0276
0704.2807 0704.3665
0704.2807 0704.2389
0704.2807 0704.1003
0704.2807 0704.1756
0704.2807 0705.0697
0704.2808 0705.0733
0704.2809 0704.1826
0704.2809 0704.3048
0704.2809 0704.1658
0704.2809 0704.1853
0704.2809 0704.3959
0704.2811 0704.0679
0704.2812 0704.1688
0704.2812 0705.0827
0704.2812 0705.0673
0704.2812 0704.0640
0704.2812 0704.1290
0704.2814 0704.1741
0704.2816 0704.3998
0704.2816 0705.0837
0704.2816 0704.2291
0704.2816 0704.1153
0704.2816 0704.0857
0704.2817 0705.0324
0704.2817 0704.1717
0704.2817 0704.3067
0704.2817 0704.3494
0704.2817 0705.0212
0704.2818 0704.1437
0704.2818 0704.0866
0704.2818 0704.1066
0704.2818 0705.0246
0704.2818 0704.2860
0704.2818 0705.0763
0704.2819 0704.2980
0704.2820 0704.3708
0704.2821 0704.3281
0704.2821 0704.1810
0704.2821 0705.0894
0704.2822 0704.3783
0704.2822 0704.2197
0704.2822 0704.2301
0704.2822 0704.0855
0704.2822 0704.1208
0704.2822 0704.3185
0704.2822 0704.1644
0704.2822 0704.0879
0704.2822 0705.0366
0704.2823 0704.1781
0704.2823 0704.3779
0704.2823 0704.0152
0704.2824 0704.3904
0704.2824 0704.0412
0704.2825 0704.1542
0704.2825 0704.0920
0704.2825 0704.0602
0704.2825 0704.3258
0704.2825 0704.2827
0704.2825 0704.1984
0704.2825 0705.0119
0704.2825 0704.1236
0704.2825 0704.3726
0704.2825 0704.3536
0704.2825 0704.3917
0704.2826 0704.0436
0704.2827 0704.0403
0704.2827 0704.3045
0704.2827 0704.0705
0704.2828 0704.1589
0704.2828 0704.3910
0704.2829 0704.2792
0704.2829 0704.1288
0704.2829 0705.0254
0704.2829 0704.2504
0704.2829 0704.2348
0704.2829 0704.2864
0704.2829 0704.0896
0704.2829 0704.3560
0704.2829 0704.0660
0704.2829 0704.1988
0704.2830 0704.2040
0704.2831 0704.0818
0704.2831 0704.0436
0704.2831 0704.2049
0704.2832 0704.3482
0704.2832 0704.2181
0704.2833 0704.3194
0704.2833 0704.2201
0704.2833 0704.3124
0704.2833 0704.3227
0704.2833 0704.1446
0704.2833 0704.1012
0704.2833 0704.1804
0704.2833 0705.0539
0704.2833 0704.2984
0704.2833 0704.0830
0704.2833 0704.2804
0704.2833 0704.2090
0704.2833 0705.0589
0704.2834 0704.1926
0704.2834 0704.1668
0704.2835 0704.1604
0704.2835 0705.0884
0704.2836 0704.0080
0704.2836 0704.1519
0704.2836 0704.0946
0704.2837 0704.2502
0704.2837 0705.0461
0704.2838 0704.1955
0704.2839 0704.0740
0704.2839 0704.1537
0704.2839 0704.1525
0704.2840 0704.0009
0704.2840 0704.2434
0704.2840 0704.0083
0704.2840 0704.2658
0704.2840 0704.2563
0704.2840 0704.0080
0704.2840 0704.0440
0704.2840 0705.0878
0704.2840 0704.3667
0704.2840 0704.0790
0704.2840 0704.1026
0704.2840 0704.1855
0704.2840 0705.0871
0704.2840 0704.1447
0704.2840 0704.0121
0704.2840 0705.0788
0704.2840 0704.2897
0704.2840 0704.3895
0704.2840 0704.0995
0704.2841 0704.3396
0704.2841 0704.3874
0704.2842 0704.1595
0704.2842 0705.0608
0704.2842 0704.0022
0704.2842 0704.1873
0704.2842 0705.0305
0704.2842 0705.0280
0704.2842 0705.0122
0704.2843 0704.2070
0704.2843 0704.3713
0704.2843 0704.3575
0704.2843 0704.2312
0704.2843 0704.2753
0704.2843 0704.2232
0704.2844 0705.0470
0704.2844 0704.2268
0704.2845 0705.0518
0704.2845 0704.3221
0704.2845 0704.0112
0704.2845 0704.2899
0704.2845 0704.3762
0704.2846 0705.0243
0704.2846 0704.3064
0704.2846 0704.2729
0704.2847 0704.2007
0704.2847 0704.0924
0704.2848 0705.0031
0704.2848 0704.0170
0704.2849 0705.0677
0704.2849 0704.1805
0704.2850 0705.0079
0704.2850 0704.3235
0704.2850 0704.1311
0704.2850 0704.0254
0704.2851 0704.3530
0704.2852 0704.0738
0704.2852 0704.0886
0704.2852 0704.1235
0704.2852 0704.3005
0704.2852 0704.2246
0704.2853 0705.0994
0704.2853 0704.3719
0704.2853 0704.3084
0704.2853 0705.0317
0704.2853 0704.3683
0704.2854 0704.2823
0704.2854 0704.2714
0704.2855 0704.0300
0704.2855 0704.2535
0704.2855 0704.3824
0704.2856 0705.0746
0704.2857 0705.0423
0704.2857 0704.3552
0704.2857 0704.1008
0704.2857 0704.3849
0704.2858 0705.0416
0704.2858 0704.2843
0704.2859 0704.1207
0704.2859 0704.0117
0704.2859 0705.0058
0704.2860 0705.0987
0704.2860 0704.1388
0704.2860 0704.2375
0704.2861 0704.2489
0704.2861 0704.3465
0704.2861 0704.0754
0704.2861 0704.3992
0704.2862 0704.2415
0704.2865 0705.0857
0704.2866 0704.3698
0704.2866 0704.2476
0704.2866 0704.0042
0704.2867 0704.0008
0704.2867 0704.2062
0704.2867 0704.0327
0704.2868 0705.0112
0704.2868 0704.3509
0704.2869 0704.0874
0704.2869 0704.1170
0704.2869 0704.2327
0704.2869 0704.1614
0704.2869 0705.0344
0704.2869 0704.1273
0704.2870 0704.0662
0704.2871 0704.0264
0704.2872 0704.3215
0704.2872 0704.3273
0704.2872 0704.3518
0704.2872 0704.3910
0704.2872 0704.0804
0704.2872 0704.2249
0704.2873 0704.2475
0704.2874 0704.2643
0704.2874 0705.0737
0704.2874 0704.1587
0704.2874 0705.0057
0704.2875 0704.2746
0704.2875 0704.2088
0704.2875 0704.1112
0704.2876 0704.1635
0704.2877 0704.0702
0704.2878 0704.3779
0704.2878 0705.0265
0704.2879 0705.0333
0704.2879 0704.1136
0704.2879 0705.0764
0704.2879 0704.0787
0704.2880 0704.2567
0704.2880 0704.3891
0704.2881 0704.2931
0704.2881 0704.3550
0704.2882 0705.0367
0704.2882 0704.3446
0704.2882 0704.3956
0704.2883 0704.3780
0704.2885 0704.0725
0704.2885 0705.0466
0704.2885 0704.1152
0704.2885 0704.2244
0704.2886 0704.2478
0704.2887 0705.0753
0704.2888 0705.0450
0704.2888 0704.1215
0704.2889 0704.3467
0704.2889 0704.0049
0704.2889 0704.0595
0704.2889 0705.0249
0704.2889 0704.3986
0704.2889 0704.1350
0704.2889 0704.1998
0704.2889 0705.0444
0704.2889 0704.3778
0704.2889 0705.0284
0704.2889 0704.1964
0704.2889 0704.0221
0704.2889 0704.3799
0704.2890 0704.2578
0704.2890 0704.0449
0704.2891 0704.0877
0704.2892 0704.0499
0704.2892 0704.2147
0704.2892 0704.2717
0704.2892 0704.0642
0704.2892 0705.0196
0704.2893 0705.0788
0704.2894 0704.3621
0704.2894 0705.0021
0704.2894 0704.0220
0704.2894 0704.1681
0704.2894 0704.3895
0704.2894 0705.0232
0704.2895 0705.0056
0704.2896 0704.1268
0704.2897 0704.0053
0704.2897 0704.3876
0704.2898 0704.2770
0704.2898 0704.1645
0704.2899 0704.2732
0704.2899 0705.0947
0704.2899 0704.0091
0704.2900 0705.0257
0704.2902 0705.0144
0704.2902 0704.1158
0704.2902 0704.1353
0704.2903 0704.0442
0704.2903 0704.0960
0704.2903 0704.3318
0704.2903 0704.2459
0704.2904 0704.0945
0704.2904 0705.0570
0704.2904 0705.0478
0704.2904 0704.1926
0704.2905 0704.3600
0704.2905 0704.3413
0704.2906 0704.1659
0704.2906 0704.1403
0704.2906 0704.1646
0704.2906 0705.0484
0704.2906 0704.1311
0704.2906 0704.1182
0704.2906 0704.1355
0704.2906 0704.2187
0704.2906 0704.0261
0704.2906 0705.0009
0704.2906 0705.0196
0704.2907 0704.2376
0704.2908 0704.0370
0704.2908 0704.1903
0704.2908 0704.0988
0704.2908 0704.3760
0704.2908 0704.3204
0704.2908 0704.2332
0704.2908 0704.0545
0704.2908 0704.3632
0704.2908 0704.0327
0704.2908 0704.0091
0704.2908 0705.0237
0704.2908 0704.0230
0704.2908 0705.0365
0704.2908 0705.0770
0704.2908 0704.3378
0704.2908 0704.1837
0704.2908 0704.1288
0704.2908 0705.0637
0704.2908 0704.2348
0704.2908 0704.1878
0704.2908 0704.2245
0704.2908 0704.2028
0704.2908 0704.2043
0704.2908 0704.2772
0704.2909 0704.0350
0704.2909 0705.0003
0704.2909 0704.3643
0704.2909 0705.0063
0704.2910 0704.2906
0704.2911 0704.2269
0704.2911 0704.3684
0704.2911 0704.3401
0704.2913 0705.0100
0704.2914 0704.1727
0704.2914 0704.2636
0704.2915 0705.0300
0704.2916 0704.2885
0704.2916 0704.0906
0704.2916 0704.0394
0704.2916 0704.1243
0704.2917 0705.0117
0704.2917 0704.2283
0704.2917 0704.3760
0704.2917 0704.3233
0704.2917 0704.2485
0704.2917 0704.2405
0704.2917 0705.0319
0704.2917 0704.2881
0704.2917 0704.0647
0704.2917 0704.1669
0704.2919 0704.1358
0704.2919 0705.0867
0704.2919 0704.3867
0704.2920 0704.1478
0704.2921 0705.0791
0704.2921 0705.0303
0704.2922 0704.3136
0704.2922 0704.3483
0704.2922 0704.3310
0704.2922 0705.0789
0704.2925 0704.3794
0704.2925 0704.0673
0704.2925 0704.2655
0704.2925 0704.1155
0704.2925 0704.3908
0704.2925 0705.0094
0704.2925 0704.0688
0704.2926 0705.0252
0704.2926 0704.3287
0704.2926 0704.0864
0704.2926 0705.0909
0704.2926 0704.1426
0704.2927 0705.0333
0704.2927 0704.0528
0704.2927 0704.2530
0704.2927 0704.3444
0704.2929 0705.0768
0704.2929 0705.0973
0704.2929 0704.3783
0704.2929 0704.1427
0704.2929 0704.1941
0704.2929 0704.1282
0704.2929 0705.0113
0704.2929 0704.2749
0704.2929 0704.0242
0704.2930 0704.1851
0704.2930 0705.0185
0704.2930 0704.1743
0704.2930 0704.2284
0704.2930 0704.3591
0704.2930 0704.3446
0704.2930 0704.2348
0704.2930 0704.1770
0704.2930 0705.0604
0704.2930 0704.1252
0704.2931 0704.1576
0704.2931 0704.2749
0704.2931 0705.0330
0704.2931 0704.2481
0704.2934 0704.1669
0704.2934 0704.0673
0704.2936 0704.0081
0704.2936 0704.2948
0704.2937 0705.0378
0704.2937 0704.1520
0704.2937 0705.0681
0704.2937 0704.0511
0704.2937 0704.2793
0704.2938 0704.1558
0704.2938 0705.0647
0704.2939 0704.3233
0704.2939 0704.3883
0704.2940 0705.0576
0704.2940 0705.0156
0704.2941 0704.0551
0704.2942 0704.3083
0704.2943 0705.0661
0704.2945 0704.3457
0704.2945 0704.0827
0704.2946 0704.1889
0704.2948 0704.1837
0704.2948 0704.0537
0704.2949 0704.2060
0704.2949 0704.2637
0704.2950 0704.2932
0704.2952 0704.0520
0704.2952 0705.0378
0704.2952 0704.2122
0704.2953 0705.0874
0704.2953 0705.0779
0704.2953 0704.3390
0704.2953 0704.2156
0704.2953 0704.2897
0704.2953 0704.3145
0704.2953 0704.0273
0704.2953 0705.0412
0704.2953 0704.2600
0704.2953 0704.3865
0704.2953 0704.0910
0704.2954 0704.0265
0704.2955 0704.0593
0704.2955 0704.0773
0704.2955 0704.0123
0704.2955 0704.1678
0704.2955 0704.0488
0704.2955 0704.1145
0704.2955 0704.1501
0704.2956 0704.3413
0704.2956 0704.0511
0704.2956 0704.3996
0704.2957 0704.0633
0704.2957 0705.0619
0704.2958 0704.0290
0704.2959 0704.2349
0704.2959 0704.0662
0704.2959 0705.0901
0704.2959 0704.0409
0704.2960 0704.1061
0704.2960 0704.2673
0704.2961 0704.0342
0704.2962 0705.0067
0704.2963 0704.1867
0704.2963 0704.1353
0704.2963 0704.0176
0704.2963 0704.3359
0704.2963 0704.0454
0704.2963 0705.0751
0704.2963 0704.3635
0704.2963 0704.2902
0704.2965 0705.0136
0704.2965 0704.1974
0704.2965 0704.3110
0704.2965 0705.0982
0704.2966 0704.3861
0704.2966 0704.0149
0704.2967 0704.0750
0704.2967 0704.3174
0704.2968 0704.1102
0704.2968 0704.1026
0704.2969 0704.2283
0704.2969 0704.3173
0704.2969 0704.3592
0704.2969 0704.0948
0704.2969 0704.0850
0704.2970 0704.3192
0704.2970 0704.3582
0704.2970 0704.0475
0704.2970 0704.1732
0704.2970 0704.3128
0704.2970 0704.3333
0704.2971 0704.0187
0704.2971 0704.1863
0704.2971 0704.0931
0704.2972 0704.0468
0704.2972 0704.0466
0704.2972 0704.2336
0704.2972 0704.0204
0704.2972 0704.0630
0704.2974 0704.1794
0704.2974 0704.0359
0704.2975 0704.2001
0704.2975 0705.0571
0704.2976 0704.2053
0704.2976 0704.0627
0704.2976 0704.0885
0704.2976 0705.0459
0704.2976 0704.3387
0704.2976 0704.3749
0704.2976 0704.1690
0704.2976 0705.0798
0704.2976 0704.3092
0704.2976 0704.0910
0704.2976 0704.0099
0704.2976 0704.2826
0704.2977 0704.2893
0704.2977 0704.1386
0704.2977 0704.3637
0704.2977 0704.2481
0704.2978 0705.0516
0704.2979 0704.2330
0704.2979 0704.1878
0704.2979 0705.0316
0704.2980 0704.2842
0704.2980 0704.0443
0704.2980 0704.2248
0704.2980 0704.1541
0704.2980 0704.2897
0704.2980 0704.3513
0704.2981 0704.3987
0704.2981 0704.3306
0704.2981 0704.3959
0704.2982 0704.3057
0704.2982 0704.1281
0704.2982 0704.1907
0704.2982 0704.2758
0704.2982 0704.1006
0704.2982 0704.1812
0704.2982 0705.0977
0704.2982 0704.1163
0704.2982 0704.2134
0704.2984 0704.2491
0704.2984 0704.0936
0704.2984 0704.2361
0704.2986 0704.2279
0704.2986 0704.1154
0704.2987 0704.2829
0704.2987 0704.0693
0704.2989 0704.2530
0704.2989 0705.0057
0704.2991 0704.1840
0704.2991 0704.2291
0704.2991 0704.0207
0704.2992 0704.1007
0704.2992 0704.2287
0704.2992 0704.0429
0704.2992 0704.3774
0704.2992 0705.0364
0704.2993 0704.0316
0704.2993 0704.2757
0704.2993 0704.0280
0704.2993 0704.3162
0704.2993 0705.0988
0704.2994 0705.0164
0704.2994 0705.0655
0704.2994 0705.0843
0704.2994 0704.1141
0704.2994 0704.1775
0704.2995 0704.2794
0704.2996 0704.3866
0704.2996 0704.3557
0704.2997 0705.0382
0704.2997 0704.2357
0704.2997 0704.0632
0704.2997 0704.3533
0704.2997 0704.1094
0704.2998 0705.0689
0704.2999 0704.1081
0704.2999 0704.0125
0704.2999 0704.2302
0704.2999 0704.3255
0704.2999 0705.0689
0704.2999 0705.0477
0704.2999 0704.2000
0704.2999 0704.2956
0704.2999 0704.1836
0704.3000 0704.1638
0704.3000 0704.2769
0704.3000 0704.1482
0704.3000 0704.2427
0704.3000 0704.3343
0704.3000 0705.0534
0704.3000 0705.0682
0704.3000 0704.0437
0704.3001 0704.2422
0704.3001 0704.3269
0704.3001 0704.0142
0704.3001 0704.2781
0704.3001 0704.2271
0704.3001 0704.1467
0704.3001 0704.3614
0704.3001 0704.2943
0704.3001 0704.0207
0704.3001 0704.3801
0704.3001 0704.2463
0704.3001 0704.3646
0704.3001 0704.1191
0704.3001 0704.2407
0704.3004 0705.0757
0704.3004 0704.0480
0704.3004 0704.3350
0704.3004 0704.2618
0704.3005 0705.0518
0704.3005 0704.2004
0704.3005 0704.0694
0704.3005 0704.2575
0704.3005 0705.0797
0704.3006 0704.1474
0704.3006 0704.0433
0704.3007 0704.2263
0704.3008 0704.1215
0704.3008 0705.0639
0704.3008 0704.1865
0704.3009 0704.1513
0704.3009 0704.1360
0704.3009 0704.0316
0704.3009 0704.2141
0704.3009 0704.0543
0704.3009 0704.1122
0704.3009 0705.0154
0704.3010 0704.0520
0704.3010 0704.0499
0704.3010 0705.0656
0704.3010 0704.2479
0704.3010 0704.2124
0704.3010 0705.0224
0704.3010 0704.2162
0704.3010 0704.2110
0704.3012 0704.3203
0704.3012 0705.0920
0704.3012 0704.0475
0704.3013 0704.0895
0704.3015 0704.3112
0704.3015 0704.0635
0704.3016 0704.2546
0704.3016 0704.3046
0704.3016 0704.1115
0704.3016 0704.3411
0704.3018 0704.2320
0704.3019 0704.3035
0704.3019 0704.2952
0704.3019 0705.0124
0704.3020 0704.3345
0704.3021 0704.3071
0704.3022 0704.2387
0704.3022 0704.3354
0704.3022 0705.0296
0704.3022 0705.0848
0704.3022 0704.0260
0704.3022 0704.1966
0704.3022 0704.1232
0704.3022 0704.1955
0704.3022 0704.0061
0704.3024 0704.3106
0704.3024 0704.1761
0704.3024 0705.0800
0704.3024 0704.2874
0704.3024 0705.0774
0704.3024 0704.3135
0704.3024 0705.0878
0704.3026 0705.0419
0704.3026 0704.3475
0704.3026 0705.0748
0704.3026 0704.3841
0704.3026 0704.2073
0704.3026 0704.0811
0704.3026 0704.0809
0704.3026 0704.0996
0704.3026 0705.0327
0704.3027 0705.0972
0704.3028 0704.1599
0704.3028 0704.2696
0704.3028 0705.0034
0704.3028 0705.0275
0704.3028 0704.1716
0704.3028 0704.1284
0704.3028 0704.2978
0704.3028 0704.2003
0704.3028 0704.1995
0704.3028 0704.3217
0704.3029 0704.3738
0704.3029 0704.2158
0704.3029 0704.2581
0704.3029 0704.1355
0704.3030 0704.0946
0704.3031 0704.2131
0704.3031 0704.3739
0704.3031 0704.3348
0704.3031 0704.3271
0704.3031 0705.0533
0704.3031 0704.2126
0704.3031 0704.3192
0704.3031 0705.0802
0704.3031 0704.2010
0704.3031 0704.1202
0704.3031 0704.1134
0704.3031 0705.0182
0704.3031 0704.0819
0704.3031 0705.0414
0704.3031 0705.0774
0704.3031 0705.0972
0704.3031 0704.3842
0704.3031 0705.0153
0704.3031 0704.0799
0704.3032 0704.2351
0704.3033 0704.2231
0704.3033 0704.2170
0704.3033 0704.0383
0704.3033 0704.0570
0704.3033 0705.0140
0704.3033 0704.1218
0704.3034 0704.1623
0704.3035 0704.3721
0704.3037 0704.2158
0704.3038 0704.3851
0704.3039 0704.0280
0704.3039 0704.1130
0704.3040 0704.0955
0704.3040 0704.3829
0704.3040 0705.0339
0704.3040 0705.0221
0704.3040 0704.0425
0704.3040 0704.1088
0704.3040 0704.0144
0704.3041 0704.3564
0704.3041 0704.1045
0704.3041 0705.0037
0704.3042 0704.1978
0704.3042 0704.2365
0704.3043 0705.0846
0704.3043 0704.1915
0704.3043 0704.2759
0704.3043 0705.0787
0704.3044 0705.0810
0704.3044 0704.0371
0704.3044 0704.2588
0704.3046 0704.3352
0704.3046 0704.1018
0704.3047 0704.2862
0704.3047 0704.1503
0704.3047 0704.1103
0704.3047 0704.3070
0704.3047 0704.2171
0704.3047 0705.0271
0704.3047 0704.3914
0704.3047 0704.3574
0704.3048 0704.0687
0704.3048 0705.0172
0704.3048 0704.3582
0704.3048 0705.0837
0704.3049 0704.0036
0704.3049 0705.0862
0704.3050 0705.0240
0704.3050 0704.2626
0704.3050 0704.3458
0704.3051 0705.0817
0704.3051 0704.2366
0704.3052 0704.1059
0704.3052 0705.0042
0704.3052 0704.2437
0704.3052 0704.2453
0704.3053 0705.0620
0704.3054 0704.0923
0704.3054 0704.3281
0704.3054 0705.0210
0704.3054 0704.1465
0704.3054 0704.0326
0704.3054 0705.0269
0704.3054 0704.1176
0704.3054 0704.2826
0704.3054 0704.1379
0704.3054 0704.2613
0704.3056 0704.2623
0704.3056 0705.0253
0704.3056 0704.3530
0704.3056 0704.1644
0704.3057 0704.2576
0704.3057 0704.3542
0704.3059 0704.0972
0704.3060 0704.3988
0704.3061 0704.2127
0704.3061 0705.0966
0704.3061 0704.1384
0704.3061 0705.0167
0704.3062 0704.1697
0704.3062 0704.2136
0704.3062 0704.0950
0704.3062 0704.1304
0704.3062 0705.0526
0704.3062 0704.2543
0704.3063 0705.0903
0704.3063 0704.0760
0704.3063 0704.0225
0704.3063 0705.0816
0704.3064 0705.0406
0704.3064 0704.3001
0704.3065 0704.1667
0704.3065 0704.0279
0704.3065 0704.2311
0704.3065 0705.0681
0704.3065 0704.0155
0704.3065 0704.3341
0704.3065 0705.0579
0704.3066 0705.0153
0704.3066 0705.0267
0704.3067 0704.1101
0704.3067 0704.2418
0704.3068 0704.3544
0704.3068 0704.1151
0704.3068 0705.0040
0704.3068 0705.0146
0704.3069 0704.2543
0704.3069 0704.1281
0704.3069 0704.0955
0704.3070 0704.3958
0704.3070 0704.2922
0704.3070 0704.1824
0704.3070 0704.0573
0704.3070 0704.0611
0704.3070 0704.3870
0704.3070 0704.2681
0704.3071 0704.2551
0704.3071 0704.3221
0704.3071 0704.2581
0704.3071 0704.2454
0704.3071 0705.0204
0704.3071 0704.3748
0704.3071 0704.0607
0704.3072 0705.0020
0704.3072 0704.0426
0704.3072 0704.0824
0704.3072 0705.0271
0704.3073 0705.0571
0704.3074 0704.1538
0704.3074 0704.1084
0704.3074 0704.3279
0704.3074 0704.0131
0704.3074 0704.0442
0704.3074 0704.0042
0704.3074 0704.1381
0704.3074 0704.1786
0704.3074 0704.0982
0704.3074 0705.0311
0704.3074 0704.2324
0704.3074 0704.1661
0704.3074 0705.0077
0704.3074 0704.1632
0704.3074 0704.1942
0704.3074 0705.0899
0704.3075 0704.0727
0704.3076 0704.1755
0704.3079 0704.1709
0704.3080 0704.0440
0704.3080 0704.3428
0704.3081 0704.3117
0704.3082 0704.1923
0704.3083 0704.1631
0704.3083 0704.1901
0704.3083 0705.0533
0704.3083 0704.2460
0704.3084 0704.3975
0704.3085 0704.2750
0704.3085 0704.3215
0704.3086 0704.3667
0704.3086 0705.0403
0704.3086 0704.2898
0704.3086 0705.0466
0704.3086 0704.0097
0704.3086 0704.3787
0704.3086 0704.3441
0704.3086 0704.2355
0704.3087 0705.0188
0704.3087 0704.1445
0704.3087 0704.1418
0704.3087 0704.3810
0704.3088 0704.1050
0704.3088 0704.1118
0704.3088 0704.3159
0704.3088 0704.3265
0704.3089 0704.2884
0704.3089 0705.0007
0704.3090 0704.2386
0704.3090 0704.2197
0704.3090 0704.3633
0704.3090 0704.1624
0704.3090 0704.0014
0704.3091 0704.2649
0704.3091 0705.0607
0704.3091 0704.3716
0704.3091 0704.0801
0704.3092 0704.2602
0704.3093 0704.3622
0704.3094 0704.2136
0704.3095 0704.1795
0704.3095 0704.0079
0704.3095 0704.3244
0704.3096 0704.0374
0704.3097 0704.1365
0704.3097 0704.3739
0704.3097 0705.0690
0704.3097 0704.2058
0704.3098 0705.0467
0704.3098 0704.3156
0704.3098 0705.0958
0704.3098 0704.2702
0704.3098 0704.3237
0704.3098 0704.0567
0704.3098 0704.1060
0704.3099 0704.0173
0704.3100 0704.0740
0704.3101 0704.1900
0704.3101 0704.2891
0704.3102 0704.0520
0704.3102 0704.2788
0704.3103 0705.0387
0704.3103 0705.0804
0704.3103 0704.2123
0704.3103 0704.1626
0704.3103 0704.2049
0704.3104 0704.1323
0704.3104 0704.2120
0704.3104 0704.3589
0704.3104 0704.2379
0704.3105 0704.2716
0704.3106 0705.0528
0704.3107 0704.0582
0704.3107 0704.0417
0704.3107 0704.0248
0704.3107 0704.0843
0704.3107 0705.0315
0704.3108 0704.3974
0704.3110 0704.2028
0704.3110 0704.0277
0704.3110 0704.0698
0704.3110 0704.0669
0704.3111 0704.3285
0704.3111 0704.1167
0704.3111 0705.0417
0704.3112 0705.0718
0704.3112 0704.2212
0704.3112 0705.0176
0704.3112 0704.0696
0704.3114 0704.1580
0704.3114 0704.1596
0704.3114 0704.0176
0704.3114 0704.0123
0704.3114 0704.3210
0704.3114 0704.3970
0704.3114 0704.0804
0704.3114 0705.0822
0704.3115 0704.2652
0704.3115 0705.0173
0704.3116 0704.3765
0704.3116 0704.3347
0704.3116 0704.3249
0704.3116 0704.0895
0704.3116 0704.1662
0704.3116 0704.2765
0704.3118 0705.0719
0704.3119 0705.0890
0704.3119 0704.3152
0704.3119 0704.3967
0704.3119 0704.2334
0704.3119 0704.0284
0704.3119 0705.0373
0704.3119 0704.2647
0704.3119 0704.2198
0704.3119 0705.0155
0704.3119 0704.2071
0704.3119 0704.1476
0704.3120 0704.0304
0704.3120 0705.0071
0704.3121 0704.3054
0704.3122 0705.0053
0704.3122 0704.0524
0704.3122 0704.1904
0704.3122 0704.2458
0704.3122 0704.2916
0704.3122 0704.3261
0704.3122 0704.0204
0704.3122 0704.1259
0704.3123 0704.3907
0704.3124 0704.0656
0704.3124 0704.0687
0704.3124 0704.0783
0704.3124 0705.0598
0704.3124 0704.1866
0704.3124 0704.0833
0704.3124 0704.2089
0704.3124 0704.3989
0704.3125 0704.2336
0704.3125 0705.0876
0704.3125 0704.0688
0704.3126 0704.3881
0704.3127 0705.0640
0704.3128 0704.2066
0704.3128 0705.0623
0704.3128 0704.3376
0704.3128 0704.0645
0704.3129 0704.3694
0704.3129 0704.0300
0704.3129 0704.2635
0704.3129 0704.1725
0704.3130 0705.0903
0704.3131 0704.0046
0704.3132 0704.1714
0704.3133 0704.3270
0704.3133 0705.0469
0704.3134 0705.0547
0704.3134 0704.3368
0704.3134 0705.0825
0704.3134 0704.1510
0704.3134 0704.1086
0704.3134 0704.2406
0704.3134 0705.0217
0704.3134 0704.3962
0704.3135 0704.3491
0704.3135 0704.0635
0704.3135 0704.1051
0704.3135 0704.0827
0704.3136 0704.0112
0704.3137 0704.0933
0704.3137 0704.0320
0704.3137 0704.1974
0704.3137 0704.0856
0704.3137 0704.1644
0704.3137 0704.3239
0704.3138 0705.0055
0704.3139 0705.0296
0704.3139 0705.0309
0704.3140 0704.2070
0704.3140 0704.2745
0704.3140 0704.3275
0704.3140 0704.3936
0704.3140 0705.0408
0704.3140 0704.0076
0704.3141 0704.2412
0704.3141 0704.0090
0704.3142 0704.2221
0704.3143 0704.1160
0704.3143 0704.1536
0704.3143 0704.2379
0704.3143 0704.3703
0704.3144 0704.3043
0704.3144 0704.1816
0704.3145 0704.2059
0704.3146 0704.1726
0704.3147 0704.1346
0704.3147 0704.3090
0704.3148 0704.3883
0704.3150 0704.0046
0704.3150 0704.1388
0704.3150 0704.0550
0704.3150 0705.0404
0704.3151 0704.2587
0704.3151 0704.0776
0704.3151 0704.2041
0704.3151 0704.1313
0704.3151 0704.2716
0704.3151 0704.3762
0704.3151 0704.2600
0704.3153 0704.1282
0704.3155 0704.1852
0704.3156 0704.0116
0704.3157 0704.3905
0704.3157 0705.0454
0704.3157 0704.3886
0704.3157 0704.3515
0704.3157 0705.0760
0704.3157 0704.3009
0704.3157 0704.2087
0704.3157 0704.3305
0704.3158 0704.0698
0704.3158 0704.1661
0704.3160 0704.2295
0704.3160 0704.1462
0704.3160 0705.0068
0704.3160 0704.1152
0704.3161 0704.0839
0704.3162 0705.0981
0704.3162 0704.2705
0704.3162 0704.3490
0704.3163 0705.0850
0704.3164 0705.0117
0704.3164 0705.0521
0704.3164 0704.3880
0704.3165 0704.0022
0704.3166 0704.1360
0704.3166 0704.2654
0704.3166 0704.3902
0704.3166 0704.1324
0704.3166 0704.1998
0704.3166 0704.1519
0704.3166 0704.0928
0704.3166 0704.0003
0704.3168 0704.1123
0704.3169 0704.3603
0704.3170 0704.0589
0704.3170 0704.1602
0704.3170 0704.1975
0704.3170 0704.0962
0704.3170 0704.3476
0704.3170 0704.3762
0704.3171 0704.3890
0704.3171 0704.3508
0704.3171 0704.3441
0704.3172 0705.0275
0704.3173 0704.0641
0704.3174 0704.1093
0704.3174 0704.2278
0704.3174 0704.0123
0704.3175 0704.2055
0704.3175 0705.0739
0704.3175 0704.1547
0704.3175 0704.0987
0704.3175 0704.2150
0704.3175 0705.0823
0704.3175 0705.0572
0704.3175 0704.0569
0704.3176 0704.2999
0704.3176 0704.0193
0704.3176 0704.1806
0704.3176 0704.3751
0704.3176 0704.2838
0704.3176 0704.3824
0704.3176 0704.0975
0704.3177 0704.2779
0704.3177 0704.1951
0704.3177 0704.3136
0704.3177 0705.0965
0704.3177 0704.1565
0704.3178 0704.0088
0704.3179 0704.2958
0704.3180 0705.0802
0704.3180 0704.0029
0704.3181 0705.0121
0704.3181 0704.2103
0704.3181 0704.2082
0704.3181 0704.0530
0704.3181 0704.0629
0704.3181 0704.0795
0704.3182 0705.0969
0704.3183 0704.2253
0704.3183 0704.2729
0704.3184 0705.0958
0704.3184 0704.0471
0704.3184 0704.0284
0704.3184 0704.1653
0704.3184 0705.0240
0704.3184 0704.0797
0704.3184 0704.0251
0704.3184 0705.0691
0704.3184 0704.0066
0704.3185 0704.3726
0704.3185 0705.0713
0704.3185 0704.3430
0704.3186 0705.0469
0704.3186 0704.2658
0704.3187 0704.0426
0704.3187 0704.3029
0704.3189 0704.1745
0704.3189 0704.1450
0704.3190 0704.1079
0704.3192 0704.0979
0704.3194 0704.0511
0704.3195 0704.0137
0704.3195 0704.1591
0704.3195 0704.1647
0704.3195 0704.3344
0704.3196 0704.3667
0704.3196 0704.1387
0704.3196 0704.3155
0704.3197 0704.2282
0704.3197 0704.3674
0704.3197 0705.0230
0704.3197 0704.0117
0704.3198 0704.0535
0704.3198 0704.0506
0704.3198 0704.0406
0704.3198 0704.0321
0704.3199 0704.1209
0704.3199 0704.1925
0704.3199 0705.0564
0704.3200 0704.0862
0704.3200 0704.1583
0704.3200 0704.0365
0704.3200 0704.3636
0704.3201 0704.3896
0704.3201 0705.0651
0704.3201 0704.1961
0704.3201 0704.0955
0704.3201 0705.0101
0704.3201 0704.3832
0704.3201 0704.0725
0704.3201 0704.1638
0704.3201 0704.1199
0704.3201 0704.1788
0704.3201 0705.0667
0704.3201 0704.3132
0704.3201 0704.0708
0704.3201 0704.2045
0704.3201 0705.0408
0704.3201 0704.0695
0704.3201 0704.3458
0704.3201 0704.0744
0704.3201 0704.1081
0704.3201 0704.2423
0704.3201 0705.0917
0704.3201 0704.0016
0704.3201 0705.0934
0704.3201 0704.3805
0704.3202 0704.2918
0704.3202 0704.0086
0704.3202 0704.0877
0704.3202 0704.1664
0704.3202 0704.0255
0704.3202 0704.1390
0704.3203 0704.0827
0704.3203 0704.3418
0704.3203 0704.1567
0704.3203 0704.2235
0704.3203 0704.2524
0704.3203 0705.0314
0704.3204 0704.2837
0704.3204 0704.0437
0704.3204 0704.1250
0704.3205 0704.1459
0704.3205 0704.1568
0704.3206 0704.1713
0704.3206 0705.0114
0704.3206 0704.3394
0704.3207 0704.2129
0704.3207 0704.1090
0704.3207 0704.3607
0704.3207 0704.1616
0704.3207 0704.1153
0704.3207 0704.1201
0704.3207 0704.2421
0704.3208 0704.2981
0704.3208 0704.3234
0704.3208 0704.2044
0704.3208 0704.2860
0704.3208 0704.2729
0704.3209 0705.0283
0704.3210 0705.0796
0704.3210 0705.0237
0704.3210 0704.0301
0704.3210 0705.0532
0704.3210 0704.0830
0704.3211 0705.0405
0704.3212 0704.3792
0704.3212 0705.0619
0704.3212 0704.3608
0704.3212 0704.0745
0704.3212 0705.0132
0704.3212 0704.3897
0704.3212 0704.3754
0704.3212 0705.0210
0704.3212 0705.0524
0704.3212 0705.0532
0704.3212 0704.2910
0704.3212 0704.2205
0704.3212 0704.3033
0704.3212 0704.0591
0704.3213 0704.2116
0704.3214 0704.1530
0704.3214 0704.0595
0704.3214 0705.0237
0704.3214 0704.2406
0704.3214 0704.0144
0704.3215 0704.3051
0704.3215 0705.0619
0704.3215 0704.2962
0704.3215 0705.0368
0704.3216 0704.2871
0704.3216 0704.0278
0704.3217 0704.0857
0704.3218 0704.1301
0704.3218 0704.0065
0704.3218 0705.0770
0704.3218 0705.0566
0704.3219 0704.2759
0704.3219 0704.3065
0704.3220 0704.0553
0704.3220 0704.1534
0704.3221 0704.2510
0704.3222 0704.1894
0704.3222 0704.3600
0704.3222 0704.2592
0704.3222 0704.0179
0704.3222 0704.3985
0704.3223 0704.0191
0704.3223 0705.0690
0704.3223 0704.3274
0704.3223 0704.3882
0704.3224 0704.3958
0704.3224 0704.2284
0704.3224 0704.3076
0704.3224 0704.3290
0704.3224 0704.3385
0704.3225 0704.3288
0704.3225 0704.1972
0704.3225 0704.1712
0704.3225 0705.0369
0704.3225 0704.3109
0704.3225 0704.3806
0704.3225 0704.0234
0704.3225 0705.0863
0704.3225 0705.0920
0704.3225 0704.3144
0704.3226 0704.2463
0704.3226 0704.3748
0704.3227 0705.0292
0704.3228 0705.0651
0704.3229 0704.1065
0704.3230 0704.0343
0704.3230 0704.2839
0704.3230 0704.1161
0704.3230 0705.0490
0704.3230 0704.1769
0704.3230 0704.0493
0704.3231 0704.1355
0704.3232 0705.0432
0704.3232 0704.1410
0704.3232 0704.2469
0704.3232 0704.3354
0704.3233 0704.1659
0704.3233 0704.1667
0704.3233 0704.2166
0704.3234 0704.2005
0704.3235 0704.3414
0704.3235 0704.0041
0704.3236 0704.0973
0704.3236 0705.0429
0704.3236 0704.0785
0704.3236 0704.1919
0704.3236 0704.3583
0704.3236 0704.3437
0704.3236 0704.1991
0704.3236 0705.0408
0704.3236 0704.3135
0704.3236 0704.3803
0704.3237 0704.3278
0704.3237 0704.3529
0704.3237 0704.3020
0704.3238 0704.3931
0704.3238 0705.0811
0704.3238 0705.0419
0704.3238 0704.2448
0704.3238 0704.0222
0704.3238 0704.2900
0704.3238 0704.0218
0704.3238 0705.0992
0704.3238 0704.1461
0704.3238 0705.0006
0704.3238 0704.1707
0704.3238 0704.1820
0704.3238 0704.1886
0704.3238 0704.1783
0704.3239 0704.0912
0704.3239 0704.0856
0704.3239 0704.2787
0704.3239 0705.0108
0704.3240 0705.0907
0704.3241 0704.1132
0704.3241 0704.1308
0704.3241 0705.0097
0704.3241 0704.3120
0704.3241 0704.3402
0704.3242 0704.1910
0704.3242 0704.1475
0704.3242 0704.1236
0704.3242 0704.3492
0704.3242 0704.2738
0704.3242 0704.3494
0704.3242 0704.0939
0704.3242 0705.0048
0704.3242 0704.3083
0704.3243 0704.3169
0704.3244 0704.3939
0704.3246 0704.3456
0704.3247 0704.3264
0704.3248 0704.2840
0704.3248 0704.3318
0704.3248 0704.0596
0704.3248 0704.0750
0704.3248 0705.0694
0704.3248 0704.2833
0704.3248 0704.0833
0704.3248 0705.0589
0704.3249 0705.0709
0704.3249 0704.0248
0704.3249 0704.3710
0704.3249 0704.2213
0704.3249 0704.1056
0704.3250 0704.3726
0704.3252 0704.0447
0704.3252 0705.0208
0704.3252 0704.2571
0704.3253 0704.1967
0704.3253 0704.0950
0704.3254 0704.3627
0704.3254 0704.3691
0704.3255 0704.3881
0704.3256 0704.3477
0704.3256 0704.1467
0704.3256 0705.0098
0704.3256 0704.1013
0704.3256 0704.2848
0704.3257 0704.3073
0704.3257 0704.1760
0704.3257 0704.3736
0704.3257 0704.1388
0704.3257 0704.0819
0704.3257 0704.0156
0704.3257 0704.0399
0704.3257 0704.3816
0704.3257 0704.3491
0704.3257 0704.3571
0704.3257 0704.2320
0704.3257 0705.0910
0704.3258 0704.3045
0704.3258 0704.3774
0704.3258 0704.0722
0704.3259 0705.0451
0704.3259 0704.1811
0704.3259 0704.1467
0704.3259 0704.2132
0704.3259 0704.2194
0704.3259 0704.0036
0704.3259 0704.2407
0704.3259 0705.0374
0704.3259 0704.2793
0704.3259 0704.1169
0704.3260 0704.0292
0704.3260 0704.0341
0704.3260 0704.2441
0704.3260 0704.2482
0704.3260 0704.1720
0704.3261 0705.0353
0704.3261 0705.0010
0704.3261 0704.0493
0704.3262 0704.1436
0704.3262 0704.2401
0704.3265 0704.2520
0704.3265 0704.2099
0704.3265 0704.2832
0704.3265 0704.3214
0704.3265 0704.2252
0704.3266 0705.0661
0704.3266 0704.2209
0704.3266 0704.3758
0704.3266 0705.0988
0704.3268 0704.0314
0704.3269 0704.0829
0704.3270 0705.0650
0704.3270 0704.0437
0704.3270 0704.2769
0704.3271 0704.0894
0704.3271 0704.1860
0704.3271 0704.3286
0704.3271 0704.0184
0704.3272 0704.0650
0704.3272 0705.0159
0704.3272 0704.1417
0704.3272 0704.3553
0704.3273 0704.3365
0704.3273 0705.0676
0704.3274 0704.2867
0704.3274 0704.1412
0704.3274 0705.0212
0704.3275 0704.1997
0704.3276 0704.3586
0704.3276 0704.0284
0704.3276 0704.2658
0704.3276 0704.3205
0704.3276 0704.2162
0704.3276 0704.2255
0704.3276 0704.1152
0704.3276 0704.1524
0704.3277 0704.1574
0704.3277 0704.0042
0704.3277 0704.0136
0704.3277 0704.2354
0704.3277 0704.1303
0704.3277 0704.2338
0704.3277 0704.3555
0704.3277 0704.2237
0704.3278 0704.3398
0704.3278 0704.0111
0704.3278 0704.3342
0704.3279 0704.1997
0704.3279 0704.0796
0704.3279 0705.0222
0704.3279 0704.1983
0704.3279 0704.1130
0704.3279 0704.2610
0704.3280 0704.1812
0704.3280 0704.2555
0704.3280 0704.0102
0704.3282 0705.0990
0704.3283 0705.0815
0704.3284 0704.1714
0704.3284 0704.3837
0704.3284 0704.3902
0704.3284 0704.3788
0704.3284 0704.2121
0704.3284 0705.0571
0704.3286 0704.3390
0704.3286 0704.2041
0704.3286 0704.3788
0704.3286 0705.0088
0704.3286 0705.0170
0704.3287 0704.3197
0704.3287 0704.2596
0704.3287 0705.0043
0704.3288 0704.0265
0704.3289 0705.0600
0704.3289 0704.3988
0704.3289 0705.0311
0704.3289 0705.0073
0704.3289 0704.0976
0704.3290 0704.1072
0704.3290 0704.2463
0704.3290 0704.3027
0704.3290 0705.0339
0704.3291 0705.0795
0704.3291 0704.0243
0704.3291 0705.0237
0704.3291 0704.0843
0704.3291 0705.0417
0704.3291 0704.0692
0704.3291 0704.1280
0704.3291 0704.3512
0704.3292 0704.2881
0704.3293 0704.3795
0704.3293 0705.0984
0704.3293 0705.0022
0704.3293 0704.2327
0704.3293 0704.3889
0704.3293 0704.0469
0704.3293 0705.0560
0704.3294 0704.1244
0704.3294 0704.3455
0704.3294 0704.1012
0704.3294 0704.3426
0704.3294 0705.0975
0704.3296 0705.0675
0704.3296 0704.1107
0704.3297 0704.1304
0704.3298 0704.1492
0704.3298 0704.3287
0704.3299 0705.0117
0704.3299 0705.0294
0704.3299 0705.0164
0704.3299 0704.3920
0704.3299 0705.0917
0704.3299 0704.2599
0704.3299 0704.0866
0704.3299 0704.3426
0704.3299 0704.2606
0704.3299 0704.2312
0704.3300 0704.3130
0704.3300 0704.3313
0704.3300 0704.1809
0704.3301 0704.3802
0704.3302 0704.3683
0704.3303 0704.1456
0704.3304 0704.0028
0704.3305 0704.0821
0704.3305 0704.0239
0704.3305 0704.3435
0704.3305 0704.1551
0704.3305 0704.3262
0704.3305 0704.3370
0704.3305 0704.3434
0704.3305 0705.0417
0704.3305 0704.1052
0704.3305 0704.2215
0704.3305 0705.0610
0704.3305 0704.0119
0704.3305 0704.3212
0704.3305 0704.3608
0704.3305 0704.2319
0704.3306 0704.2078
0704.3306 0705.0124
0704.3306 0704.2706
0704.3307 0704.3291
0704.3307 0704.3351
0704.3307 0704.3510
0704.3308 0704.2663
0704.3309 0704.1364
0704.3310 0704.0510
0704.3310 0705.0074
0704.3310 0704.0187
0704.3310 0704.2185
0704.3310 0704.2939
0704.3310 0705.0929
0704.3311 0704.2296
0704.3311 0705.0523
0704.3311 0704.3978
0704.3312 0704.1582
0704.3313 0704.1323
0704.3314 0704.1961
0704.3315 0704.1697
0704.3315 0704.0254
0704.3315 0704.0531
0704.3315 0704.1770
0704.3315 0704.2958
0704.3315 0704.2667
0704.3315 0704.1250
0704.3316 0704.3784
0704.3316 0705.0968
0704.3316 0704.0911
0704.3316 0704.2699
0704.3316 0704.1852
0704.3316 0704.2624
0704.3316 0705.0843
0704.3316 0705.0099
0704.3317 0704.1305
0704.3317 0705.0968
0704.3317 0704.1667
0704.3317 0705.0596
0704.3317 0705.0739
0704.3317 0704.2007
0704.3318 0704.0474
0704.3318 0704.0057
0704.3319 0704.3512
0704.3319 0704.3330
0704.3320 0705.0824
0704.3320 0704.3158
0704.3320 0704.0154
0704.3322 0704.0992
0704.3322 0704.2019
0704.3322 0705.0369
0704.3323 0705.0971
0704.3324 0705.0374
0704.3325 0704.2077
0704.3325 0704.2402
0704.3325 0704.0490
0704.3325 0704.1161
0704.3326 0705.0597
0704.3326 0704.2977
0704.3326 0705.0632
0704.3326 0704.0327
0704.3327 0704.1009
0704.3327 0704.3994
0704.3327 0704.3391
0704.3327 0704.1389
0704.3327 0704.3008
0704.3327 0705.0821
0704.3327 0704.3280
0704.3327 0704.1996
0704.3327 0704.1083
0704.3327 0704.2789
0704.3327 0704.3169
0704.3327 0704.2214
0704.3327 0704.1166
0704.3327 0705.0516
0704.3327 0704.1013
0704.3327 0705.0951
0704.3327 0704.1238
0704.3328 0704.2168
0704.3328 0704.1905
0704.3330 0704.0607
0704.3331 0704.2217
0704.3331 0704.2807
0704.3331 0705.0605
0704.3331 0704.2130
0704.3332 0704.1213
0704.3332 0704.1922
0704.3332 0704.3243
0704.3332 0704.3232
0704.3332 0704.3244
0704.3332 0704.3749
0704.3332 0705.0280
0704.3332 0705.0908
0704.3332 0705.0798
0704.3332 0704.2524
0704.3332 0704.0293
0704.3332 0704.3876
0704.3332 0704.1148
0704.3333 0704.1811
0704.3334 0704.1771
0704.3334 0704.2387
0704.3334 0705.0024
0704.3335 0704.1297
0704.3336 0704.3606
0704.3336 0705.0446
0704.3336 0704.2416
0704.3336 0704.2758
0704.3337 0704.1201
0704.3337 0704.1220
0704.3338 0704.3148
0704.3339 0704.1735
0704.3339 0704.0430
0704.3339 0704.2007
0704.3340 0704.1398
0704.3340 0705.0238
0704.3340 0704.3915
0704.3340 0704.1531
0704.3340 0705.0282
0704.3340 0704.3330
0704.3340 0704.0063
0704.3340 0704.3167
0704.3340 0704.2164
0704.3340 0704.0959
0704.3340 0704.3571
0704.3341 0704.1450
0704.3341 0704.2576
0704.3341 0705.0707
0704.3342 0705.0717
0704.3342 0705.0302
0704.3342 0704.3450
0704.3342 0704.1386
0704.3343 0704.0646
0704.3343 0704.3113
0704.3345 0704.3108
0704.3345 0704.2535
0704.3345 0704.2074
0704.3345 0704.1692
0704.3346 0704.3298
0704.3346 0704.2633
0704.3346 0704.0980
0704.3346 0704.1614
0704.3347 0704.3723
0704.3347 0705.0664
0704.3348 0705.0293
0704.3348 0704.0137
0704.3349 0704.1660
0704.3350 0705.0311
0704.3350 0704.0811
0704.3350 0704.3155
0704.3350 0704.2701
0704.3350 0704.0322
0704.3351 0705.0796
0704.3351 0704.3353
0704.3351 0705.0672
0704.3351 0704.1334
0704.3351 0704.0459
0704.3351 0705.0643
0704.3351 0704.3662
0704.3352 0704.3246
0704.3352 0704.2815
0704.3352 0704.3161
0704.3352 0705.0996
0704.3352 0705.0526
0704.3352 0704.2179
0704.3352 0705.0675
0704.3352 0704.2832
0704.3352 0704.0330
0704.3352 0704.2002
0704.3352 0705.0480
0704.3353 0704.1557
0704.3354 0705.0275
0704.3354 0704.0522
0704.3355 0704.0499
0704.3355 0704.1702
0704.3355 0704.2029
0704.3355 0704.2516
0704.3355 0704.3693
0704.3356 0705.0248
0704.3356 0704.3805
0704.3358 0704.0419
0704.3359 0704.3905
0704.3359 0704.1675
0704.3359 0704.2201
0704.3359 0704.1158
0704.3359 0704.3626
0704.3359 0704.0684
0704.3359 0704.1028
0704.3360 0704.1958
0704.3360 0705.0901
0704.3361 0704.0184
0704.3361 0704.3991
0704.3361 0704.0915
0704.3362 0704.3628
0704.3363 0705.0524
0704.3363 0704.1689
0704.3363 0704.3740
0704.3364 0704.2063
0704.3365 0705.0643
0704.3365 0705.0034
0704.3366 0704.3397
0704.3366 0705.0155
0704.3367 0705.0361
0704.3367 0704.1721
0704.3367 0704.2167
0704.3367 0704.3934
0704.3367 0704.1669
0704.3368 0704.2878
0704.3368 0704.1173
0704.3368 0704.2585
0704.3368 0704.3610
0704.3368 0704.2531
0704.3368 0704.3485
0704.3369 0704.0054
0704.3369 0704.1651
0704.3369 0704.2616
0704.3369 0705.0559
0704.3370 0704.0378
0704.3370 0704.0614
0704.3370 0704.1468
0704.3370 0704.0124
0704.3370 0704.1340
0704.3372 0704.1383
0704.3372 0704.0389
0704.3372 0704.3634
0704.3373 0705.0412
0704.3373 0704.3921
0704.3374 0704.2520
0704.3374 0704.2136
0704.3374 0704.1090
0704.3374 0704.1749
0704.3374 0704.1732
0704.3375 0704.1821
0704.3375 0705.0345
0704.3376 0705.0677
0704.3376 0705.0902
0704.3376 0704.1723
0704.3376 0704.3619
0704.3377 0704.1282
0704.3377 0704.2971
0704.3378 0704.3671
0704.3378 0705.0216
0704.3378 0704.1408
0704.3379 0704.1021
0704.3379 0704.2669
0704.3379 0704.3725
0704.3379 0704.3422
0704.3379 0705.0232
0704.3380 0705.0875
0704.3381 0704.2207
0704.3382 0704.1975
0704.3382 0705.0694
0704.3382 0704.2489
0704.3382 0704.2849
0704.3382 0704.3040
0704.3382 0705.0728
0704.3383 0704.2901
0704.3383 0704.2102
0704.3384 0704.2584
0704.3385 0704.3936
0704.3385 0705.0614
0704.3386 0704.3419
0704.3388 0704.2898
0704.3388 0704.3007
0704.3388 0704.0566
0704.3389 0704.0951
0704.3389 0704.0160
0704.3389 0704.3835
0704.3389 0704.2248
0704.3390 0704.1709
0704.3390 0704.2600
0704.3391 0704.2097
0704.3392 0704.3060
0704.3394 0705.0481
0704.3394 0705.0096
0704.3394 0704.4003
0704.3394 0704.3488
0704.3394 0704.1063
0704.3394 0705.0985
0704.3394 0704.2463
0704.3394 0704.1498
0704.3394 0704.1958
0704.3394 0704.1767
0704.3394 0704.0792
0704.3394 0704.2198
0704.3394 0704.2302
0704.3394 0705.0726
0704.3394 0704.3001
0704.3394 0704.0487
0704.3394 0704.2997
0704.3394 0704.3083
0704.3394 0704.2053
0704.3394 0705.0402
0704.3394 0704.0486
0704.3394 0705.0816
0704.3394 0704.3543
0704.3395 0705.0407
0704.3395 0704.3515
0704.3395 0705.0197
0704.3396 0704.3393
0704.3396 0704.1317
0704.3396 0704.3591
0704.3396 0704.1925
0704.3396 0704.2662
0704.3396 0704.2383
0704.3396 0704.0607
0704.3397 0704.2450
0704.3397 0704.1445
0704.3397 0704.3423
0704.3397 0705.0703
0704.3398 0704.0721
0704.3399 0704.2686
0704.3400 0704.0869
0704.3400 0704.2560
0704.3400 0704.2389
0704.3400 0704.3032
0704.3400 0704.0180
0704.3401 0704.0558
0704.3402 0705.0044
0704.3402 0705.0123
0704.3402 0704.2572
0704.3403 0704.3654
0704.3403 0705.0282
0704.3404 0704.0286
0704.3404 0704.1510
0704.3405 0704.3777
0704.3405 0704.3120
0704.3406 0704.1631
0704.3407 0704.3981
0704.3407 0704.2122
0704.3408 0704.0190
0704.3409 0704.3366
0704.3410 0705.0709
0704.3410 0705.0476
0704.3410 0705.0416
0704.3410 0705.0199
0704.3410 0704.0133
0704.3410 0704.1046
0704.3410 0704.2144
0704.3410 0704.3064
0704.3410 0704.2467
0704.3410 0704.1217
0704.3411 0704.0263
0704.3412 0704.1453
0704.3412 0705.0710
0704.3412 0704.2399
0704.3412 0704.3754
0704.3412 0704.2317
0704.3413 0705.0361
0704.3413 0704.3152
0704.3413 0704.0527
0704.3413 0705.0376
0704.3413 0704.1300
0704.3413 0704.0399
0704.3413 0705.0112
0704.3413 0704.0924
0704.3413 0704.3183
0704.3413 0704.0435
0704.3414 0704.0719
0704.3415 0704.1471
0704.3415 0704.3533
0704.3415 0704.0599
0704.3415 0704.3806
0704.3416 0704.3699
0704.3416 0704.3422
0704.3417 0704.1247
0704.3418 0704.0599
0704.3419 0705.0711
0704.3420 0704.2633
0704.3420 0704.3545
0704.3421 0704.3633
0704.3421 0704.2408
0704.3421 0704.1561
0704.3423 0704.0070
0704.3423 0704.0146
0704.3424 0704.1233
0704.3424 0704.2708
0704.3425 0704.2913
0704.3425 0705.0787
0704.3426 0705.0361
0704.3426 0704.1114
0704.3427 0704.1642
0704.3428 0705.0704
0704.3429 0705.0724
0704.3430 0705.0136
0704.3430 0704.0409
0704.3430 0704.1046
0704.3430 0704.1423
0704.3430 0704.2301
0704.3430 0705.0936
0704.3430 0704.0855
0704.3430 0704.0324
0704.3430 0704.2151
0704.3430 0704.1946
0704.3431 0704.1712
0704.3431 0704.3012
0704.3431 0704.1887
0704.3431 0704.2896
0704.3431 0704.0735
0704.3432 0704.1280
0704.3432 0704.3470
0704.3432 0704.2222
0704.3433 0704.1780
0704.3434 0704.0224
0704.3435 0704.0209
0704.3435 0705.0139
0704.3435 0704.3639
0704.3435 0705.0797
0704.3435 0704.1175
0704.3436 0704.0405
0704.3436 0704.2910
0704.3436 0704.0204
0704.3437 0704.1628
0704.3437 0704.3611
0704.3438 0704.3118
0704.3439 0704.2823
0704.3439 0704.1831
0704.3439 0705.0739
0704.3439 0705.0152
0704.3439 0704.1410
0704.3440 0704.1336
0704.3440 0704.1171
0704.3441 0704.1566
0704.3441 0704.2909
0704.3441 0704.3236
0704.3441 0704.3404
0704.3441 0704.1152
0704.3441 0705.0583
0704.3442 0704.2843
0704.3442 0704.3920
0704.3442 0704.2069
0704.3442 0705.0473
0704.3442 0704.0526
0704.3442 0704.2094
0704.3443 0704.3745
0704.3445 0704.3441
0704.3446 0704.2955
0704.3446 0704.2312
0704.3446 0704.1304
0704.3447 0704.0181
0704.3447 0704.0248
0704.3447 0704.3828
0704.3447 0704.3869
0704.3447 0704.3732
0704.3447 0704.2255
0704.3447 0704.1506
0704.3447 0704.0130
0704.3447 0704.1959
0704.3448 0704.2649
0704.3450 0704.2381
0704.3450 0705.0625
0704.3452 0704.0850
0704.3452 0704.3851
0704.3452 0704.3865
0704.3453 0704.1362
0704.3453 0704.3359
0704.3453 0705.0760
0704.3453 0704.2402
0704.3453 0704.1720
0704.3454 0704.3399
0704.3455 0704.3296
0704.3455 0704.0897
0704.3455 0704.1598
0704.3455 0705.0963
0704.3455 0704.1331
0704.3455 0704.0246
0704.3455 0704.1641
0704.3455 0704.3851
0704.3455 0704.1400
0704.3455 0704.1583
0704.3456 0704.3308
0704.3456 0704.1865
0704.3457 0704.2632
0704.3457 0704.1254
0704.3461 0705.0421
0704.3461 0704.1081
0704.3461 0704.0353
0704.3461 0704.3091
0704.3461 0704.3569
0704.3462 0705.0018
0704.3462 0705.0302
0704.3463 0704.0147
0704.3463 0704.0756
0704.3463 0704.1827
0704.3463 0704.2759
0704.3463 0704.0758
0704.3464 0704.0796
0704.3464 0704.3809
0704.3464 0704.0531
0704.3464 0704.3404
0704.3464 0704.1337
0704.3465 0705.0395
0704.3466 0705.0940
0704.3467 0704.2553
0704.3467 0704.0048
0704.3468 0704.2105
0704.3469 0705.0423
0704.3469 0705.0042
0704.3470 0704.0790
0704.3471 0705.0678
0704.3472 0704.1797
0704.3473 0704.3464
0704.3473 0704.3372
0704.3473 0704.3313
0704.3473 0704.0865
0704.3473 0704.0979
0704.3473 0704.2050
0704.3473 0704.2317
0704.3473 0705.0006
0704.3473 0704.2198
0704.3473 0704.0245
0704.3473 0704.0237
0704.3474 0704.2694
0704.3474 0704.1709
0704.3474 0704.3054
0704.3475 0705.0971
0704.3475 0704.3021
0704.3475 0704.1244
0704.3475 0705.0343
0704.3475 0704.2417
0704.3475 0705.0750
0704.3475 0704.3908
0704.3475 0704.3074
0704.3475 0704.1190
0704.3475 0705.0919
0704.3476 0704.0281
0704.3477 0704.0518
0704.3477 0704.1494
0704.3477 0704.3507
0704.3477 0704.0118
0704.3477 0704.1762
0704.3478 0704.0520
0704.3478 0704.1950
0704.3479 0704.2643
0704.3481 0704.0966
0704.3481 0704.2798
0704.3481 0704.1256
0704.3481 0704.3612
0704.3481 0705.0803
0704.3481 0704.2400
0704.3481 0704.3790
0704.3481 0704.3537
0704.3481 0705.0478
0704.3481 0704.2785
0704.3481 0704.1991
0704.3481 0704.1153
0704.3481 0704.2156
0704.3482 0705.0213
0704.3483 0704.2763
0704.3484 0704.3997
0704.3484 0704.1405
0704.3484 0705.0498
0704.3484 0704.1073
0704.3484 0704.1935
0704.3485 0704.2806
0704.3485 0704.0389
0704.3486 0704.2154
0704.3488 0704.0279
0704.3488 0705.0450
0704.3489 0704.0912
0704.3489 0704.0609
0704.3489 0704.0987
0704.3489 0704.3209
0704.3490 0704.1035
0704.3490 0704.2689
0704.3491 0704.3710
0704.3491 0704.2781
0704.3492 0704.1497
0704.3492 0705.0763
0704.3492 0704.3258
0704.3492 0704.0844
0704.3493 0705.0184
0704.3494 0704.2743
0704.3494 0704.3254
0704.3494 0704.3698
0704.3494 0704.2428
0704.3494 0704.2904
0704.3494 0704.2106
0704.3494 0704.0111
0704.3494 0705.0927
0704.3494 0705.0310
0704.3495 0704.3285
0704.3495 0704.0385
0704.3495 0705.0303
0704.3495 0704.0437
0704.3495 0704.3458
0704.3496 0704.1889
0704.3496 0704.0282
0704.3496 0705.0349
0704.3496 0704.3683
0704.3497 0704.0821
0704.3497 0704.1401
0704.3498 0704.1740
0704.3498 0704.2282
0704.3498 0704.3287
0704.3498 0704.0401
0704.3498 0704.2400
0704.3498 0704.2785
0704.3498 0705.0954
0704.3499 0704.2642
0704.3499 0704.1117
0704.3499 0704.1246
0704.3499 0704.0273
0704.3499 0704.1891
0704.3499 0704.1272
0704.3500 0705.0281
0704.3500 0704.0003
0704.3502 0704.2553
0704.3503 0704.0486
0704.3503 0704.0496
0704.3504 0704.3943
0704.3504 0704.1092
0704.3504 0704.1080
0704.3505 0705.0360
0704.3505 0704.2626
0704.3505 0704.3436
0704.3505 0704.3207
0704.3505 0704.0742
0704.3505 0704.1491
0704.3506 0704.3763
0704.3506 0704.2871
0704.3506 0704.3522
0704.3508 0704.2520
0704.3508 0704.3629
0704.3508 0704.1302
0704.3508 0704.3639
0704.3508 0704.1167
0704.3508 0704.1182
0704.3508 0704.1690
0704.3508 0704.1400
0704.3509 0704.2683
0704.3511 0704.2062
0704.3511 0704.0841
0704.3511 0705.0903
0704.3511 0704.2989
0704.3512 0705.0651
0704.3512 0704.2449
0704.3512 0704.1970
0704.3513 0704.3383
0704.3513 0705.0278
0704.3513 0704.2797
0704.3513 0704.3080
0704.3513 0704.0577
0704.3513 0704.2810
0704.3513 0704.1259
0704.3514 0705.0239
0704.3514 0704.3351
0704.3514 0704.3825
0704.3514 0704.0681
0704.3514 0704.0926
0704.3515 0704.1380
0704.3516 0704.3877
0704.3516 0704.3994
0704.3517 0704.1841
0704.3518 0705.0935
0704.3518 0705.0943
0704.3518 0704.2124
0704.3519 0704.1989
0704.3519 0705.0853
0704.3519 0705.0984
0704.3519 0704.0862
0704.3519 0705.0967
0704.3519 0704.2706
0704.3519 0704.0465
0704.3519 0704.3547
0704.3519 0704.1348
0704.3519 0704.3603
0704.3519 0704.3458
0704.3520 0704.2296
0704.3521 0704.2260
0704.3522 0705.0159
0704.3523 0704.2059
0704.3524 0704.0209
0704.3524 0704.0988
0704.3524 0704.1992
0704.3524 0704.0857
0704.3524 0704.3982
0704.3525 0704.2912
0704.3525 0705.0842
0704.3526 0704.2178
0704.3527 0704.3998
0704.3528 0705.0632
0704.3529 0705.0250
0704.3530 0704.3767
0704.3530 0704.0345
0704.3530 0704.2524
0704.3531 0704.3964
0704.3531 0704.3593
0704.3531 0704.0808
0704.3532 0704.1395
0704.3532 0704.3688
0704.3532 0704.1956
0704.3533 0705.0096
0704.3533 0704.3779
0704.3533 0705.0700
0704.3533 0705.0286
0704.3533 0704.3900
0704.3533 0704.3158
0704.3533 0704.3581
0704.3533 0704.0448
0704.3535 0704.2540
0704.3535 0704.0228
0704.3535 0704.2082
0704.3535 0704.2945
0704.3535 0704.1712
0704.3535 0704.3750
0704.3535 0704.2194
0704.3535 0704.3506
0704.3535 0704.3384
0704.3535 0705.0681
0704.3535 0704.1375
0704.3535 0704.0251
0704.3535 0704.0234
0704.3535 0704.0757
0704.3536 0704.2038
0704.3536 0705.0253
0704.3536 0705.0326
0704.3537 0704.2158
0704.3537 0704.1317
0704.3537 0705.0624
0704.3537 0704.2807
0704.3537 0704.1717
0704.3537 0704.0245
0704.3537 0704.1836
0704.3538 0704.3498
0704.3538 0704.3964
0704.3538 0704.2637
0704.3539 0704.2509
0704.3539 0704.2096
0704.3539 0704.0904
0704.3539 0704.2597
0704.3539 0704.3162
0704.3539 0704.3191
0704.3539 0704.1579
0704.3539 0704.3062
0704.3539 0704.0830
0704.3539 0705.0701
0704.3540 0704.0741
0704.3541 0704.2564
0704.3542 0704.1526
0704.3543 0704.1802
0704.3543 0704.2170
0704.3544 0704.2707
0704.3544 0704.2874
0704.3545 0704.3588
0704.3546 0704.0913
0704.3546 0705.0148
0704.3546 0704.2646
0704.3546 0704.1382
0704.3548 0704.3673
0704.3548 0705.0111
0704.3548 0704.2428
0704.3548 0704.1472
0704.3548 0705.0594
0704.3548 0704.2772
0704.3548 0705.0589
0704.3549 0704.3261
0704.3550 0704.0744
0704.3550 0704.0943
0704.3550 0704.0371
0704.3550 0704.0332
0704.3550 0705.0900
0704.3551 0705.0608
0704.3551 0704.1195
0704.3551 0704.3079
0704.3552 0705.0363
0704.3553 0704.0711
0704.3553 0704.2176
0704.3553 0704.1071
0704.3553 0704.0674
0704.3553 0704.3290
0704.3553 0705.0673
0704.3554 0704.2074
0704.3554 0705.0133
0704.3554 0704.0335
0704.3555 0704.0089
0704.3555 0704.1997
0704.3555 0705.0136
0704.3555 0704.1797
0704.3555 0704.1054
0704.3555 0705.0551
0704.3555 0704.2151
0704.3555 0704.1661
0704.3555 0704.2014
0704.3555 0704.1854
0704.3556 0704.1191
0704.3556 0704.1208
0704.3558 0704.3961
0704.3558 0704.0054
0704.3558 0705.0908
0704.3559 0704.3119
0704.3559 0705.0655
0704.3559 0704.1575
0704.3559 0704.3129
0704.3559 0704.2341
0704.3560 0704.3855
0704.3560 0704.1547
0704.3560 0704.3275
0704.3560 0705.0759
0704.3561 0704.2207
0704.3561 0705.0504
0704.3561 0704.2983
0704.3561 0704.2143
0704.3562 0704.1478
0704.3562 0704.3535
0704.3563 0704.2623
0704.3563 0704.2914
0704.3564 0704.0632
0704.3565 0704.0685
0704.3565 0704.2637
0704.3566 0704.2023
0704.3566 0705.0111
0704.3567 0704.0792
0704.3567 0704.1220
0704.3568 0705.0156
0704.3568 0705.0624
0704.3569 0705.0384
0704.3570 0704.1185
0704.3570 0705.0617
0704.3570 0705.0521
0704.3570 0705.0540
0704.3570 0704.2855
0704.3570 0704.3334
0704.3571 0704.1835
0704.3572 0705.0703
0704.3573 0704.3692
0704.3573 0704.3835
0704.3573 0705.0844
0704.3573 0704.0530
0704.3573 0705.0046
0704.3573 0704.3575
0704.3573 0705.0823
0704.3574 0704.0507
0704.3574 0705.0588
0704.3574 0704.3782
0704.3574 0704.3676
0704.3575 0704.2548
0704.3575 0704.0536
0704.3575 0705.0672
0704.3575 0704.2265
0704.3575 0705.0116
0704.3575 0705.0180
0704.3575 0704.1719
0704.3575 0704.0786
0704.3575 0704.0647
0704.3576 0704.0226
0704.3577 0705.0019
0704.3578 0704.1093
0704.3578 0704.3412
0704.3579 0704.1763
0704.3580 0704.2473
0704.3580 0704.3442
0704.3580 0704.2497
0704.3581 0705.0421
0704.3581 0704.3704
0704.3581 0705.0800
0704.3581 0705.0809
0704.3581 0704.1328
0704.3582 0704.3664
0704.3582 0704.0435
0704.3582 0704.0031
0704.3583 0704.3236
0704.3583 0704.1151
0704.3583 0704.0582
0704.3583 0704.0522
0704.3584 0704.1507
0704.3584 0704.1734
0704.3584 0704.1485
0704.3584 0705.0057
0704.3584 0704.0242
0704.3584 0704.2249
0704.3584 0704.1630
0704.3585 0704.2719
0704.3587 0704.1298
0704.3587 0704.2814
0704.3587 0704.3524
0704.3587 0704.3709
0704.3587 0704.3473
0704.3587 0704.0786
0704.3587 0705.0441
0704.3587 0704.1501
0704.3588 0705.0096
0704.3588 0704.0671
0704.3588 0704.0745
0704.3588 0704.2651
0704.3588 0705.0085
0704.3588 0704.3396
0704.3589 0704.3289
0704.3590 0704.1806
0704.3590 0704.0669
0704.3591 0705.0543
0704.3591 0705.0291
0704.3591 0704.1524
0704.3592 0705.0964
0704.3594 0704.0015
0704.3594 0704.1382
0704.3594 0704.2368
0704.3594 0704.0522
0704.3594 0705.0398
0704.3595 0704.2683
0704.3595 0704.0039
0704.3595 0704.0078
0704.3595 0704.2679
0704.3596 0705.0616
0704.3596 0704.3072
0704.3596 0705.0073
0704.3596 0704.0123
0704.3597 0704.1583
0704.3597 0704.1545
0704.3598 0704.3506
0704.3598 0704.1490
0704.3599 0704.2080
0704.3599 0704.0795
0704.3600 0704.0971
0704.3600 0704.2773
0704.3600 0705.0611
0704.3600 0704.1457
0704.3600 0704.3593
0704.3600 0704.2368
0704.3600 0704.3543
0704.3600 0705.0161
0704.3600 0704.1222
0704.3600 0704.0630
0704.3601 0705.0405
0704.3601 0704.0988
0704.3601 0705.0153
0704.3601 0704.0312
0704.3601 0704.0428
0704.3602 0704.1532
0704.3602 0704.3166
0704.3602 0704.0973
0704.3602 0705.0082
0704.3602 0704.1274
0704.3602 0705.0950
0704.3602 0704.2642
0704.3602 0704.2850
0704.3602 0704.1586
0704.3602 0704.1071
0704.3602 0704.1636
0704.3602 0705.0940
0704.3603 0704.3727
0704.3603 0704.3158
0704.3604 0704.3534
0704.3604 0704.3672
0704.3605 0704.3677
0704.3605 0704.3121
0704.3605 0704.0537
0704.3606 0704.1543
0704.3606 0704.3000
0704.3606 0705.0021
0704.3606 0704.1662
0704.3606 0705.0327
0704.3607 0704.0471
0704.3607 0704.2827
0704.3607 0705.0844
0704.3607 0704.3940
0704.3607 0704.0318
0704.3609 0705.0319
0704.3609 0704.2942
0704.3610 0704.3232
0704.3610 0704.1970
0704.3610 0704.2110
0704.3611 0704.2577
0704.3611 0704.2627
0704.3611 0704.1773
0704.3612 0705.0284
0704.3612 0704.1104
0704.3612 0704.3494
0704.3612 0704.2401
0704.3613 0704.0675
0704.3613 0705.0443
0704.3614 0704.0452
0704.3614 0704.2767
0704.3614 0704.2946
0704.3614 0705.0605
0704.3614 0705.0324
0704.3614 0704.0342
0704.3614 0704.3534
0704.3614 0704.1045
0704.3614 0705.0685
0704.3614 0705.0533
0704.3614 0704.2354
0704.3615 0705.0813
0704.3615 0704.1256
0704.3615 0704.2370
0704.3616 0704.1613
0704.3616 0705.0045
0704.3616 0704.0393
0704.3617 0704.0510
0704.3617 0704.2885
0704.3617 0704.1679
0704.3617 0704.2741
0704.3617 0705.0408
0704.3617 0704.3493
0704.3619 0704.3555
0704.3619 0704.3356
0704.3620 0704.1042
0704.3620 0704.2370
0704.3620 0704.3041
0704.3620 0704.0367
0704.3620 0704.3845
0704.3620 0704.1180
0704.3621 0704.0809
0704.3622 0704.1522
0704.3623 0704.0598
0704.3623 0704.2738
0704.3624 0704.2855
0704.3624 0705.0679
0704.3624 0704.2310
0704.3624 0704.0128
0704.3626 0704.0032
0704.3626 0704.1453
0704.3626 0704.1972
0704.3626 0704.2928
0704.3626 0704.1392
0704.3626 0704.2712
0704.3626 0704.3540
0704.3627 0704.3296
0704.3627 0704.3254
0704.3627 0704.2863
0704.3627 0704.0367
0704.3627 0704.2007
0704.3628 0704.2017
0704.3628 0705.0995
0704.3629 0704.2234
0704.3629 0704.3910
0704.3629 0704.1679
0704.3629 0704.2836
0704.3629 0704.2320
0704.3630 0704.0135
0704.3630 0704.3391
0704.3630 0704.3362
0704.3631 0704.0086
0704.3631 0704.2410
0704.3631 0704.3127
0704.3631 0704.2005
0704.3631 0705.0918
0704.3632 0704.3240
0704.3634 0704.3414
0704.3634 0704.0578
0704.3634 0704.1828
0704.3634 0704.0595
0704.3635 0704.0945
0704.3636 0705.0001
0704.3638 0705.0133
0704.3638 0704.0955
0704.3638 0704.1417
0704.3638 0704.3728
0704.3638 0704.2336
0704.3638 0704.3265
0704.3639 0704.2333
0704.3640 0704.2143
0704.3641 0704.0636
0704.3641 0705.0546
0704.3641 0704.2702
0704.3641 0704.1168
0704.3641 0704.0710
0704.3642 0704.1645
0704.3643 0704.3647
0704.3643 0705.0025
0704.3643 0704.1353
0704.3643 0704.3181
0704.3643 0705.0599
0704.3643 0704.1875
0704.3643 0704.0312
0704.3643 0704.3662
0704.3644 0704.1043
0704.3644 0704.3287
0704.3644 0704.0337
0704.3644 0704.1553
0704.3644 0705.0286
0704.3644 0705.0760
0704.3644 0705.0132
0704.3644 0704.0805
0704.3644 0704.2452
0704.3644 0704.3969
0704.3644 0704.1728
0704.3644 0704.0802
0704.3644 0704.3094
0704.3644 0705.0564
0704.3644 0704.0831
0704.3644 0705.0900
0704.3645 0704.0359
0704.3646 0704.1252
0704.3647 0704.2870
0704.3647 0705.0612
0704.3647 0704.1676
0704.3648 0704.0463
0704.3648 0705.0632
0704.3649 0705.0274
0704.3649 0705.0141
0704.3649 0704.1976
0704.3651 0704.1593
0704.3652 0704.3610
0704.3652 0704.2628
0704.3652 0704.0208
0704.3652 0705.0282
0704.3654 0704.2608
0704.3654 0704.2918
0704.3654 0704.1502
0704.3654 0704.0465
0704.3654 0704.0913
0704.3654 0704.1324
0704.3655 0705.0243
0704.3655 0704.2423
0704.3656 0704.1392
0704.3656 0705.0847
0704.3657 0704.2636
0704.3658 0704.0049
0704.3658 0705.0183
0704.3658 0704.3126
0704.3658 0704.1554
0704.3658 0704.1230
0704.3658 0704.0910
0704.3661 0704.0981
0704.3661 0705.0681
0704.3662 0705.0619
0704.3662 0704.2201
0704.3662 0704.1353
0704.3662 0705.0471
0704.3662 0704.3708
0704.3664 0704.3164
0704.3664 0704.2956
0704.3664 0704.3495
0704.3665 0704.3169
0704.3666 0704.3325
0704.3666 0705.0822
0704.3666 0704.2049
0704.3666 0704.2257
0704.3666 0704.2829
0704.3667 0704.1256
0704.3667 0704.3928
0704.3667 0705.0401
0704.3667 0704.0097
0704.3668 0705.0267
0704.3668 0704.2724
0704.3668 0704.3195
0704.3668 0704.3019
0704.3668 0705.0565
0704.3668 0704.2021
0704.3668 0704.1677
0704.3668 0704.0172
0704.3668 0704.3498
0704.3668 0704.1314
0704.3669 0704.1180
0704.3669 0704.3007
0704.3671 0704.1708
0704.3671 0704.1618
0704.3671 0704.1623
0704.3671 0704.2895
0704.3671 0704.3329
0704.3671 0704.0313
0704.3671 0704.3209
0704.3672 0704.3423
0704.3673 0704.0561
0704.3673 0704.3801
0704.3673 0704.0483
0704.3673 0704.3185
0704.3674 0704.1091
0704.3674 0704.3349
0704.3674 0704.2183
0704.3675 0704.1565
0704.3675 0704.2226
0704.3675 0704.1778
0704.3675 0704.1832
0704.3676 0704.2978
0704.3677 0704.3346
0704.3677 0704.3096
0704.3677 0705.0752
0704.3678 0704.1927
0704.3678 0704.3221
0704.3678 0704.2781
0704.3679 0704.0891
0704.3680 0704.2439
0704.3680 0704.1441
0704.3680 0704.3379
0704.3682 0704.3492
0704.3682 0704.1454
0704.3682 0704.3540
0704.3682 0704.1479
0704.3682 0705.0922
0704.3683 0704.0049
0704.3683 0704.1693
0704.3684 0705.0713
0704.3684 0705.0556
0704.3684 0705.0173
0704.3684 0704.1622
0704.3684 0704.2122
0704.3684 0704.0323
0704.3685 0704.2593
0704.3686 0704.1070
0704.3687 0704.1891
0704.3687 0704.2592
0704.3688 0704.0796
0704.3688 0704.2960
0704.3688 0704.0536
0704.3688 0704.3407
0704.3688 0704.0290
0704.3688 0705.0112
0704.3688 0705.0284
0704.3691 0704.0407
0704.3691 0704.0627
0704.3691 0704.2628
0704.3691 0704.2451
0704.3691 0704.1236
0704.3691 0704.2927
0704.3691 0704.1666
0704.3692 0705.0782
0704.3692 0704.3661
0704.3692 0704.0804
0704.3692 0704.3717
0704.3692 0705.0046
0704.3692 0704.3590
0704.3693 0704.1701
0704.3693 0704.1436
0704.3694 0704.0832
0704.3695 0704.1310
0704.3696 0704.1246
0704.3697 0704.1298
0704.3697 0704.3739
0704.3697 0704.1138
0704.3698 0705.0814
0704.3698 0704.3422
0704.3698 0704.2304
0704.3698 0704.2044
0704.3699 0704.3646
0704.3699 0704.1172
0704.3702 0704.0164
0704.3702 0704.2567
0704.3702 0704.1397
0704.3702 0704.1953
0704.3702 0704.2619
0704.3703 0704.2969
0704.3704 0704.0163
0704.3704 0704.1648
0704.3704 0705.0165
0704.3705 0704.2648
0704.3705 0704.1453
0704.3705 0704.0565
0704.3705 0704.0609
0704.3705 0705.0681
0704.3705 0704.3034
0704.3705 0704.2692
0704.3706 0704.0773
0704.3706 0704.1616
0704.3706 0704.0911
0704.3706 0704.3170
0704.3706 0704.2115
0704.3707 0704.2628
0704.3708 0704.0681
0704.3709 0705.0051
0704.3711 0705.0055
0704.3711 0705.0208
0704.3711 0704.1575
0704.3711 0704.2378
0704.3711 0704.3127
0704.3711 0704.2297
0704.3711 0704.0079
0704.3712 0704.3178
0704.3712 0704.0120
0704.3712 0704.2611
0704.3713 0704.2412
0704.3713 0704.0465
0704.3713 0704.2514
0704.3714 0705.0498
0704.3714 0704.2765
0704.3716 0704.3754
0704.3717 0704.0258
0704.3717 0704.1072
0704.3717 0704.0972
0704.3717 0704.3319
0704.3718 0704.0190
0704.3718 0705.0699
0704.3720 0704.2362
0704.3720 0704.2216
0704.3720 0704.3076
0704.3720 0704.3123
0704.3720 0705.0976
0704.3720 0704.0028
0704.3721 0704.3925
0704.3721 0704.3336
0704.3721 0704.2803
0704.3721 0705.0887
0704.3722 0704.3152
0704.3722 0705.0526
0704.3722 0704.1581
0704.3722 0704.2350
0704.3723 0704.2035
0704.3723 0704.0683
0704.3724 0704.0930
0704.3724 0704.3263
0704.3724 0704.1667
0704.3724 0704.0189
0704.3724 0705.0078
0704.3724 0704.3748
0704.3724 0705.0171
0704.3725 0704.0877
0704.3725 0705.0589
0704.3726 0704.1005
0704.3726 0704.0870
0704.3726 0704.3691
0704.3726 0704.2124
0704.3726 0704.0790
0704.3726 0704.1753
0704.3726 0704.1788
0704.3726 0704.2720
0704.3726 0704.3788
0704.3726 0704.0983
0704.3726 0704.0921
0704.3726 0704.0463
0704.3726 0705.0408
0704.3726 0704.1085
0704.3726 0705.0072
0704.3726 0704.0143
0704.3726 0704.2944
0704.3726 0704.1143
0704.3726 0704.3290
0704.3726 0704.0092
0704.3727 0704.0752
0704.3727 0704.1936
0704.3727 0704.0751
0704.3727 0704.0875
0704.3729 0704.0652
0704.3729 0704.3173
0704.3729 0704.0319
0704.3729 0704.1443
0704.3729 0704.1242
0704.3729 0705.0786
0704.3730 0704.1967
0704.3730 0704.1617
0704.3730 0704.1811
0704.3730 0705.0058
0704.3731 0704.2924
0704.3731 0704.0895
0704.3731 0704.2361
0704.3732 0705.0847
0704.3733 0704.1517
0704.3733 0704.1231
0704.3733 0704.0446
0704.3734 0704.0244
0704.3734 0704.1622
0704.3734 0704.0660
0704.3735 0705.0439
0704.3736 0704.0621
0704.3736 0704.1684
0704.3736 0704.1189
0704.3737 0705.0855
0704.3737 0704.1331
0704.3737 0704.2534
0704.3737 0704.3371
0704.3737 0705.0193
0704.3737 0704.3236
0704.3737 0704.3217
0704.3738 0704.3378
0704.3739 0704.3943
0704.3739 0704.2008
0704.3739 0704.2057
0704.3739 0704.2827
0704.3739 0704.2603
0704.3740 0705.0345
0704.3742 0704.2062
0704.3743 0705.0628
0704.3743 0704.1507
0704.3743 0704.3529
0704.3743 0704.0666
0704.3743 0704.0657
0704.3743 0704.3131
0704.3743 0704.0655
0704.3743 0704.0677
0704.3743 0704.0495
0704.3744 0705.0964
0704.3744 0704.0755
0704.3744 0705.0901
0704.3744 0705.0821
0704.3744 0704.3716
0704.3744 0704.2749
0704.3744 0704.2965
0704.3744 0704.0875
0704.3745 0704.0532
0704.3745 0704.2151
0704.3745 0704.2171
0704.3746 0704.3693
0704.3746 0705.0326
0704.3747 0705.0094
0704.3747 0704.3023
0704.3747 0704.2433
0704.3747 0704.2461
0704.3748 0705.0472
0704.3748 0704.3261
0704.3749 0704.1559
0704.3750 0704.1398
0704.3752 0704.2771
0704.3752 0704.2411
0704.3752 0705.0821
0704.3752 0704.2250
0704.3752 0704.3809
0704.3752 0704.3803
0704.3752 0704.3708
0704.3753 0704.3159
0704.3754 0704.1144
0704.3754 0704.0170
0704.3755 0704.3738
0704.3755 0705.0690
0704.3755 0704.0707
0704.3755 0704.1971
0704.3755 0704.2138
0704.3755 0704.2151
0704.3755 0704.3563
0704.3755 0704.1417
0704.3755 0704.0115
0704.3756 0705.0638
0704.3756 0704.0796
0704.3756 0704.1492
0704.3756 0704.0286
0704.3756 0704.2768
0704.3756 0704.2574
0704.3756 0704.2877
0704.3756 0704.1230
0704.3756 0704.2223
0704.3757 0704.1297
0704.3757 0704.2039
0704.3757 0705.0624
0704.3758 0704.1867
0704.3758 0705.0867
0704.3758 0704.2885
0704.3758 0704.1475
0704.3758 0704.1558
0704.3759 0704.1952
0704.3759 0704.1310
0704.3759 0704.1338
0704.3759 0704.3567
0704.3760 0704.0490
0704.3761 0704.2651
0704.3761 0704.1701
0704.3761 0704.1257
0704.3762 0704.1159
0704.3762 0704.3435
0704.3762 0704.3318
0704.3763 0704.3415
0704.3763 0704.0107
0704.3763 0704.2525
0704.3763 0704.1712
0704.3763 0705.0026
0704.3763 0705.0007
0704.3764 0704.2774
0704.3765 0704.3515
0704.3766 0705.0906
0704.3767 0704.2111
0704.3767 0704.2403
0704.3767 0704.1050
0704.3767 0704.1986
0704.3767 0705.0188
0704.3767 0704.3031
0704.3768 0704.0518
0704.3768 0705.0438
0704.3770 0704.1791
0704.3770 0704.1247
0704.3770 0705.0101
0704.3770 0705.0553
0704.3770 0704.2797
0704.3770 0704.1392
0704.3770 0704.3879
0704.3770 0704.2304
0704.3770 0704.1451
0704.3770 0704.2956
0704.3770 0705.0735
0704.3770 0704.1839
0704.3771 0704.1042
0704.3771 0704.3957
0704.3772 0705.0687
0704.3773 0704.2919
0704.3773 0705.0593
0704.3773 0705.0993
0704.3774 0704.2041
0704.3775 0704.3850
0704.3776 0705.0185
0704.3776 0704.1440
0704.3777 0705.0023
0704.3777 0705.0338
0704.3777 0705.0191
0704.3777 0704.1764
0704.3777 0704.2749
0704.3777 0704.3091
0704.3777 0704.0667
0704.3778 0704.0549
0704.3778 0704.1992
0704.3779 0704.1583
0704.3780 0704.0985
0704.3780 0704.3886
0704.3780 0704.1196
0704.3780 0704.2025
0704.3780 0704.1198
0704.3780 0704.0047
0704.3781 0704.0026
0704.3782 0705.0444
0704.3782 0704.3955
0704.3783 0704.2235
0704.3784 0704.2506
0704.3784 0704.2575
0704.3784 0705.0955
0704.3784 0705.0927
0704.3785 0704.1542
0704.3785 0704.2395
0704.3786 0705.0023
0704.3786 0704.1598
0704.3786 0704.0636
0704.3786 0704.1897
0704.3786 0705.0099
0704.3786 0704.0497
0704.3786 0705.0291
0704.3787 0704.2314
0704.3788 0704.3081
0704.3789 0704.2141
0704.3789 0704.1601
0704.3789 0704.0021
0704.3789 0704.1676
0704.3790 0704.3455
0704.3790 0704.0647
0704.3790 0704.0154
0704.3790 0704.0141
0704.3791 0704.1210
0704.3792 0704.3130
0704.3793 0704.0883
0704.3793 0704.3778
0704.3793 0704.2451
0704.3794 0704.2261
0704.3794 0705.0893
0704.3795 0704.3714
0704.3795 0704.3751
0704.3796 0705.0803
0704.3797 0704.0114
0704.3797 0704.1017
0704.3799 0704.3022
0704.3799 0704.3436
0704.3800 0705.0379
0704.3800 0704.3073
0704.3801 0705.0638
0704.3801 0704.0355
0704.3801 0704.3008
0704.3801 0704.1617
0704.3801 0704.2657
0704.3801 0704.2971
0704.3801 0704.3587
0704.3801 0705.0030
0704.3801 0704.2320
0704.3802 0704.0239
0704.3802 0705.0191
0704.3804 0704.1141
0704.3804 0705.0068
0704.3807 0705.0281
0704.3808 0705.0041
0704.3808 0704.1811
0704.3808 0704.0304
0704.3808 0704.0331
0704.3808 0705.0201
0704.3808 0704.2260
0704.3808 0704.0574
0704.3808 0705.0473
0704.3808 0704.0158
0704.3808 0704.3290
0704.3808 0704.2554
0704.3808 0704.0357
0704.3808 0704.2896
0704.3810 0705.0408
0704.3810 0704.3244
0704.3811 0705.0341
0704.3811 0704.3677
0704.3811 0704.1077
0704.3811 0704.1230
0704.3811 0704.1700
0704.3812 0704.2137
0704.3813 0704.0463
0704.3814 0705.0567
0704.3816 0704.3925
0704.3816 0704.1279
0704.3816 0704.0348
0704.3816 0704.3193
0704.3818 0704.1181
0704.3818 0704.1128
0704.3819 0704.2646
0704.3820 0704.3243
0704.3820 0704.3921
0704.3822 0704.0783
0704.3822 0704.3221
0704.3822 0705.0503
0704.3822 0704.3403
0704.3822 0705.0508
0704.3822 0704.2278
0704.3824 0704.1712
0704.3824 0704.0289
0704.3825 0704.2865
0704.3825 0704.0662
0704.3825 0704.1313
0704.3825 0704.0091
0704.3826 0704.3016
0704.3827 0705.0892
0704.3827 0704.1345
0704.3828 0704.0703
0704.3828 0704.3070
0704.3828 0705.0725
0704.3828 0704.1897
0704.3828 0704.2180
0704.3828 0705.0558
0704.3828 0704.0033
0704.3829 0704.2743
0704.3829 0705.0654
0704.3829 0704.2101
0704.3829 0704.2523
0704.3829 0705.0696
0704.3829 0704.1605
0704.3829 0705.0277
0704.3829 0704.0212
0704.3830 0704.3218
0704.3830 0704.2432
0704.3831 0704.2338
0704.3832 0705.0942
0704.3832 0705.0154
0704.3833 0704.1585
0704.3833 0704.1515
0704.3833 0704.0924
0704.3833 0705.0174
0704.3833 0704.3306
0704.3835 0704.1640
0704.3835 0705.0823
0704.3835 0704.1685
0704.3835 0704.3640
0704.3836 0704.2709
0704.3836 0704.2960
0704.3836 0704.1932
0704.3836 0704.2747
0704.3836 0704.3803
0704.3838 0704.3464
0704.3838 0704.3180
0704.3838 0704.1271
0704.3838 0704.1696
0704.3838 0704.1510
0704.3838 0704.0063
0704.3838 0704.1777
0704.3838 0704.1487
0704.3838 0704.1270
0704.3838 0705.0099
0704.3838 0704.2742
0704.3838 0705.0934
0704.3838 0704.0141
0704.3839 0704.3184
0704.3840 0704.3751
0704.3841 0705.0483
0704.3841 0705.0605
0704.3841 0704.2240
0704.3841 0704.0810
0704.3841 0704.0880
0704.3841 0704.0256
0704.3841 0704.1521
0704.3841 0704.2603
0704.3841 0704.0003
0704.3842 0704.2248
0704.3842 0704.0192
0704.3843 0704.1888
0704.3843 0704.1307
0704.3843 0704.2450
0704.3843 0705.0655
0704.3843 0704.2813
0704.3845 0704.3460
0704.3845 0704.2295
0704.3845 0704.1471
0704.3845 0704.2973
0704.3845 0704.0624
0704.3846 0704.2438
0704.3846 0704.0326
0704.3847 0704.0984
0704.3848 0704.2153
0704.3849 0704.2150
0704.3849 0704.0249
0704.3849 0704.1166
0704.3850 0704.3905
0704.3850 0705.0866
0704.3851 0704.0923
0704.3853 0705.0566
0704.3853 0704.0305
0704.3854 0704.0520
0704.3854 0704.3193
0704.3854 0704.3933
0704.3854 0705.0869
0704.3854 0704.0037
0704.3855 0704.1212
0704.3855 0704.3259
0704.3855 0704.0534
0704.3855 0704.0703
0704.3856 0704.0310
0704.3856 0704.0305
0704.3857 0704.1291
0704.3857 0704.1435
0704.3857 0704.1867
0704.3858 0704.0362
0704.3858 0704.0191
0704.3859 0704.2307
0704.3859 0704.3829
0704.3860 0704.0200
0704.3860 0704.1891
0704.3860 0704.1549
0704.3860 0704.2192
0704.3861 0704.3572
0704.3861 0705.0336
0704.3861 0705.0619
0704.3861 0704.0785
0704.3861 0704.0008
0704.3861 0704.2168
0704.3861 0705.0575
0704.3861 0704.0363
0704.3861 0704.3526
0704.3861 0704.1053
0704.3862 0704.1711
0704.3862 0704.0388
0704.3862 0705.0418
0704.3863 0704.0725
0704.3864 0704.1378
0704.3864 0704.1019
0704.3864 0705.0462
0704.3865 0705.0868
0704.3865 0704.3762
0704.3865 0705.0513
0704.3865 0704.3042
0704.3866 0705.0756
0704.3866 0705.0296
0704.3866 0704.3295
0704.3866 0704.1164
0704.3866 0704.2123
0704.3866 0704.1343
0704.3867 0704.2847
0704.3868 0704.1210
0704.3869 0704.3863
0704.3869 0704.2695
0704.3869 0704.3343
0704.3869 0704.3539
0704.3869 0704.2953
0704.3869 0705.0365
0704.3869 0704.3025
0704.3871 0704.1128
0704.3872 0704.1346
0704.3872 0704.3099
0704.3872 0704.1972
0704.3872 0705.0468
0704.3872 0705.0175
0704.3872 0705.0420
0704.3872 0704.0351
0704.3872 0704.2950
0704.3873 0705.0839
0704.3873 0704.1189
0704.3874 0705.0336
0704.3874 0704.1307
0704.3874 0705.0701
0704.3874 0705.0957
0704.3874 0704.3025
0704.3874 0704.3616
0704.3875 0704.0991
0704.3875 0704.2886
0704.3875 0704.0670
0704.3876 0704.3411
0704.3876 0705.0457
0704.3876 0704.0989
0704.3878 0704.2509
0704.3878 0704.0098
0704.3878 0704.1859
0704.3878 0704.3504
0704.3878 0704.3399
0704.3878 0704.2747
0704.3878 0704.2544
0704.3878 0705.0011
0704.3879 0705.0492
0704.3879 0705.0696
0704.3879 0704.3059
0704.3879 0705.0917
0704.3879 0705.0327
0704.3880 0704.2375
0704.3880 0704.0046
0704.3880 0704.2680
0704.3880 0704.3408
0704.3880 0704.3722
0704.3880 0705.0286
0704.3880 0704.3347
0704.3880 0704.3035
0704.3880 0704.0873
0704.3880 0704.1851
0704.3880 0705.0423
0704.3881 0704.3969
0704.3881 0704.1543
0704.3882 0705.0131
0704.3883 0705.0642
0704.3883 0704.1183
0704.3884 0704.2512
0704.3885 0704.3327
0704.3886 0704.3157
0704.3886 0705.0439
0704.3887 0704.1525
0704.3887 0704.3933
0704.3887 0704.0375
0704.3887 0704.0334
0704.3887 0704.1700
0704.3887 0704.0274
0704.3887 0704.0995
0704.3888 0704.0299
0704.3888 0704.0551
0704.3888 0704.3485
0704.3889 0704.1857
0704.3889 0704.0087
0704.3889 0704.0761
0704.3889 0705.0898
0704.3889 0704.3774
0704.3889 0704.3305
0704.3889 0704.2252
0704.3890 0704.1827
0704.3890 0704.3515
0704.3890 0704.2344
0704.3890 0705.0833
0704.3890 0704.2351
0704.3890 0704.2355
0704.3891 0704.3544
0704.3891 0705.0861
0704.3891 0704.0344
0704.3891 0704.3413
0704.3892 0704.0285
0704.3892 0705.0095
0704.3893 0705.0855
0704.3893 0704.0123
0704.3893 0705.0417
0704.3893 0704.1904
0704.3893 0704.3350
0704.3893 0704.3146
0704.3894 0704.3463
0704.3895 0705.0850
0704.3895 0704.2876
0704.3896 0705.0074
0704.3896 0705.0015
0704.3897 0704.2497
0704.3897 0704.0289
0704.3897 0704.3997
0704.3898 0704.2067
0704.3898 0704.0367
0704.3898 0704.2468
0704.3899 0704.0680
0704.3900 0704.0771
0704.3901 0704.2764
0704.3902 0704.2586
0704.3902 0704.2647
0704.3902 0704.0315
0704.3903 0705.0451
0704.3903 0704.2030
0704.3903 0704.3365
0704.3903 0705.0715
0704.3903 0704.1775
0704.3903 0705.0031
0704.3905 0705.0148
0704.3905 0705.0197
0704.3905 0705.0760
0704.3905 0704.3515
0704.3905 0704.0568
0704.3905 0705.0593
0704.3905 0704.3643
0704.3905 0704.0047
0704.3906 0704.2352
0704.3906 0705.0800
0704.3906 0704.1040
0704.3906 0704.3788
0704.3906 0704.2077
0704.3906 0704.0639
0704.3907 0704.1425
0704.3907 0705.0007
0704.3907 0705.0184
0704.3908 0704.2667
0704.3908 0704.1334
0704.3910 0704.3496
0704.3911 0704.1633
0704.3911 0704.1914
0704.3911 0704.3953
0704.3911 0704.1057
0704.3912 0704.0047
0704.3913 0705.0147
0704.3913 0705.0521
0704.3913 0704.1447
0704.3913 0704.3087
0704.3915 0705.0964
0704.3915 0704.0988
0704.3915 0704.3088
0704.3915 0705.0146
0704.3915 0704.2108
0704.3915 0704.0194
0704.3915 0704.1083
0704.3915 0704.1518
0704.3915 0705.0616
0704.3915 0704.1129
0704.3915 0705.0623
0704.3915 0704.1300
0704.3916 0704.3004
0704.3917 0704.3523
0704.3919 0704.3333
0704.3919 0705.0452
0704.3920 0704.3464
0704.3920 0705.0568
0704.3920 0704.2037
0704.3920 0704.0240
0704.3920 0704.1880
0704.3920 0704.1604
0704.3923 0704.0114
0704.3923 0704.3745
0704.3923 0704.3290
0704.3923 0705.0156
0704.3923 0704.1979
0704.3924 0704.1330
0704.3924 0704.0198
0704.3924 0704.0857
0704.3924 0704.0697
0704.3926 0704.1610
0704.3927 0704.0200
0704.3927 0704.0227
0704.3927 0704.0550
0704.3927 0704.3919
0704.3927 0704.1984
0704.3927 0704.3045
0704.3927 0704.1522
0704.3928 0704.1052
0704.3928 0704.0326
0704.3928 0704.1870
0704.3929 0704.3439
0704.3929 0704.0492
0704.3929 0704.1071
0704.3929 0704.2257
0704.3929 0704.1108
0704.3929 0704.0092
0704.3929 0704.3050
0704.3930 0704.1591
0704.3930 0704.3258
0704.3930 0705.0005
0704.3930 0704.0642
0704.3930 0704.0063
0704.3930 0704.0074
0704.3930 0705.0801
0704.3930 0705.0350
0704.3931 0704.2619
0704.3931 0704.1783
0704.3932 0705.0483
0704.3932 0704.3924
0704.3932 0704.3921
0704.3932 0705.0445
0704.3932 0704.1927
0704.3932 0704.1756
0704.3932 0704.1681
0704.3934 0705.0436
0704.3934 0704.3838
0704.3934 0704.3782
0704.3934 0704.0581
0704.3935 0704.2572
0704.3935 0705.0524
0704.3935 0704.1192
0704.3935 0705.0176
0704.3936 0704.2736
0704.3936 0704.3915
0704.3937 0704.0595
0704.3938 0704.3926
0704.3938 0704.2965
0704.3938 0704.3389
0704.3938 0704.0766
0704.3939 0704.2151
0704.3940 0705.0090
0704.3940 0704.0352
0704.3941 0704.1729
0704.3941 0704.0290
0704.3941 0704.3583
0704.3941 0704.3204
0704.3941 0705.0970
0704.3941 0704.3689
0704.3941 0704.3385
0704.3942 0704.1841
0704.3943 0705.0174
0704.3943 0704.1215
0704.3943 0705.0479
0704.3944 0704.1458
0704.3944 0705.0978
0704.3944 0705.0073
0704.3944 0704.2359
0704.3944 0704.2192
0704.3945 0704.1305
0704.3945 0704.3056
0704.3945 0704.0177
0704.3945 0704.1501
0704.3945 0705.0604
0704.3945 0704.0545
0704.3947 0704.1357
0704.3947 0704.3476
0704.3947 0704.0328
0704.3948 0704.3807
0704.3948 0705.0490
0704.3948 0704.3227
0704.3949 0704.2798
0704.3950 0705.0958
0704.3950 0704.3014
0704.3951 0704.1331
0704.3951 0704.3999
0704.3951 0704.2351
0704.3951 0705.0190
0704.3951 0705.0715
0704.3952 0705.0584
0704.3952 0705.0829
0704.3953 0704.3846
0704.3953 0704.3445
0704.3953 0704.3452
0704.3953 0704.1125
0704.3953 0705.0704
0704.3954 0704.3178
0704.3954 0705.0399
0704.3954 0704.0498
0704.3954 0704.2052
0704.3954 0705.0237
0704.3954 0705.0366
0704.3955 0704.0695
0704.3955 0704.2200
0704.3955 0704.2190
0704.3955 0704.2225
0704.3956 0704.1867
0704.3956 0705.0894
0704.3957 0704.2656
0704.3958 0704.2512
0704.3958 0704.2858
0704.3958 0704.2138
0704.3958 0704.0938
0704.3959 0704.2597
0704.3959 0705.0240
0704.3960 0704.2406
0704.3960 0704.2543
0704.3960 0705.0897
0704.3961 0704.1559
0704.3961 0704.1468
0704.3961 0704.1080
0704.3961 0704.2419
0704.3962 0704.2962
0704.3963 0705.0528
0704.3964 0705.0261
0704.3964 0704.3045
0704.3964 0704.3562
0704.3965 0704.2388
0704.3966 0704.1686
0704.3967 0704.3632
0704.3967 0704.2764
0704.3968 0705.0070
0704.3969 0704.3209
0704.3970 0704.2218
0704.3971 0705.0213
0704.3971 0705.0402
0704.3972 0705.0110
0704.3972 0704.1628
0704.3972 0704.0591
0704.3973 0704.3085
0704.3974 0704.3221
0704.3976 0704.2088
0704.3977 0705.0781
0704.3977 0704.3209
0704.3977 0704.3799
0704.3978 0705.0186
0704.3979 0705.0879
0704.3979 0704.2415
0704.3979 0705.0013
0704.3979 0704.1766
0704.3979 0704.3944
0704.3979 0704.0552
0704.3980 0704.0817
0704.3980 0704.0649
0704.3980 0704.0447
0704.3980 0704.3840
0704.3980 0704.1010
0704.3980 0704.2965
0704.3980 0704.2891
0704.3980 0704.3450
0704.3980 0704.0581
0704.3983 0704.2199
0704.3983 0704.2484
0704.3984 0704.1461
0704.3984 0704.1680
0704.3984 0704.3111
0704.3986 0704.2472
0704.3986 0704.0081
0704.3987 0704.2271
0704.3988 0704.1972
0704.3989 0705.0546
0704.3989 0705.0945
0704.3990 0705.0796
0704.3990 0704.0189
0704.3990 0704.1798
0704.3990 0704.1938
0704.3990 0704.1243
0704.3990 0704.2396
0704.3990 0704.2023
0704.3991 0704.2909
0704.3991 0704.1802
0704.3992 0704.2870
0704.3992 0704.1665
0704.3993 0704.0143
0704.3994 0704.2587
0704.3994 0704.2264
0704.3994 0704.2210
0704.3995 0704.0026
0704.3995 0705.0874
0704.3995 0704.2294
0704.3995 0704.1424
0704.3995 0704.1810
0704.3995 0704.3093
0704.3995 0705.0778
0704.3995 0704.1670
0704.3995 0704.2634
0704.3995 0704.2609
0704.3995 0704.0714
0704.3995 0704.1432
0704.3995 0704.0881
0704.3995 0705.0088
0704.3995 0704.1272
0704.3996 0704.2528
0704.3997 0705.0911
0704.3998 0704.1886
0704.3998 0704.3561
0704.3998 0704.0823
0704.3998 0704.1904
0704.3999 0704.2675
0704.3999 0704.2423
0704.3999 0705.0226
0704.3999 0704.3153
0704.3999 0704.2673
0704.3999 0704.3118
0704.3999 0704.1232
0704.4001 0705.0871
0704.4001 0705.0408
0704.4001 0705.0295
0704.4001 0704.2641
0704.4001 0704.2464
0704.4001 0704.2808
0704.4001 0704.0170
0704.4001 0704.3679
0704.4001 0704.2731
0704.4001 0705.0863
0704.4001 0704.1141
0704.4002 0704.2754
0704.4002 0704.1684
0704.4002 0705.0969
0704.4002 0704.3243
0704.4003 0704.0634
0705.0001 0704.1698
0705.0001 0704.3441
0705.0001 0704.1558
0705.0001 0704.3670
0705.0001 0704.1787
0705.0002 0704.3678
0705.0002 0704.2463
0705.0002 0704.2038
0705.0003 0704.2134
0705.0003 0704.3110
0705.0004 0704.0270
0705.0004 0704.2001
0705.0004 0705.0400
0705.0004 0705.0615
0705.0005 0704.0790
0705.0005 0704.3706
0705.0006 0704.0103
0705.0006 0705.0684
0705.0006 0704.1930
0705.0007 0705.0284
0705.0007 0704.0168
0705.0008 0704.2520
0705.0008 0705.0022
0705.0008 0704.0733
0705.0008 0704.3476
0705.0009 0704.2853
0705.0010 0704.3004
0705.0011 0704.1538
0705.0011 0704.2316
0705.0011 0705.0800
0705.0011 0704.2940
0705.0011 0705.0911
0705.0011 0705.0240
0705.0011 0704.0556
0705.0011 0704.1708
0705.0012 0704.0295
0705.0012 0704.3669
0705.0012 0704.3499
0705.0012 0704.1874
0705.0012 0704.2600
0705.0012 0704.0395
0705.0014 0705.0528
0705.0014 0704.0932
0705.0017 0704.1177
0705.0017 0704.2285
0705.0017 0704.3574
0705.0017 0704.3663
0705.0017 0704.2219
0705.0017 0704.1087
0705.0018 0704.1524
0705.0019 0704.0782
0705.0019 0704.1436
0705.0019 0705.0265
0705.0021 0705.0690
0705.0021 0704.0619
0705.0022 0705.0394
0705.0022 0704.1442
0705.0023 0704.1376
0705.0023 0704.2966
0705.0023 0704.3305
0705.0024 0705.0521
0705.0024 0704.0632
0705.0024 0705.0937
0705.0024 0704.1096
0705.0026 0705.0348
0705.0026 0704.1017
0705.0026 0704.1371
0705.0027 0704.1532
0705.0027 0704.3659
0705.0027 0705.0831
0705.0027 0705.0258
0705.0027 0704.2014
0705.0027 0704.1447
0705.0027 0705.0374
0705.0027 0704.3083
0705.0028 0705.0487
0705.0028 0704.1079
0705.0028 0705.0996
0705.0028 0704.1616
0705.0028 0704.0170
0705.0028 0705.0106
0705.0028 0705.0135
0705.0028 0705.0794
0705.0028 0704.3189
0705.0028 0704.1836
0705.0029 0704.0691
0705.0029 0704.2003
0705.0029 0704.1370
0705.0031 0704.1084
0705.0032 0704.1088
0705.0032 0705.0585
0705.0032 0704.2289
0705.0032 0705.0702
0705.0033 0704.1435
0705.0033 0705.0475
0705.0034 0704.0550
0705.0034 0704.2572
0705.0034 0704.3097
0705.0034 0704.2712
0705.0034 0704.2980
0705.0034 0704.2022
0705.0034 0704.0347
0705.0034 0704.1948
0705.0035 0704.2809
0705.0035 0705.0513
0705.0035 0705.0036
0705.0035 0704.1677
0705.0035 0704.3045
0705.0035 0704.3271
0705.0035 0705.0443
0705.0035 0704.3239
0705.0035 0705.0697
0705.0035 0705.0439
0705.0036 0704.3258
0705.0036 0705.0258
0705.0036 0704.2851
0705.0037 0704.2263
0705.0037 0704.2856
0705.0037 0704.3322
0705.0037 0704.2060
0705.0038 0704.1368
0705.0038 0704.2650
0705.0039 0705.0092
0705.0040 0704.0299
0705.0041 0704.0947
0705.0041 0705.0952
0705.0041 0704.2709
0705.0041 0704.3330
0705.0042 0704.3135
0705.0043 0704.3061
0705.0045 0704.2682
0705.0045 0704.0546
0705.0045 0704.3510
0705.0045 0704.2256
0705.0045 0705.0509
0705.0045 0704.1389
0705.0045 0704.3606
0705.0045 0704.3997
0705.0045 0704.1434
0705.0045 0704.0170
0705.0045 0705.0641
0705.0045 0704.3436
0705.0045 0704.1866
0705.0045 0704.0406
0705.0045 0704.2077
0705.0045 0705.0668
0705.0045 0704.0135
0705.0045 0704.1169
0705.0046 0704.3811
0705.0047 0704.1585
0705.0047 0704.3797
0705.0048 0704.2012
0705.0048 0704.0557
0705.0049 0704.2176
0705.0049 0704.0436
0705.0049 0704.0705
0705.0049 0704.3067
0705.0050 0704.3167
0705.0051 0704.2593
0705.0051 0704.0640
0705.0052 0704.1688
0705.0052 0705.0198
0705.0052 0705.0390
0705.0052 0705.0519
0705.0053 0704.2208
0705.0053 0704.0688
0705.0053 0704.2890
0705.0054 0704.3639
0705.0054 0705.0151
0705.0055 0704.0830
0705.0056 0705.0600
0705.0056 0704.4001
0705.0057 0705.0173
0705.0057 0704.0272
0705.0058 0705.0243
0705.0058 0704.3042
0705.0060 0704.0596
0705.0060 0704.2677
0705.0060 0704.3018
0705.0061 0704.0418
0705.0062 0704.3593
0705.0062 0704.1182
0705.0063 0705.0210
0705.0063 0705.0014
0705.0065 0705.0638
0705.0066 0704.2706
0705.0066 0704.1436
0705.0066 0704.3441
0705.0067 0704.2189
0705.0067 0704.3784
0705.0067 0704.3760
0705.0067 0704.2284
0705.0067 0704.1180
0705.0068 0704.1609
0705.0070 0704.0344
0705.0070 0704.1977
0705.0070 0704.2890
0705.0073 0704.3428
0705.0074 0704.3421
0705.0075 0704.2283
0705.0075 0704.3293
0705.0075 0704.1211
0705.0075 0704.0005
0705.0075 0705.0907
0705.0075 0704.0543
0705.0075 0704.0896
0705.0075 0704.3172
0705.0075 0705.0823
0705.0075 0704.1728
0705.0076 0704.2177
0705.0076 0704.0107
0705.0077 0704.3839
0705.0077 0704.1737
0705.0077 0704.0489
0705.0078 0704.1522
0705.0078 0705.0041
0705.0079 0704.2809
0705.0079 0705.0018
0705.0079 0704.2808
0705.0080 0704.1802
0705.0080 0704.3843
0705.0080 0704.2116
0705.0080 0705.0904
0705.0081 0704.2509
0705.0081 0705.0286
0705.0081 0704.2710
0705.0082 0704.2956
0705.0082 0704.1828
0705.0082 0704.1275
0705.0083 0704.2287
0705.0083 0705.0261
0705.0083 0704.0856
0705.0083 0704.3051
0705.0084 0704.2220
0705.0084 0704.0183
0705.0084 0704.2085
0705.0084 0704.3557
0705.0085 0704.2258
0705.0085 0705.0128
0705.0085 0705.0086
0705.0085 0704.2464
0705.0086 0704.3316
0705.0088 0704.1330
0705.0088 0704.1213
0705.0088 0705.0547
0705.0088 0704.2763
0705.0089 0704.0694
0705.0089 0704.2039
0705.0090 0704.1313
0705.0090 0704.2041
0705.0090 0704.3499
0705.0090 0704.3278
0705.0090 0704.3383
0705.0091 0704.2227
0705.0091 0704.1909
0705.0091 0704.0665
0705.0092 0704.0491
0705.0092 0704.3755
0705.0092 0704.0467
0705.0092 0705.0580
0705.0092 0704.0804
0705.0092 0704.2574
0705.0093 0704.3541
0705.0093 0705.0365
0705.0094 0705.0438
0705.0094 0704.0251
0705.0095 0704.3035
0705.0096 0704.1931
0705.0097 0705.0821
0705.0097 0704.0568
0705.0097 0705.0371
0705.0098 0704.3524
0705.0099 0704.2347
0705.0100 0704.1351
0705.0101 0705.0897
0705.0102 0704.0502
0705.0102 0704.1378
0705.0102 0705.0462
0705.0102 0704.1231
0705.0102 0704.0070
0705.0102 0704.0676
0705.0102 0704.3976
0705.0103 0704.3874
0705.0103 0704.3703
0705.0103 0704.0422
0705.0103 0704.1247
0705.0103 0704.0781
0705.0103 0704.0250
0705.0105 0704.1094
0705.0106 0704.2927
0705.0106 0704.3788
0705.0107 0704.0717
0705.0109 0704.0758
0705.0109 0704.2559
0705.0109 0704.0320
0705.0110 0704.0447
0705.0110 0704.0324
0705.0111 0704.1642
0705.0111 0705.0017
0705.0111 0704.3204
0705.0111 0704.1929
0705.0112 0704.2388
0705.0112 0704.3295
0705.0113 0705.0308
0705.0115 0704.0328
0705.0115 0704.0857
0705.0115 0704.3790
0705.0116 0704.1565
0705.0116 0704.1290
0705.0117 0705.0216
0705.0119 0704.0263
0705.0119 0704.2593
0705.0120 0704.2775
0705.0121 0705.0337
0705.0121 0704.3707
0705.0122 0704.2612
0705.0122 0704.2511
0705.0123 0705.0044
0705.0123 0704.3426
0705.0123 0704.1928
0705.0123 0704.0217
0705.0124 0704.2676
0705.0124 0705.0043
0705.0125 0704.3561
0705.0125 0704.1219
0705.0126 0704.0302
0705.0128 0704.2475
0705.0128 0704.0883
0705.0128 0704.2258
0705.0129 0704.1034
0705.0130 0704.1070
0705.0130 0704.3588
0705.0130 0704.2727
0705.0131 0704.0869
0705.0131 0705.0346
0705.0131 0704.3110
0705.0131 0704.3173
0705.0131 0704.0543
0705.0131 0704.2833
0705.0131 0705.0728
0705.0131 0705.0545
0705.0131 0704.3577
0705.0131 0704.0402
0705.0131 0704.0940
0705.0131 0704.1230
0705.0131 0704.2071
0705.0131 0704.3200
0705.0131 0704.1861
0705.0131 0704.0041
0705.0131 0704.2592
0705.0131 0704.0259
0705.0131 0704.3603
0705.0132 0704.3408
0705.0132 0704.2653
0705.0132 0704.3259
0705.0132 0704.1070
0705.0132 0704.1873
0705.0133 0704.1734
0705.0133 0704.1116
0705.0133 0704.3463
0705.0133 0704.2582
0705.0133 0705.0623
0705.0133 0704.0166
0705.0134 0705.0640
0705.0135 0704.1346
0705.0135 0704.0014
0705.0135 0704.2054
0705.0135 0705.0432
0705.0136 0704.3430
0705.0136 0704.2741
0705.0137 0704.2856
0705.0137 0704.0821
0705.0137 0704.3510
0705.0137 0704.2771
0705.0137 0704.0023
0705.0137 0704.1389
0705.0137 0704.2695
0705.0137 0705.0578
0705.0137 0704.0633
0705.0137 0704.0172
0705.0137 0704.3065
0705.0137 0704.1082
0705.0137 0704.2965
0705.0137 0704.2215
0705.0137 0705.0230
0705.0137 0704.2818
0705.0137 0704.0076
0705.0137 0704.0902
0705.0138 0704.1731
0705.0138 0704.0761
0705.0138 0704.2148
0705.0139 0704.2243
0705.0139 0705.0907
0705.0139 0704.0800
0705.0139 0704.2770
0705.0139 0705.0580
0705.0139 0704.0964
0705.0139 0705.0137
0705.0139 0705.0350
0705.0140 0704.2847
0705.0140 0705.0837
0705.0141 0704.1749
0705.0141 0704.3565
0705.0142 0704.0323
0705.0143 0704.3339
0705.0143 0705.0401
0705.0143 0704.1734
0705.0143 0704.3623
0705.0143 0704.0097
0705.0143 0704.3559
0705.0143 0704.0148
0705.0143 0705.0833
0705.0143 0705.0663
0705.0143 0704.3985
0705.0144 0704.0515
0705.0145 0704.3834
0705.0145 0705.0987
0705.0145 0705.0355
0705.0146 0704.2582
0705.0147 0704.2169
0705.0147 0704.2237
0705.0147 0704.3225
0705.0148 0704.0318
0705.0149 0705.0746
0705.0150 0704.2174
0705.0152 0704.2343
0705.0152 0704.2598
0705.0152 0704.0465
0705.0152 0704.0019
0705.0152 0704.3256
0705.0152 0704.3526
0705.0152 0705.0480
0705.0155 0704.0134
0705.0155 0704.3832
0705.0156 0704.2509
0705.0157 0704.0420
0705.0158 0704.0107
0705.0158 0705.0872
0705.0158 0705.0525
0705.0158 0704.1655
0705.0158 0704.2358
0705.0159 0704.3464
0705.0159 0705.0147
0705.0159 0704.0653
0705.0159 0704.1535
0705.0159 0704.0117
0705.0159 0704.3634
0705.0159 0704.3295
0705.0159 0705.0550
0705.0159 0704.2696
0705.0159 0704.0929
0705.0159 0704.3523
0705.0159 0705.0740
0705.0160 0704.1065
0705.0160 0704.0816
0705.0160 0705.0478
0705.0160 0704.0077
0705.0161 0704.2711
0705.0161 0704.2108
0705.0161 0704.1692
0705.0161 0704.2396
0705.0162 0704.2566
0705.0162 0704.1224
0705.0162 0704.2963
0705.0162 0704.1344
0705.0164 0704.2536
0705.0165 0705.0493
0705.0166 0704.1448
0705.0166 0704.0799
0705.0166 0704.0996
0705.0167 0704.0295
0705.0167 0704.1470
0705.0167 0704.2216
0705.0167 0704.1310
0705.0167 0704.0002
0705.0167 0705.0976
0705.0168 0705.0099
0705.0168 0704.3603
0705.0168 0704.0286
0705.0168 0704.0996
0705.0169 0704.1170
0705.0169 0704.2281
0705.0169 0704.3944
0705.0169 0705.0358
0705.0169 0705.0878
0705.0170 0704.1310
0705.0170 0704.3390
0705.0170 0704.2895
0705.0171 0704.0150
0705.0171 0705.0672
0705.0171 0704.2946
0705.0171 0704.2051
0705.0172 0704.0708
0705.0172 0705.0156
0705.0173 0704.2225
0705.0173 0704.1314
0705.0173 0705.0532
0705.0173 0705.0277
0705.0173 0704.1883
0705.0174 0705.0380
0705.0175 0705.0468
0705.0175 0704.2879
0705.0177 0704.3993
0705.0177 0704.3543
0705.0177 0705.0216
0705.0178 0704.0858
0705.0178 0704.1559
0705.0178 0704.3646
0705.0178 0704.1374
0705.0179 0704.3961
0705.0180 0704.0549
0705.0181 0705.0048
0705.0181 0704.1844
0705.0182 0704.2640
0705.0182 0705.0287
0705.0182 0704.3524
0705.0183 0704.0344
0705.0183 0704.1549
0705.0185 0704.0160
0705.0185 0704.3078
0705.0185 0704.3215
0705.0185 0704.3813
0705.0185 0704.3374
0705.0185 0704.0230
0705.0185 0704.1101
0705.0185 0704.0701
0705.0185 0704.2896
0705.0185 0704.3803
0705.0186 0705.0870
0705.0187 0704.0955
0705.0188 0705.0048
0705.0188 0704.0942
0705.0189 0705.0517
0705.0190 0704.2594
0705.0190 0704.1046
0705.0190 0704.0267
0705.0191 0704.2598
0705.0191 0705.0427
0705.0192 0704.3487
0705.0192 0705.0338
0705.0193 0704.2462
0705.0193 0704.1124
0705.0193 0704.1100
0705.0193 0704.0600
0705.0194 0705.0938
0705.0194 0704.1254
0705.0195 0704.3376
0705.0196 0704.2981
0705.0196 0705.0923
0705.0198 0704.3174
0705.0198 0704.1406
0705.0198 0705.0804
0705.0198 0704.0123
0705.0198 0705.0945
0705.0198 0705.0305
0705.0198 0704.1127
0705.0198 0704.1950
0705.0198 0704.2247
0705.0198 0704.2002
0705.0198 0704.0764
0705.0199 0704.0821
0705.0200 0704.0595
0705.0200 0705.0836
0705.0200 0704.1372
0705.0200 0704.2737
0705.0200 0704.2610
0705.0201 0705.0721
0705.0201 0704.2554
0705.0202 0704.0646
0705.0203 0704.1769
0705.0203 0704.1539
0705.0203 0705.0508
0705.0204 0704.0653
0705.0205 0704.2546
0705.0205 0704.2365
0705.0205 0705.0686
0705.0205 0705.0526
0705.0205 0705.0953
0705.0205 0704.3320
0705.0205 0704.2436
0705.0205 0705.0475
0705.0206 0704.0823
0705.0207 0704.0334
0705.0208 0704.3970
0705.0208 0704.0773
0705.0208 0704.2732
0705.0209 0704.0427
0705.0210 0704.0773
0705.0211 0705.0818
0705.0213 0704.2960
0705.0213 0705.0271
0705.0213 0704.0385
0705.0214 0704.1302
0705.0214 0704.1267
0705.0214 0705.0199
0705.0215 0704.2239
0705.0215 0704.0672
0705.0216 0704.1837
0705.0216 0704.0138
0705.0216 0704.0851
0705.0216 0704.2054
0705.0216 0704.3788
0705.0217 0705.0286
0705.0217 0705.0831
0705.0217 0704.2179
0705.0217 0704.1562
0705.0217 0704.3345
0705.0217 0704.0044
0705.0217 0704.1214
0705.0218 0705.0488
0705.0218 0705.0035
0705.0218 0704.1537
0705.0218 0705.0340
0705.0218 0705.0411
0705.0218 0704.3973
0705.0218 0704.3332
0705.0219 0704.1729
0705.0219 0704.2588
0705.0220 0704.1967
0705.0220 0705.0317
0705.0220 0705.0324
0705.0221 0704.1116
0705.0222 0704.1983
0705.0222 0704.2091
0705.0222 0704.2114
0705.0222 0704.1022
0705.0222 0704.3446
0705.0222 0704.1786
0705.0222 0704.3555
0705.0223 0704.0250
0705.0223 0704.0940
0705.0223 0704.3983
0705.0224 0704.1567
0705.0225 0704.1051
0705.0226 0705.0794
0705.0226 0705.0752
0705.0227 0704.1811
0705.0227 0704.0330
0705.0227 0704.0429
0705.0227 0704.1087
0705.0228 0704.2048
0705.0229 0704.3235
0705.0229 0704.0511
0705.0230 0704.1787
0705.0231 0704.0114
0705.0231 0704.1530
0705.0231 0704.0807
0705.0231 0704.0039
0705.0231 0704.0910
0705.0232 0704.2797
0705.0233 0704.2034
0705.0233 0704.1205
0705.0234 0704.3370
0705.0234 0704.3336
0705.0234 0704.2665
0705.0234 0704.1182
0705.0235 0705.0249
0705.0236 0704.1446
0705.0236 0704.3642
0705.0236 0704.2755
0705.0236 0704.1196
0705.0236 0704.1695
0705.0237 0704.1989
0705.0237 0704.2496
0705.0238 0704.2244
0705.0239 0704.3351
0705.0239 0704.3800
0705.0239 0704.1301
0705.0239 0705.0310
0705.0239 0704.0325
0705.0241 0704.3761
0705.0241 0704.3279
0705.0241 0704.0575
0705.0242 0704.1670
0705.0243 0704.0147
0705.0243 0704.2105
0705.0243 0704.3731
0705.0243 0704.1370
0705.0243 0705.0316
0705.0243 0704.1842
0705.0243 0704.2491
0705.0243 0704.2091
0705.0243 0704.3470
0705.0243 0704.0489
0705.0243 0704.3690
0705.0243 0704.1650
0705.0243 0704.2122
0705.0243 0705.0862
0705.0243 0704.3823
0705.0243 0704.2857
0705.0243 0704.1087
0705.0244 0704.0869
0705.0244 0704.3260
0705.0244 0704.3243
0705.0244 0705.0627
0705.0244 0704.3939
0705.0244 0704.1316
0705.0245 0704.1094
0705.0247 0704.2870
0705.0247 0704.1977
0705.0247 0705.0521
0705.0247 0704.3627
0705.0247 0705.0176
0705.0248 0704.2173
0705.0248 0704.0900
0705.0249 0704.3360
0705.0249 0704.0968
0705.0249 0704.2544
0705.0249 0704.2291
0705.0249 0704.2228
0705.0249 0705.0981
0705.0249 0705.0232
0705.0250 0704.0260
0705.0250 0704.0402
0705.0250 0705.0647
0705.0251 0704.1951
0705.0251 0704.0065
0705.0251 0704.2319
0705.0252 0704.3292
0705.0252 0705.0707
0705.0252 0705.0556
0705.0252 0704.3536
0705.0252 0705.0552
0705.0253 0705.0340
0705.0254 0704.0971
0705.0254 0704.2800
0705.0254 0704.0106
0705.0254 0705.0101
0705.0254 0704.0016
0705.0254 0705.0521
0705.0254 0705.0660
0705.0254 0704.3271
0705.0254 0704.3101
0705.0254 0704.3445
0705.0254 0704.3782
0705.0254 0705.0545
0705.0254 0704.1839
0705.0256 0704.2059
0705.0256 0704.3819
0705.0256 0704.2229
0705.0256 0704.0999
0705.0256 0704.2890
0705.0257 0704.3510
0705.0257 0704.3829
0705.0257 0704.3610
0705.0257 0705.0633
0705.0257 0704.2088
0705.0257 0705.0623
0705.0258 0704.3113
0705.0259 0704.1608
0705.0260 0704.0376
0705.0260 0704.2993
0705.0261 0704.3863
0705.0261 0704.2219
0705.0262 0705.0038
0705.0262 0704.3646
0705.0262 0705.0419
0705.0263 0704.0114
0705.0263 0704.3967
0705.0263 0704.0626
0705.0263 0704.0847
0705.0263 0704.3212
0705.0264 0704.1123
0705.0265 0704.0258
0705.0265 0704.1124
0705.0265 0705.0384
0705.0265 0704.3382
0705.0265 0705.0767
0705.0265 0704.2635
0705.0266 0704.0842
0705.0266 0704.0779
0705.0267 0704.3044
0705.0267 0704.0795
0705.0267 0704.2405
0705.0267 0704.0911
0705.0267 0704.1025
0705.0267 0704.0300
0705.0267 0704.0963
0705.0267 0704.0440
0705.0268 0704.3353
0705.0268 0705.0696
0705.0268 0704.2991
0705.0269 0705.0210
0705.0269 0705.0822
0705.0270 0704.1053
0705.0270 0704.2052
0705.0270 0704.0767
0705.0270 0704.3802
0705.0270 0704.2221
0705.0270 0704.2624
0705.0270 0704.0974
0705.0271 0704.0204
0705.0271 0704.0769
0705.0271 0704.3397
0705.0271 0705.0011
0705.0271 0705.0558
0705.0271 0704.0053
0705.0271 0704.1775
0705.0271 0705.0095
0705.0272 0704.0973
0705.0272 0704.1881
0705.0272 0705.0748
0705.0272 0704.0899
0705.0272 0705.0777
0705.0272 0704.3038
0705.0273 0704.3229
0705.0273 0704.2535
0705.0273 0704.3943
0705.0273 0704.3166
0705.0273 0705.0561
0705.0273 0704.0009
0705.0273 0704.1347
0705.0273 0704.3710
0705.0276 0704.1795
0705.0276 0704.1579
0705.0276 0704.0495
0705.0277 0704.0742
0705.0277 0704.1920
0705.0278 0704.1470
0705.0279 0704.1713
0705.0280 0704.1595
0705.0280 0704.0787
0705.0280 0704.0968
0705.0280 0704.3009
0705.0280 0704.2012
0705.0280 0704.1677
0705.0280 0705.0608
0705.0280 0704.0720
0705.0280 0704.2460
0705.0280 0705.0643
0705.0280 0704.1361
0705.0281 0704.1353
0705.0281 0705.0453
0705.0281 0705.0450
0705.0281 0704.3157
0705.0281 0704.1304
0705.0281 0704.3883
0705.0282 0704.1079
0705.0282 0704.3070
0705.0284 0704.0890
0705.0284 0704.3306
0705.0286 0704.3564
0705.0286 0704.0499
0705.0286 0704.1070
0705.0286 0704.0890
0705.0286 0704.2507
0705.0287 0704.1362
0705.0288 0704.2842
0705.0288 0705.0348
0705.0288 0705.0643
0705.0288 0705.0546
0705.0289 0704.3950
0705.0289 0704.3974
0705.0289 0704.2704
0705.0290 0704.3790
0705.0290 0705.0366
0705.0290 0704.3472
0705.0291 0704.3937
0705.0291 0705.0832
0705.0291 0704.2133
0705.0291 0704.2041
0705.0291 0705.0424
0705.0291 0704.2254
0705.0291 0704.3992
0705.0291 0704.2521
0705.0291 0704.1755
0705.0291 0705.0972
0705.0292 0704.0383
0705.0292 0704.3812
0705.0292 0704.3130
0705.0292 0705.0388
0705.0292 0705.0621
0705.0292 0704.1359
0705.0292 0704.3079
0705.0293 0705.0761
0705.0293 0705.0926
0705.0294 0704.0756
0705.0294 0704.1885
0705.0294 0705.0115
0705.0294 0704.0264
0705.0294 0705.0372
0705.0295 0704.0928
0705.0296 0704.3233
0705.0297 0705.0755
0705.0298 0704.1270
0705.0298 0704.0433
0705.0299 0705.0414
0705.0300 0704.1972
0705.0300 0704.1210
0705.0301 0704.3167
0705.0301 0705.0971
0705.0302 0704.2034
0705.0302 0705.0416
0705.0302 0704.0661
0705.0302 0705.0525
0705.0304 0704.1466
0705.0304 0704.2129
0705.0305 0705.0495
0705.0306 0704.0971
0705.0306 0704.3178
0705.0306 0704.2724
0705.0306 0704.1216
0705.0306 0704.0190
0705.0306 0704.0605
0705.0306 0704.1143
0705.0306 0704.3631
0705.0306 0704.1061
0705.0306 0705.0248
0705.0306 0704.0735
0705.0308 0705.0477
0705.0310 0704.2548
0705.0310 0704.3351
0705.0310 0705.0239
0705.0310 0704.0687
0705.0310 0704.1353
0705.0310 0705.0925
0705.0310 0704.0199
0705.0310 0705.0616
0705.0310 0705.0511
0705.0310 0704.2644
0705.0310 0705.0171
0705.0310 0704.0249
0705.0310 0704.3514
0705.0310 0704.0325
0705.0311 0704.1562
0705.0311 0704.1130
0705.0311 0704.1147
0705.0312 0704.0805
0705.0313 0704.3748
0705.0313 0704.0469
0705.0314 0704.0279
0705.0314 0704.2897
0705.0314 0704.1387
0705.0314 0704.2565
0705.0315 0704.0528
0705.0315 0705.0128
0705.0315 0704.0600
0705.0316 0704.1784
0705.0316 0704.3260
0705.0316 0704.0697
0705.0316 0704.2928
0705.0316 0705.0472
0705.0317 0705.0917
0705.0318 0704.1077
0705.0318 0704.2355
0705.0318 0704.0061
0705.0319 0704.2369
0705.0319 0704.3119
0705.0319 0704.1405
0705.0319 0704.1441
0705.0320 0704.3564
0705.0320 0704.2583
0705.0320 0704.0870
0705.0320 0705.0295
0705.0320 0704.0331
0705.0320 0704.3155
0705.0320 0705.0155
0705.0321 0704.0362
0705.0322 0704.2014
0705.0322 0704.2019
0705.0322 0704.0042
0705.0323 0704.3852
0705.0323 0704.0727
0705.0323 0704.2962
0705.0323 0704.3846
0705.0324 0704.2969
0705.0324 0704.1437
0705.0324 0704.3322
0705.0324 0704.1229
0705.0325 0704.1933
0705.0325 0704.1313
0705.0326 0704.2208
0705.0327 0704.1826
0705.0327 0704.3029
0705.0328 0704.3303
0705.0328 0704.2837
0705.0328 0704.1395
0705.0328 0705.0726
0705.0329 0704.0200
0705.0329 0704.0324
0705.0329 0704.3384
0705.0329 0704.3851
0705.0329 0705.0226
0705.0331 0704.1007
0705.0331 0704.2825
0705.0331 0705.0562
0705.0331 0704.0471
0705.0331 0705.0339
0705.0331 0704.3217
0705.0331 0704.1022
0705.0331 0704.0152
0705.0331 0704.3927
0705.0331 0704.2079
0705.0331 0705.0822
0705.0331 0704.0481
0705.0331 0704.1992
0705.0331 0704.0377
0705.0331 0704.1410
0705.0331 0704.1024
0705.0331 0704.3569
0705.0332 0704.2145
0705.0332 0704.0196
0705.0333 0704.0981
0705.0333 0704.2040
0705.0333 0705.0485
0705.0334 0705.0081
0705.0335 0705.0333
0705.0335 0704.1206
0705.0335 0704.3745
0705.0335 0704.0785
0705.0335 0704.2497
0705.0335 0704.3280
0705.0335 0704.1850
0705.0335 0704.0526
0705.0335 0705.0037
0705.0335 0704.0878
0705.0336 0704.1428
0705.0336 0704.0537
0705.0336 0704.2181
0705.0337 0704.1305
0705.0337 0704.2419
0705.0338 0704.2522
0705.0338 0704.1564
0705.0338 0704.2089
0705.0339 0704.1300
0705.0341 0704.1070
0705.0342 0704.3531
0705.0342 0705.0650
0705.0342 0704.3446
0705.0343 0704.2537
0705.0344 0704.2391
0705.0344 0704.2873
0705.0344 0704.3199
0705.0344 0704.2911
0705.0344 0705.0821
0705.0344 0704.0839
0705.0344 0704.3067
0705.0344 0704.0479
0705.0344 0704.3410
0705.0344 0704.1286
0705.0344 0704.2127
0705.0345 0704.0200
0705.0345 0704.1530
0705.0346 0704.2968
0705.0346 0704.3025
0705.0346 0704.3564
0705.0347 0704.1532
0705.0348 0704.0403
0705.0348 0704.0695
0705.0348 0704.3667
0705.0348 0704.3851
0705.0349 0704.2294
0705.0349 0705.0205
0705.0349 0704.1530
0705.0349 0704.2382
0705.0350 0704.2661
0705.0350 0705.0137
0705.0351 0704.0894
0705.0351 0704.0371
0705.0351 0705.0644
0705.0352 0705.0554
0705.0353 0704.2788
0705.0353 0704.3173
0705.0353 0704.0505
0705.0353 0704.1857
0705.0353 0704.1269
0705.0353 0704.2324
0705.0353 0704.3820
0705.0353 0704.3774
0705.0355 0704.1958
0705.0355 0704.0635
0705.0355 0704.2642
0705.0355 0704.1678
0705.0356 0704.1860
0705.0356 0704.2910
0705.0357 0704.2318
0705.0357 0704.1306
0705.0357 0704.1170
0705.0357 0704.2059
0705.0357 0704.0738
0705.0357 0704.0775
0705.0357 0704.3733
0705.0357 0705.0920
0705.0357 0704.3583
0705.0357 0704.2896
0705.0357 0704.1004
0705.0358 0704.0518
0705.0358 0704.2189
0705.0358 0704.0750
0705.0358 0704.1765
0705.0358 0705.0863
0705.0358 0704.1189
0705.0359 0704.1998
0705.0359 0704.3320
0705.0359 0705.0615
0705.0359 0704.1104
0705.0359 0704.1762
0705.0360 0704.1850
0705.0362 0704.0631
0705.0362 0705.0018
0705.0362 0704.0221
0705.0363 0705.0529
0705.0363 0704.3338
0705.0363 0705.0769
0705.0363 0704.0948
0705.0363 0704.3012
0705.0363 0705.0660
0705.0363 0704.3539
0705.0363 0705.0330
0705.0363 0705.0102
0705.0364 0704.0089
0705.0364 0704.3161
0705.0364 0704.0021
0705.0364 0704.1516
0705.0365 0704.0218
0705.0366 0704.3165
0705.0366 0704.0636
0705.0366 0704.3699
0705.0366 0705.0295
0705.0366 0704.0108
0705.0366 0705.0897
0705.0366 0704.2236
0705.0366 0704.3608
0705.0366 0704.2974
0705.0367 0704.3062
0705.0367 0704.3438
0705.0367 0704.3871
0705.0368 0704.2406
0705.0368 0705.0884
0705.0368 0704.2324
0705.0368 0705.0682
0705.0369 0704.0042
0705.0369 0704.1752
0705.0369 0704.3362
0705.0370 0704.1040
0705.0370 0704.2757
0705.0370 0704.0475
0705.0372 0704.1010
0705.0373 0704.3559
0705.0373 0705.0710
0705.0374 0704.2533
0705.0374 0705.0342
0705.0374 0704.2132
0705.0374 0704.3915
0705.0374 0704.3259
0705.0374 0704.2812
0705.0374 0704.2964
0705.0375 0704.1142
0705.0375 0705.0862
0705.0376 0704.2233
0705.0376 0704.1398
0705.0376 0705.0563
0705.0377 0705.0933
0705.0377 0704.1717
0705.0377 0705.0144
0705.0377 0704.2149
0705.0377 0704.2007
0705.0378 0704.1968
0705.0379 0704.1855
0705.0379 0704.0299
0705.0379 0704.1880
0705.0379 0704.2389
0705.0379 0704.0440
0705.0379 0704.2094
0705.0379 0704.0757
0705.0380 0704.2678
0705.0380 0704.1226
0705.0380 0705.0392
0705.0380 0705.0257
0705.0381 0704.0352
0705.0382 0704.2766
0705.0382 0705.0059
0705.0382 0704.2915
0705.0382 0704.0154
0705.0382 0704.1948
0705.0383 0704.3513
0705.0383 0704.2591
0705.0384 0704.0553
0705.0384 0704.2892
0705.0384 0704.1057
0705.0384 0704.0148
0705.0384 0704.1392
0705.0384 0704.3499
0705.0384 0704.1165
0705.0385 0704.0454
0705.0385 0704.1731
0705.0386 0705.0509
0705.0386 0704.3201
0705.0386 0704.2019
0705.0386 0704.3261
0705.0387 0704.3517
0705.0387 0704.1264
0705.0387 0704.3736
0705.0387 0704.0899
0705.0387 0704.0287
0705.0389 0704.2792
0705.0389 0704.2082
0705.0389 0704.2139
0705.0389 0704.0058
0705.0389 0704.3523
0705.0389 0704.0428
0705.0389 0704.2917
0705.0389 0704.1792
0705.0389 0705.0391
0705.0390 0705.0687
0705.0390 0704.0893
0705.0390 0704.0696
0705.0390 0704.2118
0705.0391 0705.0296
0705.0391 0704.2139
0705.0391 0705.0389
0705.0391 0704.1729
0705.0391 0704.0058
0705.0392 0704.2752
0705.0392 0704.0331
0705.0393 0704.2484
0705.0393 0705.0542
0705.0395 0704.3561
0705.0395 0704.1590
0705.0395 0705.0776
0705.0396 0704.3908
0705.0396 0704.1278
0705.0397 0704.1119
0705.0397 0704.3375
0705.0397 0705.0329
0705.0397 0705.0332
0705.0398 0704.3069
0705.0398 0704.1115
0705.0398 0704.1266
0705.0399 0704.1017
0705.0401 0705.0963
0705.0401 0704.3260
0705.0401 0704.0564
0705.0401 0704.3244
0705.0401 0704.0148
0705.0402 0704.3017
0705.0402 0705.0793
0705.0403 0704.0532
0705.0403 0704.2219
0705.0404 0704.2604
0705.0404 0705.0702
0705.0405 0704.2981
0705.0405 0704.0086
0705.0405 0705.0901
0705.0405 0704.1414
0705.0405 0704.1358
0705.0405 0704.3922
0705.0405 0704.2458
0705.0405 0704.3305
0705.0406 0704.2954
0705.0406 0704.2966
0705.0406 0704.3449
0705.0407 0705.0529
0705.0407 0705.0956
0705.0407 0705.0336
0705.0407 0704.2431
0705.0407 0704.1923
0705.0407 0705.0566
0705.0407 0704.0043
0705.0408 0705.0258
0705.0408 0705.0277
0705.0408 0704.2423
0705.0408 0704.1096
0705.0409 0704.0109
0705.0409 0705.0661
0705.0409 0704.2036
0705.0409 0705.0371
0705.0409 0705.0886
0705.0409 0704.2024
0705.0410 0704.1009
0705.0410 0704.2540
0705.0410 0704.2393
0705.0410 0704.0257
0705.0410 0705.0100
0705.0410 0705.0668
0705.0410 0705.0344
0705.0411 0704.1435
0705.0411 0704.2800
0705.0412 0704.3317
0705.0412 0704.3002
0705.0412 0704.1941
0705.0412 0704.2625
0705.0412 0704.3527
0705.0412 0704.2524
0705.0412 0704.1330
0705.0412 0705.0623
0705.0413 0704.0449
0705.0414 0705.0433
0705.0414 0704.1271
0705.0414 0704.0267
0705.0415 0704.0965
0705.0416 0704.3422
0705.0417 0704.0251
0705.0418 0704.1425
0705.0419 0704.1768
0705.0419 0705.0601
0705.0420 0704.1869
0705.0420 0705.0018
0705.0421 0704.2053
0705.0421 0704.1999
0705.0421 0704.3267
0705.0421 0704.3001
0705.0421 0705.0262
0705.0422 0705.0595
0705.0423 0704.2333
0705.0424 0704.2824
0705.0425 0704.1198
0705.0425 0704.1168
0705.0426 0705.0637
0705.0427 0705.0010
0705.0427 0705.0346
0705.0427 0705.0842
0705.0427 0704.2388
0705.0427 0705.0557
0705.0427 0704.1926
0705.0427 0704.1208
0705.0427 0704.3331
0705.0427 0704.0519
0705.0428 0705.0459
0705.0429 0704.3557
0705.0430 0704.0162
0705.0430 0704.3273
0705.0430 0705.0721
0705.0430 0705.0694
0705.0430 0704.3101
0705.0431 0704.0597
0705.0431 0704.3790
0705.0432 0704.2976
0705.0432 0705.0488
0705.0432 0704.1059
0705.0432 0705.0179
0705.0432 0704.1537
0705.0432 0704.3527
0705.0432 0704.2984
0705.0432 0704.0335
0705.0432 0704.3354
0705.0432 0704.3916
0705.0432 0704.2556
0705.0432 0705.0698
0705.0432 0704.2863
0705.0432 0704.3720
0705.0432 0704.1981
0705.0432 0705.0837
0705.0432 0704.0014
0705.0432 0704.3939
0705.0432 0704.1842
0705.0432 0704.0061
0705.0432 0704.2362
0705.0432 0705.0296
0705.0432 0704.1553
0705.0432 0704.1019
0705.0432 0704.1077
0705.0432 0705.0187
0705.0432 0704.0833
0705.0432 0704.1399
0705.0432 0704.1227
0705.0432 0704.2237
0705.0432 0704.0244
0705.0432 0704.1352
0705.0432 0705.0836
0705.0432 0704.3456
0705.0432 0705.0798
0705.0432 0704.3811
0705.0434 0704.3640
0705.0434 0704.3190
0705.0434 0704.3201
0705.0434 0705.0553
0705.0434 0705.0054
0705.0437 0704.3866
0705.0437 0705.0519
0705.0437 0705.0126
0705.0437 0704.1656
0705.0439 0704.0409
0705.0439 0704.3077
0705.0439 0704.2597
0705.0439 0704.0251
0705.0439 0704.0545
0705.0440 0704.3602
0705.0440 0704.0680
0705.0440 0704.2402
0705.0440 0704.0657
0705.0440 0705.0027
0705.0441 0705.0238
0705.0441 0704.2946
0705.0441 0704.0789
0705.0441 0704.1454
0705.0441 0704.0603
0705.0441 0704.3344
0705.0442 0704.1605
0705.0442 0704.3255
0705.0443 0704.3920
0705.0443 0704.1177
0705.0443 0704.3370
0705.0443 0704.2673
0705.0445 0705.0059
0705.0445 0704.3915
0705.0445 0704.3613
0705.0445 0704.3630
0705.0445 0704.0626
0705.0445 0704.0689
0705.0445 0704.0330
0705.0446 0704.3201
0705.0447 0705.0169
0705.0447 0704.1301
0705.0447 0704.3305
0705.0448 0704.0160
0705.0448 0704.1281
0705.0448 0704.3768
0705.0448 0704.1226
0705.0448 0705.0553
0705.0448 0704.3135
0705.0449 0705.0029
0705.0449 0705.0828
0705.0450 0704.3501
0705.0450 0705.0454
0705.0450 0704.0391
0705.0451 0705.0630
0705.0452 0704.0503
0705.0452 0704.0187
0705.0452 0705.0437
0705.0452 0704.3256
0705.0452 0704.3382
0705.0452 0705.0519
0705.0452 0704.2160
0705.0453 0704.3520
0705.0453 0704.0551
0705.0454 0704.0731
0705.0454 0705.0453
0705.0454 0704.3501
0705.0454 0705.0450
0705.0454 0704.3157
0705.0454 0704.2574
0705.0454 0704.1087
0705.0455 0704.1660
0705.0455 0704.1718
0705.0456 0704.0891
0705.0456 0704.1074
0705.0457 0704.0649
0705.0458 0704.3448
0705.0458 0705.0584
0705.0458 0704.0833
0705.0458 0704.0644
0705.0458 0705.0772
0705.0459 0704.0004
0705.0460 0705.0474
0705.0460 0704.3836
0705.0460 0705.0064
0705.0460 0704.0773
0705.0460 0704.3947
0705.0460 0704.1086
0705.0460 0704.2985
0705.0460 0704.2303
0705.0460 0704.2128
0705.0461 0704.3144
0705.0461 0704.3431
0705.0461 0704.0994
0705.0462 0704.3666
0705.0464 0704.2431
0705.0465 0704.0403
0705.0465 0704.3295
0705.0466 0704.0876
0705.0466 0704.2648
0705.0466 0705.0967
0705.0466 0705.0741
0705.0468 0705.0712
0705.0468 0704.0775
0705.0468 0704.1972
0705.0468 0704.3346
0705.0468 0704.2522
0705.0468 0704.3536
0705.0469 0704.0434
0705.0470 0704.1224
0705.0470 0705.0068
0705.0470 0704.2051
0705.0471 0704.3602
0705.0471 0704.3855
0705.0472 0704.1553
0705.0472 0705.0092
0705.0472 0705.0276
0705.0473 0705.0905
0705.0473 0704.1499
0705.0473 0704.0659
0705.0473 0704.0401
0705.0473 0704.3328
0705.0473 0704.2143
0705.0473 0705.0356
0705.0473 0704.0843
0705.0473 0704.1589
0705.0473 0705.0112
0705.0473 0704.0456
0705.0473 0704.3740
0705.0473 0705.0400
0705.0473 0704.3102
0705.0473 0704.3804
0705.0473 0705.0262
0705.0473 0704.0478
0705.0474 0704.3440
0705.0475 0705.0804
0705.0475 0704.2787
0705.0476 0705.0968
0705.0476 0704.3693
0705.0477 0705.0884
0705.0477 0705.0417
0705.0477 0704.2566
0705.0477 0705.0445
0705.0477 0704.1898
0705.0478 0704.0942
0705.0479 0705.0451
0705.0479 0704.1612
0705.0480 0705.0549
0705.0480 0704.3719
0705.0480 0704.0239
0705.0481 0705.0688
0705.0482 0704.0188
0705.0483 0705.0820
0705.0484 0704.3214
0705.0484 0704.3513
0705.0485 0704.2392
0705.0485 0704.0761
0705.0485 0704.3921
0705.0486 0704.1934
0705.0486 0704.0107
0705.0486 0704.2368
0705.0486 0704.3101
0705.0486 0704.3322
0705.0487 0704.0127
0705.0487 0704.1710
0705.0488 0704.2800
0705.0488 0704.0005
0705.0488 0704.1178
0705.0488 0704.3237
0705.0488 0704.0693
0705.0489 0704.1038
0705.0489 0704.2865
0705.0489 0704.2690
0705.0489 0704.1165
0705.0489 0704.0995
0705.0490 0704.2150
0705.0490 0704.3001
0705.0490 0704.0493
0705.0492 0704.3666
0705.0492 0704.0568
0705.0492 0704.0599
0705.0492 0704.1234
0705.0492 0704.0183
0705.0492 0704.1242
0705.0492 0705.0668
0705.0492 0704.2966
0705.0493 0704.1428
0705.0495 0704.2682
0705.0496 0705.0378
0705.0496 0705.0841
0705.0496 0705.0570
0705.0496 0704.2563
0705.0496 0705.0240
0705.0496 0704.0245
0705.0496 0704.3298
0705.0497 0704.2200
0705.0498 0704.1486
0705.0498 0704.3703
0705.0498 0704.0279
0705.0498 0705.0965
0705.0498 0704.2717
0705.0498 0705.0045
0705.0498 0704.0170
0705.0498 0704.1187
0705.0498 0704.2310
0705.0498 0704.1887
0705.0498 0704.3305
0705.0498 0704.0368
0705.0498 0704.2358
0705.0499 0705.0440
0705.0500 0704.0909
0705.0500 0705.0874
0705.0500 0704.2771
0705.0500 0704.2763
0705.0500 0705.0198
0705.0500 0704.1941
0705.0500 0704.2041
0705.0500 0704.3147
0705.0500 0705.0966
0705.0501 0704.0541
0705.0502 0704.3704
0705.0502 0704.2105
0705.0502 0704.2757
0705.0503 0705.0155
0705.0504 0704.0294
0705.0505 0704.0526
0705.0505 0704.2472
0705.0505 0704.2927
0705.0506 0705.0455
0705.0506 0704.1348
0705.0507 0704.3199
0705.0508 0705.0052
0705.0508 0704.3706
0705.0508 0704.3274
0705.0508 0704.0215
0705.0508 0704.0781
0705.0508 0704.2610
0705.0509 0704.0639
0705.0510 0704.0921
0705.0510 0704.3781
0705.0511 0705.0357
0705.0512 0705.0437
0705.0513 0705.0706
0705.0514 0704.1261
0705.0514 0704.3015
0705.0514 0704.2787
0705.0515 0704.1061
0705.0516 0705.0724
0705.0517 0705.0359
0705.0517 0704.3564
0705.0517 0704.0216
0705.0518 0704.1528
0705.0518 0704.3254
0705.0518 0704.0002
0705.0518 0704.0074
0705.0518 0704.1948
0705.0519 0704.2207
0705.0520 0704.2744
0705.0520 0704.3198
0705.0521 0704.3215
0705.0521 0705.0414
0705.0521 0704.1023
0705.0521 0704.0314
0705.0521 0704.3681
0705.0521 0704.1135
0705.0521 0704.2198
0705.0521 0704.0251
0705.0522 0705.0436
0705.0523 0705.0336
0705.0523 0704.2201
0705.0523 0704.2060
0705.0523 0704.1642
0705.0523 0704.1878
0705.0524 0704.1150
0705.0524 0704.3230
0705.0524 0705.0055
0705.0524 0704.1607
0705.0524 0704.2890
0705.0524 0704.3388
0705.0524 0705.0603
0705.0525 0704.2678
0705.0525 0704.1522
0705.0526 0704.2340
0705.0526 0704.2207
0705.0526 0704.2915
0705.0526 0704.3045
0705.0526 0705.0722
0705.0526 0704.0424
0705.0527 0704.0980
0705.0527 0705.0474
0705.0527 0704.1292
0705.0528 0704.1759
0705.0528 0704.0845
0705.0529 0704.1532
0705.0529 0704.1240
0705.0529 0704.0383
0705.0529 0704.2689
0705.0529 0704.3923
0705.0529 0704.0717
0705.0530 0704.2768
0705.0531 0704.1617
0705.0531 0704.2814
0705.0531 0705.0525
0705.0532 0705.0713
0705.0533 0704.1821
0705.0533 0704.2058
0705.0534 0705.0979
0705.0535 0704.1833
0705.0535 0705.0132
0705.0535 0704.0564
0705.0535 0704.2109
0705.0536 0704.3552
0705.0536 0704.0211
0705.0536 0704.2997
0705.0536 0704.3337
0705.0537 0704.0129
0705.0537 0704.2628
0705.0537 0704.4000
0705.0537 0704.3070
0705.0537 0705.0184
0705.0537 0704.2513
0705.0537 0704.3959
0705.0537 0704.2027
0705.0537 0705.0620
0705.0538 0704.1837
0705.0538 0704.2350
0705.0538 0704.2607
0705.0540 0704.0983
0705.0541 0704.0792
0705.0541 0704.0929
0705.0541 0705.0887
0705.0542 0705.0906
0705.0543 0704.1633
0705.0543 0704.0805
0705.0544 0704.2733
0705.0545 0704.2205
0705.0546 0704.3234
0705.0546 0704.1723
0705.0546 0704.0565
0705.0546 0704.2123
0705.0547 0704.3719
0705.0547 0704.2671
0705.0547 0704.2997
0705.0548 0704.2686
0705.0548 0705.0232
0705.0549 0704.1775
0705.0550 0704.2076
0705.0550 0704.3442
0705.0550 0704.1757
0705.0550 0705.0882
0705.0550 0704.3438
0705.0551 0705.0775
0705.0551 0704.0798
0705.0552 0704.3492
0705.0553 0704.2600
0705.0555 0704.1227
0705.0555 0704.2523
0705.0556 0704.0894
0705.0557 0704.0714
0705.0559 0704.3488
0705.0559 0705.0272
0705.0559 0704.1000
0705.0559 0705.0335
0705.0560 0704.1291
0705.0560 0704.0188
0705.0560 0705.0600
0705.0562 0704.1975
0705.0562 0704.3917
0705.0564 0704.3241
0705.0564 0705.0211
0705.0565 0704.3296
0705.0565 0705.0486
0705.0565 0704.1334
0705.0565 0704.2021
0705.0566 0704.2711
0705.0567 0705.0783
0705.0567 0705.0150
0705.0567 0704.3179
0705.0567 0704.1234
0705.0567 0704.2819
0705.0567 0704.2219
0705.0568 0704.3685
0705.0569 0705.0568
0705.0569 0704.1373
0705.0569 0704.3054
0705.0570 0704.2768
0705.0571 0705.0433
0705.0571 0705.0637
0705.0571 0704.2292
0705.0571 0704.1356
0705.0572 0705.0818
0705.0573 0704.2980
0705.0574 0704.2608
0705.0574 0705.0112
0705.0574 0704.1457
0705.0574 0704.2914
0705.0575 0704.2867
0705.0575 0704.0973
0705.0576 0704.3508
0705.0576 0705.0792
0705.0577 0704.1227
0705.0577 0704.0052
0705.0577 0704.0365
0705.0578 0704.0352
0705.0579 0705.0806
0705.0579 0704.1465
0705.0579 0704.3932
0705.0579 0704.1905
0705.0579 0704.0597
0705.0579 0704.0939
0705.0579 0704.0225
0705.0580 0704.1235
0705.0580 0704.0568
0705.0580 0704.1155
0705.0580 0704.3748
0705.0580 0705.0104
0705.0580 0704.2602
0705.0581 0704.1642
0705.0581 0704.3939
0705.0581 0704.0277
0705.0581 0704.1544
0705.0582 0704.0823
0705.0582 0704.1493
0705.0582 0704.3717
0705.0582 0705.0075
0705.0582 0704.3175
0705.0582 0704.2252
0705.0583 0704.2595
0705.0583 0705.0971
0705.0583 0705.0996
0705.0583 0704.3162
0705.0583 0704.3140
0705.0584 0705.0018
0705.0584 0704.2863
0705.0585 0704.1820
0705.0586 0704.2398
0705.0586 0705.0396
0705.0586 0704.3615
0705.0586 0705.0994
0705.0586 0704.3547
0705.0587 0704.0053
0705.0587 0704.1635
0705.0588 0704.3024
0705.0588 0705.0561
0705.0588 0704.2361
0705.0588 0704.0788
0705.0588 0705.0413
0705.0588 0704.2010
0705.0589 0704.0571
0705.0590 0704.1561
0705.0590 0704.1097
0705.0590 0704.1055
0705.0590 0704.1587
0705.0591 0704.0997
0705.0591 0704.0751
0705.0591 0705.0970
0705.0592 0704.0932
0705.0592 0704.2758
0705.0592 0704.0739
0705.0592 0704.0156
0705.0592 0704.3094
0705.0592 0704.0645
0705.0592 0704.0067
0705.0593 0704.3403
0705.0594 0704.1425
0705.0594 0704.1672
0705.0595 0704.0089
0705.0595 0704.1453
0705.0595 0705.0222
0705.0595 0704.3521
0705.0595 0705.0160
0705.0595 0704.2911
0705.0595 0704.2871
0705.0595 0705.0872
0705.0595 0704.3938
0705.0595 0704.1147
0705.0595 0704.3809
0705.0595 0704.0487
0705.0595 0704.1484
0705.0595 0705.0212
0705.0596 0704.2976
0705.0597 0704.2177
0705.0598 0704.1442
0705.0598 0704.0268
0705.0598 0705.0680
0705.0598 0704.3455
0705.0599 0704.3665
0705.0599 0704.3134
0705.0599 0704.1676
0705.0600 0704.1166
0705.0600 0704.3218
0705.0600 0704.0838
0705.0600 0704.3173
0705.0602 0704.0520
0705.0602 0705.0199
0705.0602 0704.0050
0705.0602 0704.0985
0705.0602 0704.3749
0705.0602 0704.2725
0705.0603 0704.1625
0705.0604 0704.1780
0705.0605 0704.0303
0705.0605 0704.1273
0705.0605 0705.0726
0705.0605 0704.1415
0705.0605 0704.3001
0705.0605 0704.1648
0705.0605 0704.1666
0705.0606 0704.3376
0705.0606 0704.1404
0705.0606 0704.1100
0705.0606 0704.3683
0705.0606 0705.0291
0705.0607 0704.3943
0705.0607 0704.1937
0705.0607 0704.3009
0705.0607 0704.2485
0705.0607 0704.0794
0705.0608 0704.1595
0705.0608 0704.1939
0705.0609 0704.2664
0705.0610 0704.2682
0705.0610 0704.3056
0705.0610 0705.0425
0705.0611 0704.3531
0705.0611 0704.2524
0705.0612 0705.0005
0705.0612 0704.1158
0705.0613 0705.0038
0705.0613 0704.2613
0705.0614 0704.3221
0705.0615 0704.0253
0705.0615 0704.3053
0705.0615 0705.0081
0705.0615 0704.2081
0705.0615 0704.2345
0705.0615 0705.0734
0705.0615 0705.0704
0705.0616 0704.0955
0705.0617 0704.0023
0705.0617 0704.2042
0705.0617 0704.0240
0705.0617 0705.0681
0705.0617 0705.0420
0705.0617 0704.3597
0705.0617 0705.0772
0705.0618 0704.1429
0705.0619 0704.1328
0705.0621 0705.0317
0705.0621 0704.3412
0705.0621 0704.2523
0705.0622 0704.0922
0705.0623 0704.1298
0705.0623 0705.0963
0705.0623 0704.3009
0705.0623 0704.1071
0705.0623 0704.1992
0705.0624 0705.0028
0705.0624 0704.0808
0705.0624 0704.1104
0705.0624 0705.0440
0705.0624 0705.0792
0705.0625 0704.3095
0705.0625 0705.0340
0705.0625 0704.0445
0705.0626 0704.1769
0705.0626 0704.0309
0705.0627 0704.2174
0705.0628 0705.0003
0705.0629 0705.0989
0705.0629 0705.0247
0705.0629 0704.0084
0705.0630 0705.0659
0705.0631 0704.3051
0705.0631 0704.1644
0705.0632 0704.1152
0705.0632 0704.1941
0705.0632 0704.3888
0705.0633 0704.3231
0705.0634 0704.0452
0705.0634 0704.1656
0705.0636 0704.1936
0705.0637 0704.0672
0705.0637 0705.0138
0705.0638 0705.0699
0705.0639 0704.3154
0705.0639 0704.1511
0705.0639 0705.0305
0705.0639 0704.1723
0705.0639 0704.0706
0705.0639 0705.0676
0705.0639 0704.0768
0705.0641 0704.2275
0705.0641 0704.0365
0705.0641 0704.0765
0705.0641 0705.0193
0705.0641 0704.1536
0705.0641 0704.2957
0705.0641 0704.3526
0705.0641 0704.1889
0705.0641 0704.3922
0705.0642 0704.0138
0705.0642 0704.1749
0705.0642 0705.0724
0705.0643 0704.0181
0705.0643 0704.0679
0705.0644 0704.3121
0705.0644 0704.3263
0705.0644 0704.0945
0705.0644 0704.2568
0705.0644 0705.0845
0705.0644 0704.0371
0705.0644 0704.2994
0705.0644 0704.1191
0705.0646 0704.0841
0705.0646 0704.0948
0705.0647 0704.0968
0705.0648 0705.0622
0705.0648 0704.3772
0705.0649 0704.0945
0705.0649 0704.1413
0705.0649 0704.0465
0705.0650 0704.0732
0705.0651 0704.3299
0705.0651 0705.0037
0705.0652 0704.1116
0705.0652 0704.3661
0705.0652 0704.1168
0705.0652 0704.0262
0705.0652 0704.1793
0705.0652 0705.0846
0705.0652 0704.0285
0705.0653 0704.2038
0705.0653 0704.3249
0705.0653 0705.0798
0705.0654 0705.0336
0705.0654 0704.3608
0705.0654 0704.1754
0705.0656 0704.2987
0705.0656 0704.3137
0705.0656 0704.2151
0705.0656 0704.0110
0705.0656 0704.2627
0705.0656 0705.0394
0705.0656 0704.1466
0705.0657 0705.0638
0705.0657 0704.2470
0705.0657 0704.3116
0705.0658 0704.0739
0705.0658 0704.2313
0705.0658 0704.0524
0705.0659 0704.0257
0705.0659 0704.2376
0705.0659 0705.0575
0705.0659 0704.0895
0705.0659 0704.3238
0705.0660 0704.1302
0705.0660 0704.3073
0705.0660 0704.3008
0705.0660 0704.1231
0705.0660 0704.1104
0705.0660 0704.0171
0705.0660 0705.0888
0705.0661 0704.1056
0705.0663 0704.1587
0705.0664 0704.1806
0705.0664 0704.1882
0705.0664 0705.0011
0705.0664 0704.1759
0705.0664 0704.0541
0705.0664 0704.1953
0705.0664 0704.0011
0705.0665 0705.0658
0705.0666 0704.3321
0705.0666 0705.0779
0705.0667 0704.0980
0705.0667 0704.0593
0705.0667 0704.2261
0705.0667 0704.1567
0705.0667 0704.3210
0705.0667 0704.1166
0705.0667 0704.3300
0705.0667 0704.0285
0705.0667 0704.1445
0705.0667 0705.0975
0705.0668 0704.2131
0705.0668 0704.0615
0705.0668 0704.1741
0705.0668 0704.0604
0705.0668 0704.1281
0705.0668 0704.1722
0705.0668 0704.1970
0705.0668 0704.1469
0705.0668 0704.0222
0705.0668 0705.0498
0705.0668 0704.3111
0705.0668 0704.1552
0705.0668 0704.3025
0705.0668 0704.1834
0705.0670 0704.3462
0705.0670 0704.0942
0705.0671 0704.1327
0705.0672 0705.0661
0705.0672 0704.0495
0705.0672 0705.0511
0705.0672 0704.2277
0705.0673 0704.0504
0705.0673 0704.2224
0705.0674 0704.3534
0705.0674 0704.1685
0705.0675 0704.3380
0705.0675 0704.3352
0705.0675 0704.0084
0705.0676 0705.0756
0705.0676 0704.2307
0705.0676 0705.0349
0705.0676 0704.1510
0705.0677 0704.2806
0705.0677 0704.0750
0705.0678 0705.0382
0705.0678 0704.0471
0705.0678 0704.1819
0705.0678 0705.0686
0705.0678 0704.0063
0705.0679 0704.0482
0705.0679 0704.2117
0705.0679 0704.0340
0705.0679 0704.2047
0705.0680 0705.0487
0705.0680 0704.2158
0705.0680 0704.2529
0705.0680 0704.2172
0705.0680 0704.2400
0705.0680 0704.3676
0705.0680 0704.3101
0705.0680 0704.3473
0705.0680 0704.2785
0705.0680 0704.3043
0705.0680 0704.3914
0705.0680 0704.0532
0705.0680 0704.3458
0705.0681 0704.3891
0705.0681 0704.3663
0705.0681 0704.3048
0705.0682 0704.1413
0705.0683 0704.2059
0705.0684 0704.0872
0705.0685 0704.3784
0705.0685 0704.2272
0705.0686 0704.0200
0705.0686 0704.0973
0705.0686 0704.2365
0705.0686 0704.0489
0705.0686 0704.0384
0705.0687 0705.0210
0705.0688 0704.1698
0705.0690 0705.0535
0705.0690 0705.0560
0705.0691 0704.3681
0705.0692 0704.0510
0705.0692 0705.0470
0705.0692 0704.1328
0705.0692 0705.0004
0705.0693 0704.0350
0705.0694 0704.1403
0705.0694 0704.2639
0705.0694 0704.3003
0705.0695 0705.0509
0705.0695 0704.0250
0705.0695 0704.1897
0705.0696 0704.0103
0705.0696 0704.0500
0705.0696 0704.3154
0705.0697 0704.1602
0705.0698 0705.0723
0705.0698 0704.0859
0705.0698 0704.3787
0705.0698 0704.0442
0705.0698 0705.0976
0705.0698 0704.3217
0705.0699 0704.0653
0705.0699 0704.3050
0705.0700 0704.2358
0705.0701 0704.1635
0705.0701 0705.0605
0705.0701 0704.2494
0705.0701 0704.2460
0705.0702 0705.0632
0705.0702 0704.1749
0705.0702 0704.1492
0705.0702 0704.1600
0705.0702 0704.0272
0705.0702 0704.3570
0705.0702 0704.0230
0705.0702 0704.1119
0705.0703 0704.2911
0705.0703 0704.3271
0705.0704 0705.0487
0705.0704 0704.3519
0705.0705 0704.0212
0705.0705 0704.0989
0705.0705 0704.2804
0705.0705 0704.1677
0705.0706 0704.3604
0705.0706 0704.3637
0705.0706 0704.2085
0705.0706 0704.1283
0705.0706 0704.1772
0705.0706 0704.1766
0705.0706 0704.3062
0705.0707 0704.3225
0705.0708 0704.2896
0705.0708 0704.1200
0705.0708 0704.2071
0705.0709 0704.2034
0705.0709 0705.0055
0705.0709 0704.0263
0705.0709 0704.0156
0705.0709 0704.3427
0705.0709 0704.0472
0705.0709 0704.1217
0705.0710 0704.3302
0705.0711 0704.1131
0705.0711 0704.0416
0705.0711 0704.0978
0705.0711 0704.0719
0705.0711 0704.2839
0705.0711 0705.0826
0705.0711 0704.3668
0705.0711 0704.3034
0705.0711 0704.0276
0705.0712 0704.0161
0705.0712 0704.0306
0705.0712 0705.0708
0705.0712 0704.1924
0705.0712 0705.0545
0705.0713 0704.2152
0705.0714 0705.0453
0705.0715 0704.3370
0705.0715 0704.0557
0705.0716 0704.0540
0705.0716 0704.2044
0705.0716 0704.0080
0705.0716 0704.2430
0705.0716 0704.2896
0705.0717 0705.0835
0705.0717 0705.0710
0705.0717 0704.0311
0705.0717 0704.2442
0705.0717 0704.1347
0705.0717 0704.2144
0705.0717 0704.0479
0705.0717 0704.3912
0705.0717 0705.0737
0705.0718 0704.3161
0705.0718 0705.0069
0705.0719 0704.3791
0705.0719 0704.2360
0705.0719 0705.0950
0705.0719 0705.0335
0705.0719 0705.0037
0705.0720 0704.0791
0705.0720 0704.3372
0705.0720 0704.2318
0705.0720 0704.2640
0705.0720 0704.3078
0705.0720 0704.0838
0705.0720 0704.3136
0705.0720 0705.0565
0705.0720 0704.2400
0705.0720 0704.2888
0705.0720 0705.0827
0705.0720 0705.0988
0705.0720 0704.2667
0705.0720 0705.0358
0705.0720 0705.0471
0705.0721 0704.2084
0705.0721 0704.0403
0705.0721 0704.2352
0705.0721 0704.1407
0705.0721 0704.0761
0705.0722 0705.0675
0705.0723 0704.1912
0705.0724 0704.1303
0705.0724 0704.3957
0705.0724 0705.0779
0705.0724 0704.2571
0705.0724 0704.0934
0705.0724 0705.0660
0705.0724 0705.0595
0705.0724 0704.2223
0705.0724 0704.1517
0705.0725 0704.1212
0705.0725 0704.0121
0705.0727 0704.2959
0705.0727 0704.1353
0705.0728 0704.0716
0705.0728 0705.0225
0705.0728 0704.0362
0705.0728 0704.2067
0705.0728 0704.0992
0705.0728 0704.0419
0705.0729 0704.1406
0705.0729 0705.0071
0705.0730 0704.3365
0705.0732 0704.0225
0705.0733 0704.1967
0705.0733 0704.0687
0705.0733 0705.0376
0705.0733 0704.0678
0705.0733 0704.1928
0705.0734 0704.3433
0705.0734 0705.0133
0705.0734 0705.0197
0705.0734 0704.3886
0705.0734 0704.3515
0705.0734 0705.0882
0705.0734 0705.0588
0705.0734 0705.0793
0705.0735 0705.0407
0705.0735 0704.0140
0705.0735 0704.0829
0705.0735 0704.0449
0705.0735 0705.0819
0705.0735 0704.2490
0705.0735 0705.0129
0705.0735 0704.2378
0705.0735 0705.0056
0705.0735 0704.0646
0705.0735 0705.0983
0705.0736 0705.0161
0705.0738 0704.0579
0705.0739 0704.1233
0705.0739 0704.0988
0705.0739 0704.3703
0705.0739 0704.2922
0705.0739 0705.0279
0705.0739 0704.2142
0705.0739 0704.1497
0705.0739 0704.0850
0705.0739 0704.0925
0705.0739 0705.0846
0705.0739 0704.2992
0705.0740 0704.1910
0705.0741 0704.3280
0705.0741 0704.3962
0705.0741 0704.3063
0705.0742 0705.0414
0705.0742 0704.0095
0705.0742 0704.1414
0705.0745 0704.2567
0705.0745 0704.2247
0705.0745 0704.2626
0705.0746 0704.0553
0705.0746 0704.1475
0705.0747 0704.0490
0705.0747 0704.3181
0705.0747 0704.1657
0705.0747 0704.3308
0705.0747 0705.0882
0705.0747 0704.2219
0705.0749 0704.0689
0705.0750 0705.0836
0705.0750 0705.0699
0705.0750 0705.0878
0705.0751 0704.3472
0705.0751 0704.1676
0705.0751 0704.2902
0705.0752 0705.0132
0705.0753 0704.3213
0705.0753 0704.3640
0705.0754 0704.2189
0705.0754 0704.3355
0705.0754 0704.0410
0705.0754 0704.4002
0705.0756 0705.0005
0705.0756 0704.0726
0705.0756 0704.2120
0705.0756 0704.0672
0705.0757 0704.1337
0705.0757 0704.2906
0705.0757 0705.0947
0705.0758 0704.2520
0705.0758 0705.0519
0705.0758 0704.2033
0705.0758 0705.0548
0705.0759 0704.2328
0705.0760 0704.3504
0705.0760 0704.0838
0705.0760 0704.2902
0705.0760 0704.3093
0705.0761 0705.0758
0705.0761 0704.3359
0705.0761 0705.0969
0705.0762 0704.3262
0705.0763 0704.0371
0705.0764 0705.0481
0705.0764 0704.2634
0705.0764 0704.3511
0705.0764 0704.1986
0705.0764 0704.3146
0705.0764 0704.3985
0705.0764 0704.3085
0705.0765 0704.3517
0705.0765 0705.0157
0705.0767 0704.0841
0705.0767 0704.0531
0705.0767 0704.3639
0705.0767 0704.1746
0705.0769 0704.0838
0705.0770 0704.3335
0705.0770 0705.0955
0705.0770 0704.1994
0705.0770 0704.2752
0705.0770 0704.0585
0705.0770 0704.2257
0705.0770 0704.1752
0705.0771 0704.1025
0705.0773 0704.2263
0705.0773 0704.3280
0705.0773 0704.2721
0705.0773 0705.0379
0705.0774 0705.0108
0705.0775 0704.3572
0705.0775 0704.0136
0705.0776 0704.3931
0705.0776 0704.2207
0705.0776 0704.2019
0705.0777 0705.0316
0705.0778 0705.0714
0705.0781 0704.1267
0705.0781 0704.2458
0705.0783 0704.0926
0705.0784 0704.1934
0705.0784 0704.2912
0705.0784 0704.1338
0705.0784 0705.0913
0705.0785 0705.0337
0705.0785 0704.1676
0705.0786 0704.3291
0705.0786 0704.1749
0705.0786 0704.1264
0705.0786 0704.3895
0705.0787 0704.0004
0705.0788 0704.1934
0705.0788 0704.0359
0705.0789 0704.3286
0705.0789 0704.2612
0705.0789 0704.1510
0705.0789 0704.2727
0705.0789 0704.2861
0705.0789 0704.0180
0705.0789 0704.0389
0705.0790 0704.2282
0705.0790 0704.2237
0705.0791 0705.0057
0705.0792 0704.1021
0705.0793 0704.3514
0705.0794 0704.0259
0705.0795 0704.2369
0705.0796 0705.0925
0705.0796 0705.0644
0705.0797 0704.3969
0705.0797 0704.1194
0705.0797 0704.0914
0705.0798 0704.3502
0705.0798 0704.1040
0705.0798 0704.3651
0705.0798 0705.0226
0705.0798 0704.0910
0705.0799 0705.0869
0705.0800 0704.0024
0705.0800 0704.0458
0705.0800 0704.3555
0705.0801 0704.3239
0705.0801 0705.0514
0705.0802 0704.2225
0705.0804 0704.1771
0705.0804 0704.3235
0705.0804 0705.0198
0705.0804 0704.1515
0705.0804 0704.2123
0705.0804 0704.0322
0705.0805 0704.2172
0705.0806 0705.0408
0705.0807 0704.1934
0705.0807 0705.0788
0705.0807 0705.0500
0705.0807 0704.3244
0705.0808 0704.2715
0705.0808 0704.2560
0705.0808 0704.2913
0705.0808 0704.0740
0705.0808 0704.2019
0705.0809 0704.0404
0705.0809 0704.2614
0705.0809 0704.3056
0705.0810 0704.1105
0705.0811 0704.1480
0705.0813 0704.1993
0705.0813 0704.0365
0705.0813 0704.3505
0705.0813 0704.3127
0705.0813 0705.0786
0705.0814 0704.3463
0705.0814 0704.0661
0705.0814 0704.0644
0705.0814 0704.3427
0705.0815 0704.3228
0705.0815 0705.0405
0705.0815 0704.0730
0705.0815 0705.0883
0705.0816 0704.1697
0705.0816 0704.3531
0705.0816 0704.2548
0705.0817 0704.2037
0705.0818 0704.3057
0705.0818 0704.2940
0705.0818 0705.0917
0705.0818 0704.2477
0705.0818 0704.1187
0705.0818 0704.2690
0705.0818 0704.1417
0705.0818 0704.3917
0705.0818 0704.0466
0705.0818 0704.0902
0705.0820 0705.0868
0705.0820 0705.0689
0705.0820 0704.0528
0705.0820 0704.0730
0705.0821 0704.0479
0705.0821 0704.2449
0705.0822 0704.2746
0705.0822 0704.1466
0705.0822 0704.2514
0705.0822 0704.0385
0705.0823 0704.3172
0705.0823 0705.0560
0705.0823 0705.0138
0705.0824 0704.3534
0705.0825 0704.1990
0705.0825 0704.2679
0705.0826 0704.1326
0705.0826 0704.1687
0705.0828 0704.2546
0705.0829 0704.2984
0705.0830 0705.0680
0705.0830 0705.0499
0705.0830 0704.0240
0705.0830 0704.2495
0705.0830 0704.3828
0705.0831 0704.1576
0705.0831 0704.1809
0705.0831 0704.2930
0705.0831 0704.2820
0705.0832 0705.0984
0705.0834 0704.3028
0705.0834 0705.0034
0705.0834 0704.3502
0705.0835 0704.3124
0705.0835 0704.3933
0705.0835 0704.3858
0705.0836 0704.2359
0705.0836 0705.0340
0705.0836 0704.2758
0705.0837 0704.0444
0705.0838 0704.1563
0705.0838 0705.0945
0705.0839 0704.1876
0705.0840 0704.2360
0705.0840 0705.0192
0705.0840 0704.1485
0705.0840 0704.2412
0705.0840 0705.0135
0705.0840 0705.0340
0705.0840 0704.3123
0705.0840 0704.0028
0705.0840 0704.1248
0705.0841 0704.3919
0705.0841 0705.0299
0705.0841 0705.0577
0705.0842 0704.3883
0705.0843 0704.1538
0705.0843 0704.0848
0705.0843 0704.3199
0705.0843 0705.0152
0705.0843 0704.0552
0705.0846 0704.2060
0705.0846 0705.0123
0705.0846 0704.0825
0705.0846 0704.0902
0705.0846 0705.0292
0705.0847 0704.0056
0705.0847 0705.0103
0705.0847 0705.0399
0705.0847 0704.0472
0705.0847 0704.1242
0705.0847 0704.0124
0705.0848 0705.0821
0705.0849 0704.3943
0705.0849 0704.3010
0705.0850 0705.0575
0705.0851 0704.0816
0705.0851 0704.1108
0705.0851 0704.1587
0705.0851 0704.3660
0705.0851 0704.2460
0705.0851 0704.3352
0705.0851 0704.0212
0705.0851 0704.3236
0705.0851 0705.0142
0705.0852 0705.0757
0705.0852 0704.3896
0705.0852 0704.1061
0705.0852 0704.3483
0705.0852 0705.0991
0705.0852 0704.0624
0705.0853 0704.0567
0705.0853 0704.0876
0705.0853 0704.0439
0705.0854 0704.2059
0705.0855 0704.3165
0705.0855 0704.3182
0705.0855 0704.2702
0705.0855 0705.0825
0705.0855 0704.1650
0705.0855 0705.0363
0705.0855 0704.2266
0705.0855 0704.3350
0705.0857 0705.0365
0705.0857 0704.1383
0705.0858 0704.2169
0705.0859 0704.1682
0705.0859 0704.1048
0705.0859 0704.1011
0705.0859 0704.2908
0705.0860 0704.3525
0705.0860 0704.1510
0705.0860 0705.0115
0705.0860 0705.0440
0705.0860 0704.1836
0705.0860 0704.3017
0705.0860 0705.0692
0705.0860 0704.3836
0705.0860 0704.2510
0705.0860 0704.2344
0705.0860 0704.1392
0705.0860 0704.0169
0705.0860 0704.3121
0705.0860 0704.2158
0705.0860 0704.2091
0705.0860 0705.0035
0705.0860 0705.0431
0705.0860 0704.1604
0705.0860 0704.0245
0705.0861 0704.0629
0705.0861 0704.1490
0705.0861 0704.1247
0705.0862 0704.1263
0705.0862 0704.3075
0705.0863 0704.3470
0705.0863 0704.2339
0705.0864 0704.1577
0705.0864 0704.3837
0705.0864 0704.0248
0705.0864 0704.2408
0705.0864 0704.3858
0705.0864 0704.3828
0705.0864 0704.1365
0705.0864 0705.0013
0705.0864 0704.1183
0705.0864 0704.3732
0705.0865 0704.2281
0705.0865 0705.0546
0705.0865 0705.0866
0705.0866 0704.2898
0705.0866 0704.1038
0705.0866 0704.2986
0705.0866 0704.3892
0705.0867 0704.0685
0705.0867 0704.1575
0705.0867 0704.3175
0705.0867 0705.0974
0705.0867 0704.2026
0705.0867 0705.0519
0705.0867 0704.2826
0705.0867 0704.0640
0705.0868 0704.3852
0705.0868 0704.1995
0705.0868 0704.1882
0705.0868 0704.2893
0705.0868 0704.3171
0705.0868 0704.0472
0705.0868 0704.3762
0705.0868 0705.0991
0705.0869 0704.2714
0705.0869 0704.1882
0705.0869 0705.0725
0705.0869 0704.0701
0705.0869 0704.3945
0705.0869 0704.1742
0705.0870 0704.0853
0705.0870 0705.0651
0705.0870 0704.0056
0705.0870 0704.1419
0705.0870 0705.0508
0705.0870 0704.0148
0705.0870 0705.0217
0705.0870 0704.3250
0705.0870 0705.0857
0705.0870 0705.0517
0705.0870 0704.0569
0705.0871 0704.2840
0705.0871 0704.2348
0705.0872 0704.1997
0705.0872 0704.2949
0705.0872 0704.3779
0705.0872 0704.2911
0705.0872 0704.2085
0705.0872 0704.1190
0705.0872 0704.2087
0705.0872 0704.0436
0705.0873 0704.0439
0705.0873 0704.3103
0705.0874 0704.0909
0705.0874 0704.3896
0705.0874 0704.2609
0705.0874 0704.3499
0705.0874 0705.0939
0705.0875 0704.2369
0705.0875 0704.3997
0705.0875 0704.0878
0705.0875 0705.0525
0705.0877 0704.2189
0705.0877 0704.1206
0705.0877 0705.0397
0705.0877 0704.1182
0705.0877 0704.2942
0705.0878 0704.2093
0705.0878 0705.0711
0705.0878 0705.0887
0705.0879 0704.1967
0705.0879 0705.0654
0705.0879 0705.0747
0705.0879 0705.0075
0705.0879 0705.0455
0705.0879 0704.3656
0705.0880 0705.0801
0705.0881 0704.2509
0705.0881 0704.1096
0705.0881 0705.0871
0705.0881 0704.3148
0705.0881 0704.2578
0705.0881 0704.3918
0705.0882 0704.3920
0705.0882 0704.2673
0705.0882 0704.0859
0705.0882 0704.2248
0705.0882 0705.0673
0705.0882 0704.0752
0705.0883 0704.3090
0705.0883 0704.1296
0705.0883 0704.2286
0705.0884 0704.0490
0705.0884 0704.3613
0705.0884 0704.3125
0705.0884 0705.0746
0705.0884 0705.0428
0705.0884 0705.0301
0705.0885 0704.1670
0705.0885 0704.1600
0705.0885 0704.2420
0705.0885 0704.1083
0705.0886 0704.1386
0705.0886 0704.3684
0705.0886 0705.0360
0705.0886 0705.0852
0705.0887 0704.1929
0705.0888 0704.0684
0705.0888 0704.0926
0705.0888 0705.0353
0705.0888 0704.0896
0705.0888 0705.0504
0705.0889 0704.1456
0705.0889 0705.0641
0705.0889 0704.3554
0705.0889 0704.1723
0705.0890 0705.0233
0705.0891 0705.0734
0705.0891 0704.0392
0705.0892 0704.1376
0705.0892 0704.1248
0705.0893 0704.0580
0705.0893 0704.1155
0705.0893 0704.1519
0705.0893 0704.0123
0705.0894 0704.0018
0705.0896 0704.3162
0705.0897 0704.2497
0705.0897 0704.0939
0705.0900 0704.3606
0705.0900 0705.0571
0705.0901 0704.3744
0705.0901 0704.3165
0705.0902 0704.1553
0705.0902 0705.0785
0705.0902 0704.0611
0705.0903 0704.0553
0705.0903 0704.1677
0705.0903 0705.0689
0705.0903 0704.0506
0705.0903 0704.1930
0705.0904 0704.2371
0705.0905 0705.0830
0705.0905 0704.2209
0705.0905 0704.0871
0705.0906 0704.3523
0705.0906 0704.0542
0705.0906 0704.2265
0705.0907 0705.0506
0705.0908 0704.2800
0705.0908 0704.2535
0705.0908 0704.3527
0705.0909 0705.0044
0705.0909 0704.0801
0705.0909 0704.2808
0705.0911 0705.0293
0705.0911 0704.0139
0705.0912 0704.2474
0705.0912 0704.3226
0705.0912 0704.0029
0705.0912 0704.3948
0705.0912 0704.3771
0705.0912 0704.3033
0705.0913 0704.2286
0705.0914 0705.0065
0705.0914 0704.2716
0705.0914 0704.3455
0705.0914 0704.0792
0705.0914 0704.0161
0705.0915 0704.0378
0705.0916 0705.0018
0705.0916 0704.3195
0705.0917 0704.0754
0705.0919 0704.0709
0705.0919 0704.3360
0705.0919 0704.3567
0705.0919 0704.2451
0705.0920 0704.1842
0705.0921 0705.0743
0705.0921 0704.3663
0705.0921 0704.0001
0705.0922 0704.0824
0705.0923 0704.0344
0705.0923 0704.2721
0705.0923 0705.0259
0705.0924 0704.2076
0705.0924 0705.0958
0705.0924 0704.3442
0705.0924 0705.0565
0705.0924 0704.0666
0705.0924 0705.0492
0705.0924 0704.1660
0705.0924 0704.0294
0705.0925 0704.1154
0705.0926 0704.3184
0705.0926 0704.1331
0705.0926 0704.3764
0705.0926 0705.0410
0705.0926 0704.2948
0705.0926 0705.0344
0705.0926 0705.0975
0705.0926 0705.0772
0705.0927 0704.2683
0705.0927 0704.1918
0705.0928 0705.0549
0705.0928 0704.2622
0705.0929 0704.2945
0705.0929 0704.0970
0705.0929 0704.3873
0705.0929 0704.1929
0705.0930 0704.3976
0705.0931 0704.3042
0705.0931 0704.0516
0705.0931 0704.2937
0705.0931 0704.0251
0705.0932 0704.2659
0705.0932 0704.2976
0705.0932 0704.3718
0705.0932 0704.0590
0705.0933 0704.3090
0705.0933 0704.2092
0705.0935 0704.0265
0705.0935 0704.1214
0705.0935 0704.0714
0705.0936 0704.2937
0705.0937 0705.0243
0705.0937 0704.1532
0705.0937 0705.0777
0705.0937 0705.0579
0705.0937 0704.0572
0705.0938 0704.2480
0705.0939 0705.0261
0705.0939 0704.0598
0705.0939 0704.1389
0705.0939 0704.2582
0705.0939 0704.2964
0705.0939 0704.2957
0705.0939 0704.3781
0705.0939 0704.0057
0705.0940 0704.3775
0705.0940 0704.1135
0705.0940 0704.2887
0705.0941 0704.2383
0705.0942 0705.0933
0705.0942 0704.1503
0705.0942 0704.3157
0705.0942 0704.2838
0705.0942 0705.0528
0705.0943 0704.0403
0705.0943 0705.0438
0705.0943 0704.0228
0705.0944 0704.1108
0705.0944 0704.2298
0705.0946 0704.1130
0705.0946 0704.0130
0705.0947 0704.1090
0705.0947 0704.1334
0705.0948 0704.0610
0705.0948 0704.0438
0705.0948 0704.2534
0705.0948 0704.1914
0705.0948 0705.0475
0705.0948 0704.3684
0705.0948 0704.1495
0705.0949 0704.2214
0705.0949 0704.2848
0705.0949 0704.1081
0705.0949 0704.2183
0705.0950 0704.3057
0705.0950 0704.2104
0705.0950 0704.3986
0705.0950 0704.3232
0705.0950 0705.0134
0705.0950 0704.1861
0705.0951 0704.2512
0705.0951 0704.0537
0705.0951 0704.3567
0705.0952 0704.0024
0705.0952 0704.3635
0705.0953 0704.1036
0705.0953 0704.0443
0705.0954 0705.0706
0705.0954 0704.0001
0705.0954 0704.2021
0705.0954 0705.0327
0705.0956 0704.0520
0705.0957 0704.1799
0705.0958 0704.0595
0705.0958 0704.3767
0705.0958 0704.3740
0705.0958 0704.3118
0705.0958 0704.1408
0705.0958 0705.0567
0705.0959 0705.0856
0705.0959 0704.2282
0705.0960 0705.0738
0705.0960 0705.0119
0705.0960 0705.0982
0705.0961 0704.2294
0705.0961 0705.0982
0705.0961 0705.0960
0705.0964 0704.1498
0705.0964 0705.0572
0705.0964 0704.2707
0705.0964 0705.0231
0705.0965 0704.0229
0705.0965 0704.0861
0705.0965 0704.1043
0705.0965 0704.0595
0705.0965 0704.1120
0705.0965 0704.1269
0705.0965 0704.3496
0705.0965 0704.3443
0705.0966 0704.3380
0705.0966 0705.0494
0705.0966 0704.0484
0705.0966 0704.0541
0705.0966 0704.0144
0705.0967 0705.0709
0705.0967 0704.3293
0705.0967 0705.0325
0705.0967 0704.0954
0705.0967 0704.3049
0705.0967 0704.2904
0705.0967 0704.0380
0705.0967 0704.0508
0705.0967 0704.3775
0705.0968 0704.1459
0705.0969 0704.0895
0705.0970 0704.0706
0705.0971 0704.0358
0705.0971 0704.3944
0705.0971 0704.0826
0705.0971 0704.2973
0705.0972 0704.1638
0705.0972 0704.0360
0705.0972 0705.0097
0705.0972 0704.0465
0705.0972 0704.1377
0705.0975 0704.2572
0705.0976 0704.0038
0705.0977 0704.2305
0705.0977 0704.2683
0705.0977 0704.2403
0705.0977 0705.0748
0705.0977 0704.2860
0705.0977 0704.0881
0705.0977 0705.0603
0705.0978 0704.3875
0705.0978 0705.0979
0705.0978 0704.3772
0705.0978 0704.3800
0705.0978 0704.1304
0705.0978 0704.1244
0705.0978 0704.1920
0705.0978 0705.0880
0705.0978 0704.2289
0705.0978 0705.0385
0705.0978 0704.3135
0705.0978 0704.2110
0705.0979 0704.3800
0705.0979 0704.0722
0705.0980 0705.0214
0705.0981 0704.2548
0705.0981 0704.1802
0705.0981 0705.0440
0705.0981 0705.0409
0705.0983 0704.0580
0705.0983 0705.0321
0705.0983 0705.0022
0705.0985 0705.0599
0705.0985 0704.3306
0705.0985 0704.1015
0705.0985 0704.2119
0705.0986 0704.1501
0705.0988 0704.1748
0705.0989 0704.2949
0705.0990 0705.0290
0705.0991 0704.1983
0705.0991 0704.3378
0705.0992 0704.1241
0705.0993 0704.3681
0705.0993 0705.0470
0705.0993 0704.0652
0705.0993 0704.2238
0705.0994 0704.3517
0705.0995 0705.0817
0705.0996 0704.1601
0705.0996 0705.0866
0705.0996 0704.1518
0705.0996 0705.0123
0705.0996 0704.2345
0705.0997 0704.1698
0705.0997 0704.3125
0705.0997 0704.3329
0705.0997 0704.3714
0705.0997 0704.1130
0705.0997 0704.2443
0705.0997 0704.2112
